relation_id,source_client_id,target_client_id,type_relation,risk_relation
1,307,1,GARANT,41
2,3841,2,GARANT,56
3,3300,3,GARANT,61
4,2232,4,GARANT,84
5,4231,5,GARANT,74
6,3275,5,GARANT,77
7,270,6,GARANT,37
8,2458,6,GARANT,41
9,4945,7,GARANT,92
10,3853,7,GARANT,92
11,3930,7,GARANT,86
12,677,7,GARANT,95
13,1910,8,GARANT,37
14,2115,8,GARANT,59
15,1901,9,GARANT,45
16,744,10,GARANT,97
17,3870,11,GARANT,90
18,1732,11,GARANT,95
19,2674,12,GARANT,84
20,2090,12,GARANT,78
21,379,12,GARANT,87
22,4432,12,GARANT,73
23,4311,12,GARANT,95
24,1164,12,GARANT,89
25,697,12,GARANT,93
26,3347,12,GARANT,81
27,286,13,GARANT,41
28,4752,13,GARANT,37
29,2352,14,GARANT,97
30,3397,14,GARANT,93
31,3782,14,GARANT,77
32,1822,14,GARANT,85
33,2444,15,GARANT,51
34,202,16,GARANT,87
35,639,16,GARANT,92
36,3190,16,GARANT,97
37,3593,16,GARANT,82
38,4861,16,GARANT,83
39,1472,17,GARANT,52
40,4622,18,GARANT,37
41,2352,18,GARANT,45
42,345,19,GARANT,85
43,3963,19,GARANT,77
44,2367,20,GARANT,75
45,3240,20,GARANT,85
46,1615,20,GARANT,78
47,2643,20,GARANT,90
48,4661,20,GARANT,84
49,664,20,GARANT,95
50,2835,21,GARANT,91
51,452,21,GARANT,80
52,3903,22,GARANT,95
53,2462,22,GARANT,94
54,4253,22,GARANT,82
55,4514,22,GARANT,80
56,1178,23,GARANT,41
57,3625,23,GARANT,39
58,3477,23,GARANT,49
59,561,24,GARANT,95
60,917,24,GARANT,94
61,18,24,GARANT,94
62,3932,24,GARANT,93
63,3251,25,GARANT,45
64,2599,25,GARANT,47
65,3581,25,GARANT,61
66,1170,26,GARANT,42
67,3845,27,GARANT,87
68,2297,27,GARANT,86
69,2800,27,GARANT,73
70,600,27,GARANT,78
71,543,27,GARANT,84
72,3361,27,GARANT,90
73,2340,27,GARANT,95
74,2659,28,GARANT,41
75,454,28,GARANT,38
76,3678,29,GARANT,39
77,2595,29,GARANT,56
78,2891,29,GARANT,50
79,2590,29,GARANT,54
80,3026,30,GARANT,74
81,2871,31,GARANT,41
82,3960,31,GARANT,40
83,1363,31,GARANT,44
84,2845,32,GARANT,72
85,1556,33,GARANT,66
86,2092,33,GARANT,62
87,4960,33,GARANT,48
88,955,33,GARANT,50
89,1356,33,GARANT,40
90,1866,33,GARANT,41
91,4943,34,GARANT,95
92,212,34,GARANT,78
93,4328,34,GARANT,73
94,4169,35,GARANT,41
95,1198,35,GARANT,41
96,4485,36,GARANT,80
97,1772,36,GARANT,90
98,493,36,GARANT,87
99,1993,36,GARANT,93
100,4946,37,GARANT,50
101,3408,37,GARANT,69
102,2076,37,GARANT,37
103,2063,37,GARANT,41
104,2133,37,GARANT,59
105,4066,38,GARANT,80
106,726,38,GARANT,81
107,82,39,GARANT,74
108,349,39,GARANT,93
109,3301,39,GARANT,91
110,2204,39,GARANT,92
111,869,40,GARANT,97
112,2739,40,GARANT,98
113,737,40,GARANT,85
114,3727,40,GARANT,85
115,2374,41,GARANT,76
116,1851,42,GARANT,78
117,1357,42,GARANT,91
118,3384,42,GARANT,89
119,1685,42,GARANT,98
120,201,43,GARANT,81
121,442,43,GARANT,81
122,4744,43,GARANT,82
123,4360,44,GARANT,45
124,2371,44,GARANT,43
125,3350,44,GARANT,46
126,2145,44,GARANT,37
127,1083,44,GARANT,47
128,3758,44,GARANT,43
129,4906,45,GARANT,79
130,3866,45,GARANT,79
131,3519,46,GARANT,94
132,2297,47,GARANT,92
133,1167,47,GARANT,74
134,543,47,GARANT,84
135,4545,47,GARANT,75
136,2309,47,GARANT,91
137,887,48,GARANT,47
138,3271,48,GARANT,45
139,1292,48,GARANT,65
140,3713,49,GARANT,41
141,2472,49,GARANT,47
142,2297,49,GARANT,46
143,829,50,GARANT,40
144,2379,50,GARANT,39
145,4231,50,GARANT,58
146,357,51,GARANT,93
147,2023,51,GARANT,92
148,2620,51,GARANT,84
149,1375,51,GARANT,89
150,661,52,GARANT,88
151,216,52,GARANT,90
152,3274,53,GARANT,52
153,589,53,GARANT,37
154,4034,53,GARANT,48
155,2192,54,GARANT,55
156,3921,54,GARANT,38
157,191,54,GARANT,59
158,815,54,GARANT,50
159,2673,54,GARANT,51
160,775,55,GARANT,39
161,1444,55,GARANT,54
162,3070,55,GARANT,37
163,567,55,GARANT,57
164,3151,55,GARANT,45
165,599,56,GARANT,76
166,2907,56,GARANT,94
167,888,56,GARANT,80
168,4427,57,GARANT,52
169,4912,58,GARANT,88
170,2104,58,GARANT,81
171,2929,58,GARANT,88
172,1309,58,GARANT,72
173,694,59,GARANT,38
174,4823,60,GARANT,48
175,2085,61,GARANT,85
176,2348,61,GARANT,93
177,108,62,GARANT,37
178,310,62,GARANT,56
179,1485,62,GARANT,55
180,2268,63,GARANT,90
181,2315,63,GARANT,84
182,4525,63,GARANT,76
183,2630,64,GARANT,55
184,2482,65,GARANT,85
185,3969,66,GARANT,79
186,4806,66,GARANT,81
187,2712,66,GARANT,86
188,4166,66,GARANT,84
189,1467,67,GARANT,72
190,1830,67,GARANT,95
191,24,67,GARANT,97
192,2920,68,GARANT,75
193,1444,68,GARANT,87
194,1500,69,GARANT,75
195,3443,69,GARANT,90
196,516,70,GARANT,79
197,1041,70,GARANT,90
198,3685,71,GARANT,49
199,3547,72,GARANT,98
200,3767,73,GARANT,59
201,1459,74,GARANT,47
202,367,75,GARANT,89
203,4394,75,GARANT,99
204,990,75,GARANT,78
205,185,76,GARANT,56
206,600,76,GARANT,52
207,2744,76,GARANT,48
208,2717,76,GARANT,46
209,1626,76,GARANT,40
210,1597,77,GARANT,63
211,4070,77,GARANT,55
212,2181,78,GARANT,44
213,4024,79,GARANT,58
214,4844,79,GARANT,51
215,1606,80,GARANT,51
216,1031,80,GARANT,51
217,4661,81,GARANT,53
218,2835,82,GARANT,60
219,1396,82,GARANT,65
220,2690,82,GARANT,39
221,1993,82,GARANT,54
222,4474,82,GARANT,42
223,1048,83,GARANT,42
224,4977,84,GARANT,51
225,4717,85,GARANT,40
226,943,85,GARANT,39
227,804,85,GARANT,47
228,2591,85,GARANT,45
229,112,86,GARANT,80
230,2218,86,GARANT,99
231,4969,86,GARANT,76
232,4495,87,GARANT,74
233,3852,87,GARANT,95
234,4514,87,GARANT,75
235,2767,87,GARANT,85
236,1639,87,GARANT,72
237,3407,88,GARANT,81
238,2911,88,GARANT,83
239,1482,88,GARANT,96
240,418,89,GARANT,50
241,3639,90,GARANT,92
242,1723,91,GARANT,79
243,47,92,GARANT,49
244,4734,93,GARANT,98
245,1290,93,GARANT,72
246,700,93,GARANT,73
247,4127,93,GARANT,96
248,665,94,GARANT,49
249,4025,95,GARANT,45
250,1120,96,GARANT,82
251,3227,96,GARANT,92
252,4534,96,GARANT,73
253,925,97,GARANT,42
254,1084,97,GARANT,56
255,1437,97,GARANT,64
256,4992,98,GARANT,52
257,3867,99,GARANT,46
258,1468,100,GARANT,99
259,2603,100,GARANT,86
260,2125,100,GARANT,76
261,4673,100,GARANT,72
262,910,101,GARANT,78
263,1375,101,GARANT,75
264,107,102,GARANT,47
265,3525,102,GARANT,38
266,4916,102,GARANT,82
267,805,103,GARANT,80
268,2440,104,GARANT,97
269,3415,105,GARANT,93
270,2830,105,GARANT,83
271,890,105,GARANT,96
272,3933,105,GARANT,72
273,3673,106,GARANT,46
274,466,107,GARANT,92
275,4149,107,GARANT,75
276,1890,107,GARANT,75
277,3029,107,GARANT,97
278,4961,107,GARANT,80
279,840,108,GARANT,63
280,2859,108,GARANT,70
281,2455,109,GARANT,90
282,1382,109,GARANT,98
283,2496,109,GARANT,80
284,4840,109,GARANT,97
285,2444,110,GARANT,60
286,52,110,GARANT,43
287,2775,111,GARANT,50
288,2590,112,GARANT,38
289,692,112,GARANT,46
290,2929,113,GARANT,37
291,4179,113,GARANT,44
292,354,113,GARANT,45
293,4729,114,GARANT,75
294,417,114,GARANT,99
295,491,115,GARANT,88
296,697,115,GARANT,98
297,3538,115,GARANT,94
298,2144,115,GARANT,85
299,2886,116,GARANT,93
300,3922,116,GARANT,72
301,3331,117,GARANT,75
302,1440,117,GARANT,95
303,1235,117,GARANT,94
304,2346,117,GARANT,78
305,1695,117,GARANT,86
306,3988,117,GARANT,88
307,4717,118,GARANT,96
308,3751,118,GARANT,88
309,1375,118,GARANT,83
310,622,119,GARANT,40
311,1768,119,GARANT,47
312,4657,119,GARANT,39
313,2138,120,GARANT,75
314,3141,120,GARANT,98
315,4444,120,GARANT,79
316,2304,120,GARANT,86
317,1204,121,GARANT,76
318,1303,121,GARANT,55
319,1188,122,GARANT,53
320,4919,122,GARANT,49
321,4039,122,GARANT,42
322,3892,123,GARANT,94
323,4646,123,GARANT,74
324,4444,124,GARANT,60
325,323,124,GARANT,57
326,2387,124,GARANT,44
327,2546,125,GARANT,82
328,645,125,GARANT,77
329,3870,125,GARANT,80
330,1562,126,GARANT,43
331,4641,126,GARANT,53
332,813,126,GARANT,55
333,4612,126,GARANT,45
334,4637,127,GARANT,88
335,766,127,GARANT,76
336,1198,128,GARANT,88
337,655,128,GARANT,84
338,543,128,GARANT,87
339,52,129,GARANT,47
340,3247,129,GARANT,46
341,134,129,GARANT,47
342,917,129,GARANT,46
343,840,129,GARANT,38
344,4283,130,GARANT,55
345,172,131,GARANT,51
346,2029,132,GARANT,88
347,2853,133,GARANT,64
348,3218,134,GARANT,48
349,4009,134,GARANT,58
350,2069,134,GARANT,50
351,4117,134,GARANT,44
352,1559,135,GARANT,99
353,2457,135,GARANT,92
354,4433,136,GARANT,94
355,4347,136,GARANT,87
356,273,136,GARANT,85
357,969,136,GARANT,96
358,1203,136,GARANT,78
359,1262,137,GARANT,89
360,2819,137,GARANT,98
361,2071,137,GARANT,79
362,364,138,GARANT,59
363,19,139,GARANT,41
364,1629,140,GARANT,97
365,2638,140,GARANT,97
366,505,140,GARANT,74
367,4106,140,GARANT,74
368,133,141,GARANT,83
369,4629,141,GARANT,91
370,255,141,GARANT,95
371,4164,142,GARANT,39
372,3931,142,GARANT,42
373,4355,142,GARANT,46
374,1015,143,GARANT,99
375,1470,143,GARANT,94
376,2860,143,GARANT,93
377,3085,143,GARANT,89
378,3070,143,GARANT,93
379,3566,144,GARANT,39
380,426,144,GARANT,51
381,4053,144,GARANT,54
382,2566,145,GARANT,81
383,2428,145,GARANT,99
384,3992,145,GARANT,95
385,2297,146,GARANT,43
386,3933,146,GARANT,44
387,1634,146,GARANT,60
388,3516,146,GARANT,38
389,3320,146,GARANT,39
390,1059,146,GARANT,55
391,1083,147,GARANT,44
392,200,147,GARANT,42
393,570,147,GARANT,38
394,2058,147,GARANT,53
395,2244,148,GARANT,76
396,2002,148,GARANT,88
397,986,148,GARANT,81
398,1591,148,GARANT,86
399,1378,148,GARANT,84
400,1723,148,GARANT,77
401,3126,149,GARANT,57
402,827,149,GARANT,54
403,1475,150,GARANT,94
404,4694,150,GARANT,90
405,4610,150,GARANT,95
406,2415,150,GARANT,93
407,1615,151,GARANT,84
408,2528,151,GARANT,98
409,4209,151,GARANT,85
410,3635,152,GARANT,77
411,4124,152,GARANT,87
412,2870,153,GARANT,40
413,4145,153,GARANT,58
414,3283,153,GARANT,49
415,559,153,GARANT,61
416,1353,154,GARANT,44
417,943,155,GARANT,92
418,220,155,GARANT,77
419,2917,155,GARANT,91
420,2508,155,GARANT,96
421,4567,156,GARANT,75
422,4670,156,GARANT,89
423,3384,156,GARANT,74
424,3339,156,GARANT,92
425,3055,156,GARANT,74
426,2763,156,GARANT,98
427,3746,156,GARANT,75
428,4729,157,GARANT,43
429,864,158,GARANT,51
430,3932,158,GARANT,54
431,2059,159,GARANT,88
432,2228,159,GARANT,93
433,4946,159,GARANT,94
434,4777,159,GARANT,98
435,638,159,GARANT,79
436,3789,159,GARANT,88
437,181,160,GARANT,74
438,2511,160,GARANT,89
439,726,161,GARANT,76
440,563,161,GARANT,87
441,38,161,GARANT,88
442,2325,161,GARANT,85
443,3303,162,GARANT,86
444,3501,162,GARANT,93
445,4615,162,GARANT,94
446,2562,162,GARANT,85
447,1203,163,GARANT,88
448,715,163,GARANT,98
449,4438,164,GARANT,46
450,847,164,GARANT,45
451,4104,165,GARANT,50
452,730,165,GARANT,50
453,3657,165,GARANT,54
454,310,165,GARANT,46
455,2422,166,GARANT,45
456,3023,167,GARANT,37
457,3595,168,GARANT,44
458,2060,169,GARANT,40
459,4675,169,GARANT,64
460,3809,169,GARANT,51
461,827,169,GARANT,64
462,3126,169,GARANT,44
463,3884,170,GARANT,81
464,3989,170,GARANT,97
465,4307,170,GARANT,93
466,3283,170,GARANT,79
467,4211,170,GARANT,82
468,2583,171,GARANT,49
469,1607,171,GARANT,38
470,1422,172,GARANT,45
471,662,173,GARANT,98
472,614,173,GARANT,74
473,4656,173,GARANT,87
474,2462,174,GARANT,50
475,3830,174,GARANT,44
476,2007,174,GARANT,57
477,547,174,GARANT,41
478,3739,175,GARANT,76
479,2812,175,GARANT,98
480,4680,175,GARANT,82
481,3930,175,GARANT,89
482,2349,175,GARANT,75
483,1756,175,GARANT,90
484,4909,176,GARANT,72
485,3844,176,GARANT,95
486,4812,176,GARANT,83
487,692,177,GARANT,44
488,1332,177,GARANT,54
489,4083,178,GARANT,51
490,4357,178,GARANT,39
491,3362,179,GARANT,75
492,847,179,GARANT,85
493,3674,180,GARANT,72
494,3141,181,GARANT,87
495,2422,181,GARANT,92
496,4124,182,GARANT,48
497,2247,182,GARANT,54
498,1361,183,GARANT,39
499,4895,183,GARANT,61
500,2295,184,GARANT,37
501,1360,184,GARANT,48
502,2206,184,GARANT,57
503,49,185,GARANT,80
504,2615,185,GARANT,97
505,3685,185,GARANT,93
506,2717,185,GARANT,75
507,1659,185,GARANT,99
508,198,185,GARANT,96
509,3412,185,GARANT,79
510,3878,186,GARANT,52
511,4155,186,GARANT,67
512,325,186,GARANT,39
513,605,186,GARANT,43
514,3235,186,GARANT,56
515,4997,186,GARANT,45
516,154,186,GARANT,58
517,3082,187,GARANT,67
518,567,188,GARANT,52
519,3405,189,GARANT,89
520,723,189,GARANT,91
521,4608,189,GARANT,96
522,465,189,GARANT,78
523,1497,189,GARANT,84
524,982,189,GARANT,95
525,3906,190,GARANT,94
526,874,190,GARANT,72
527,4529,191,GARANT,39
528,1439,191,GARANT,44
529,3771,191,GARANT,60
530,267,191,GARANT,47
531,99,192,GARANT,72
532,1079,192,GARANT,73
533,4388,192,GARANT,88
534,4874,192,GARANT,94
535,4744,193,GARANT,78
536,1476,193,GARANT,95
537,1130,194,GARANT,53
538,223,194,GARANT,44
539,3372,194,GARANT,37
540,3933,194,GARANT,42
541,4881,194,GARANT,48
542,4515,195,GARANT,45
543,476,195,GARANT,51
544,3534,196,GARANT,95
545,3253,196,GARANT,94
546,4151,197,GARANT,84
547,108,197,GARANT,84
548,1086,197,GARANT,75
549,561,197,GARANT,91
550,2109,198,GARANT,40
551,2409,198,GARANT,67
552,3320,199,GARANT,58
553,2297,199,GARANT,54
554,2712,199,GARANT,60
555,417,199,GARANT,83
556,4354,200,GARANT,47
557,2330,201,GARANT,76
558,4041,201,GARANT,92
559,129,201,GARANT,77
560,115,202,GARANT,79
561,411,202,GARANT,91
562,2494,203,GARANT,49
563,4955,203,GARANT,59
564,3669,203,GARANT,55
565,2888,203,GARANT,60
566,2457,203,GARANT,53
567,357,204,GARANT,41
568,165,205,GARANT,55
569,3341,206,GARANT,72
570,300,206,GARANT,78
571,4476,206,GARANT,84
572,3516,207,GARANT,83
573,725,207,GARANT,82
574,423,207,GARANT,93
575,790,207,GARANT,82
576,4932,207,GARANT,88
577,2295,207,GARANT,87
578,4229,208,GARANT,79
579,3274,208,GARANT,96
580,3090,208,GARANT,84
581,982,208,GARANT,78
582,4816,208,GARANT,87
583,1758,208,GARANT,83
584,3144,209,GARANT,87
585,3673,209,GARANT,79
586,3443,209,GARANT,84
587,4693,209,GARANT,76
588,702,209,GARANT,84
589,2627,210,GARANT,91
590,2063,210,GARANT,97
591,2388,210,GARANT,75
592,800,210,GARANT,99
593,573,211,GARANT,49
594,4021,212,GARANT,65
595,1526,212,GARANT,59
596,966,212,GARANT,46
597,1341,213,GARANT,53
598,2919,213,GARANT,49
599,2126,214,GARANT,43
600,3955,215,GARANT,89
601,1846,215,GARANT,89
602,4916,215,GARANT,83
603,677,215,GARANT,83
604,4139,216,GARANT,78
605,4656,216,GARANT,88
606,2795,216,GARANT,80
607,4542,216,GARANT,73
608,1508,217,GARANT,40
609,1980,217,GARANT,43
610,2313,217,GARANT,52
611,2309,218,GARANT,61
612,655,218,GARANT,42
613,933,219,GARANT,74
614,2690,219,GARANT,81
615,2687,219,GARANT,88
616,3253,219,GARANT,87
617,2945,220,GARANT,54
618,2659,220,GARANT,51
619,3071,220,GARANT,41
620,2728,220,GARANT,55
621,1608,220,GARANT,37
622,1044,221,GARANT,37
623,3841,221,GARANT,70
624,1486,221,GARANT,42
625,2696,222,GARANT,77
626,1997,223,GARANT,86
627,3048,223,GARANT,86
628,1579,223,GARANT,98
629,2628,223,GARANT,94
630,3705,223,GARANT,87
631,4479,224,GARANT,44
632,694,224,GARANT,46
633,4696,225,GARANT,55
634,4450,225,GARANT,42
635,2668,225,GARANT,47
636,3910,225,GARANT,69
637,2382,226,GARANT,79
638,3985,227,GARANT,78
639,1552,227,GARANT,86
640,4151,227,GARANT,82
641,2434,227,GARANT,73
642,376,227,GARANT,73
643,334,228,GARANT,63
644,4422,229,GARANT,95
645,4134,229,GARANT,73
646,427,229,GARANT,79
647,3029,229,GARANT,81
648,2603,229,GARANT,76
649,3879,230,GARANT,61
650,1607,231,GARANT,73
651,3636,231,GARANT,97
652,79,231,GARANT,84
653,4082,232,GARANT,91
654,4216,232,GARANT,83
655,1701,232,GARANT,91
656,611,232,GARANT,78
657,2783,232,GARANT,90
658,711,233,GARANT,86
659,1913,233,GARANT,86
660,4847,234,GARANT,51
661,334,234,GARANT,56
662,4976,234,GARANT,41
663,2376,235,GARANT,93
664,2236,235,GARANT,80
665,3903,235,GARANT,91
666,606,235,GARANT,91
667,3837,235,GARANT,82
668,4576,235,GARANT,89
669,1533,235,GARANT,72
670,3314,236,GARANT,77
671,3735,236,GARANT,86
672,2329,236,GARANT,76
673,3461,236,GARANT,76
674,2029,236,GARANT,95
675,4614,236,GARANT,99
676,4646,237,GARANT,37
677,2630,237,GARANT,56
678,834,238,GARANT,95
679,4058,238,GARANT,99
680,3396,239,GARANT,75
681,2623,239,GARANT,84
682,4221,239,GARANT,82
683,1484,239,GARANT,74
684,4180,240,GARANT,93
685,143,240,GARANT,84
686,2556,240,GARANT,85
687,4868,240,GARANT,76
688,1458,240,GARANT,77
689,1209,241,GARANT,97
690,4852,242,GARANT,53
691,115,242,GARANT,50
692,3023,242,GARANT,44
693,1470,243,GARANT,77
694,1647,243,GARANT,77
695,2860,243,GARANT,99
696,3085,243,GARANT,92
697,2409,244,GARANT,55
698,23,245,GARANT,74
699,1191,245,GARANT,78
700,4228,245,GARANT,95
701,4327,245,GARANT,89
702,2478,246,GARANT,90
703,2085,246,GARANT,90
704,3875,247,GARANT,93
705,3048,247,GARANT,73
706,3511,248,GARANT,82
707,3603,248,GARANT,87
708,4375,248,GARANT,81
709,4609,248,GARANT,95
710,1615,248,GARANT,85
711,2935,249,GARANT,47
712,4587,249,GARANT,55
713,3582,250,GARANT,50
714,4333,251,GARANT,82
715,2667,251,GARANT,84
716,4585,251,GARANT,80
717,2737,252,GARANT,75
718,4180,252,GARANT,82
719,1548,252,GARANT,88
720,2315,252,GARANT,95
721,2474,252,GARANT,86
722,599,253,GARANT,72
723,1775,254,GARANT,99
724,4551,255,GARANT,59
725,2955,255,GARANT,41
726,2975,255,GARANT,46
727,1799,256,GARANT,76
728,38,256,GARANT,81
729,1219,257,GARANT,77
730,1041,257,GARANT,72
731,2762,257,GARANT,97
732,2993,257,GARANT,84
733,1732,257,GARANT,80
734,583,258,GARANT,88
735,2643,259,GARANT,54
736,11,260,GARANT,83
737,1115,260,GARANT,76
738,3205,260,GARANT,86
739,2769,261,GARANT,44
740,3253,262,GARANT,99
741,3665,262,GARANT,89
742,4138,262,GARANT,85
743,4960,263,GARANT,43
744,3744,263,GARANT,58
745,3085,263,GARANT,57
746,4523,264,GARANT,44
747,2729,264,GARANT,44
748,3852,265,GARANT,79
749,4677,265,GARANT,89
750,4039,265,GARANT,84
751,4434,265,GARANT,74
752,552,265,GARANT,86
753,3896,265,GARANT,94
754,2631,265,GARANT,90
755,2648,266,GARANT,47
756,4776,266,GARANT,44
757,3771,267,GARANT,83
758,4855,267,GARANT,75
759,4919,267,GARANT,76
760,1439,267,GARANT,95
761,3778,268,GARANT,41
762,4793,268,GARANT,41
763,3873,268,GARANT,57
764,3362,269,GARANT,46
765,1647,270,GARANT,44
766,25,270,GARANT,45
767,475,270,GARANT,48
768,1470,270,GARANT,54
769,130,270,GARANT,39
770,2599,270,GARANT,49
771,3758,270,GARANT,40
772,4895,271,GARANT,46
773,2623,271,GARANT,68
774,4283,272,GARANT,40
775,4990,273,GARANT,48
776,4206,274,GARANT,85
777,1402,274,GARANT,99
778,1130,274,GARANT,83
779,344,274,GARANT,94
780,3251,275,GARANT,61
781,240,275,GARANT,57
782,903,275,GARANT,58
783,2719,276,GARANT,39
784,2707,277,GARANT,94
785,1110,277,GARANT,97
786,2104,277,GARANT,95
787,1003,278,GARANT,73
788,236,278,GARANT,82
789,4791,278,GARANT,73
790,1591,279,GARANT,75
791,4507,279,GARANT,90
792,3438,279,GARANT,91
793,2974,279,GARANT,93
794,96,280,GARANT,61
795,4497,280,GARANT,62
796,3989,280,GARANT,46
797,2170,281,GARANT,49
798,4037,282,GARANT,82
799,281,282,GARANT,97
800,1182,282,GARANT,74
801,3337,283,GARANT,37
802,1049,283,GARANT,39
803,4415,283,GARANT,37
804,2163,283,GARANT,51
805,69,283,GARANT,42
806,4732,284,GARANT,49
807,2437,285,GARANT,54
808,1083,285,GARANT,48
809,3172,285,GARANT,58
810,2546,286,GARANT,51
811,88,286,GARANT,47
812,3438,286,GARANT,61
813,1895,286,GARANT,51
814,3205,286,GARANT,55
815,4382,286,GARANT,46
816,2816,287,GARANT,90
817,1048,287,GARANT,78
818,1906,288,GARANT,95
819,2458,288,GARANT,81
820,3859,288,GARANT,95
821,4355,288,GARANT,80
822,3551,289,GARANT,88
823,2304,289,GARANT,83
824,694,289,GARANT,79
825,2569,290,GARANT,96
826,4079,290,GARANT,77
827,3072,290,GARANT,74
828,3170,291,GARANT,81
829,2329,291,GARANT,92
830,2144,291,GARANT,94
831,2696,291,GARANT,99
832,3477,292,GARANT,80
833,3921,292,GARANT,83
834,2537,293,GARANT,64
835,645,293,GARANT,55
836,572,293,GARANT,45
837,2683,293,GARANT,55
838,1288,294,GARANT,39
839,4909,294,GARANT,43
840,4216,295,GARANT,91
841,3581,295,GARANT,88
842,190,295,GARANT,82
843,2371,295,GARANT,97
844,1078,296,GARANT,41
845,2684,296,GARANT,54
846,1685,296,GARANT,50
847,552,296,GARANT,37
848,424,296,GARANT,53
849,1851,296,GARANT,55
850,261,297,GARANT,44
851,291,298,GARANT,81
852,801,298,GARANT,87
853,78,298,GARANT,80
854,2090,298,GARANT,98
855,3028,298,GARANT,96
856,1586,299,GARANT,56
857,1859,300,GARANT,83
858,4205,300,GARANT,98
859,4884,300,GARANT,93
860,2201,300,GARANT,87
861,4989,300,GARANT,79
862,1651,300,GARANT,97
863,1933,301,GARANT,78
864,2692,301,GARANT,81
865,4483,301,GARANT,97
866,1492,301,GARANT,86
867,4932,302,GARANT,92
868,956,302,GARANT,88
869,3093,302,GARANT,90
870,146,302,GARANT,80
871,3898,303,GARANT,78
872,1170,303,GARANT,81
873,703,303,GARANT,76
874,1839,304,GARANT,40
875,4400,304,GARANT,51
876,9,304,GARANT,50
877,1272,305,GARANT,39
878,318,305,GARANT,37
879,3377,306,GARANT,79
880,4090,306,GARANT,88
881,4057,306,GARANT,89
882,1895,307,GARANT,96
883,1934,307,GARANT,98
884,4995,307,GARANT,88
885,2911,307,GARANT,79
886,4083,307,GARANT,90
887,4523,308,GARANT,45
888,1335,309,GARANT,94
889,2415,309,GARANT,77
890,948,310,GARANT,39
891,3240,310,GARANT,42
892,1372,311,GARANT,74
893,2048,311,GARANT,90
894,1575,312,GARANT,98
895,3809,312,GARANT,86
896,4648,312,GARANT,84
897,587,313,GARANT,73
898,4553,313,GARANT,98
899,3764,314,GARANT,41
900,466,314,GARANT,46
901,1403,314,GARANT,46
902,300,314,GARANT,60
903,147,315,GARANT,78
904,2704,315,GARANT,73
905,4960,315,GARANT,84
906,1083,315,GARANT,86
907,3869,316,GARANT,46
908,1533,317,GARANT,64
909,314,318,GARANT,73
910,4214,319,GARANT,41
911,610,319,GARANT,44
912,3139,319,GARANT,49
913,1858,319,GARANT,48
914,3876,319,GARANT,45
915,296,320,GARANT,97
916,3635,320,GARANT,84
917,948,321,GARANT,99
918,1510,321,GARANT,85
919,2044,321,GARANT,78
920,2102,321,GARANT,76
921,14,321,GARANT,80
922,310,321,GARANT,83
923,4269,321,GARANT,76
924,2451,321,GARANT,79
925,2631,322,GARANT,72
926,1533,322,GARANT,83
927,2247,322,GARANT,87
928,3917,322,GARANT,85
929,4228,322,GARANT,86
930,1184,322,GARANT,78
931,1459,322,GARANT,88
932,1156,323,GARANT,42
933,4479,323,GARANT,56
934,2422,323,GARANT,47
935,4308,323,GARANT,56
936,3237,323,GARANT,40
937,1556,324,GARANT,78
938,3581,324,GARANT,81
939,1015,324,GARANT,98
940,2474,324,GARANT,73
941,2506,325,GARANT,84
942,4300,325,GARANT,91
943,962,325,GARANT,76
944,3021,325,GARANT,73
945,1619,325,GARANT,75
946,118,325,GARANT,97
947,458,325,GARANT,72
948,4640,326,GARANT,52
949,895,326,GARANT,38
950,3969,327,GARANT,38
951,157,327,GARANT,54
952,655,327,GARANT,42
953,543,327,GARANT,45
954,3372,327,GARANT,53
955,3477,328,GARANT,85
956,1196,328,GARANT,74
957,3150,328,GARANT,78
958,3340,328,GARANT,91
959,4296,329,GARANT,38
960,2571,329,GARANT,67
961,38,329,GARANT,61
962,1272,329,GARANT,43
963,4311,330,GARANT,57
964,2719,330,GARANT,55
965,3066,330,GARANT,40
966,2239,330,GARANT,41
967,1067,331,GARANT,37
968,4583,331,GARANT,52
969,3896,332,GARANT,99
970,4464,333,GARANT,40
971,1649,333,GARANT,48
972,1497,333,GARANT,49
973,1479,333,GARANT,47
974,4681,333,GARANT,55
975,2776,334,GARANT,38
976,2181,334,GARANT,42
977,4852,334,GARANT,54
978,2854,335,GARANT,97
979,4960,335,GARANT,74
980,1647,335,GARANT,92
981,3994,335,GARANT,76
982,1372,336,GARANT,66
983,2716,336,GARANT,65
984,3899,336,GARANT,44
985,514,337,GARANT,37
986,2979,337,GARANT,54
987,1241,337,GARANT,46
988,956,337,GARANT,44
989,2715,338,GARANT,37
990,2133,338,GARANT,56
991,3156,339,GARANT,73
992,1444,340,GARANT,95
993,249,340,GARANT,96
994,98,340,GARANT,92
995,1691,341,GARANT,82
996,93,341,GARANT,91
997,862,341,GARANT,90
998,3501,341,GARANT,95
999,3271,342,GARANT,80
1000,3382,342,GARANT,95
1001,1322,342,GARANT,75
1002,4357,342,GARANT,76
1003,2580,343,GARANT,78
1004,779,343,GARANT,93
1005,803,343,GARANT,90
1006,2695,343,GARANT,73
1007,720,344,GARANT,94
1008,2605,344,GARANT,75
1009,4967,344,GARANT,79
1010,27,344,GARANT,97
1011,115,345,GARANT,58
1012,2650,346,GARANT,56
1013,4966,347,GARANT,88
1014,2737,347,GARANT,82
1015,497,347,GARANT,88
1016,4354,347,GARANT,74
1017,4395,348,GARANT,42
1018,1732,349,GARANT,46
1019,2540,350,GARANT,76
1020,2930,350,GARANT,77
1021,1248,350,GARANT,92
1022,147,350,GARANT,84
1023,2780,350,GARANT,75
1024,1358,350,GARANT,81
1025,3147,350,GARANT,99
1026,4144,350,GARANT,77
1027,84,351,GARANT,37
1028,292,352,GARANT,88
1029,669,352,GARANT,78
1030,4253,352,GARANT,96
1031,4228,352,GARANT,79
1032,3329,352,GARANT,89
1033,869,352,GARANT,87
1034,2763,352,GARANT,83
1035,3705,353,GARANT,90
1036,2671,353,GARANT,92
1037,3728,353,GARANT,87
1038,1167,353,GARANT,93
1039,3544,353,GARANT,99
1040,474,354,GARANT,46
1041,2060,354,GARANT,44
1042,4310,355,GARANT,60
1043,2541,356,GARANT,57
1044,4737,356,GARANT,45
1045,3934,357,GARANT,82
1046,2258,357,GARANT,83
1047,1858,357,GARANT,98
1048,708,357,GARANT,93
1049,4489,357,GARANT,90
1050,2728,357,GARANT,85
1051,943,357,GARANT,82
1052,4868,358,GARANT,50
1053,1263,358,GARANT,66
1054,874,358,GARANT,42
1055,3203,358,GARANT,40
1056,928,358,GARANT,42
1057,4611,359,GARANT,37
1058,4206,359,GARANT,45
1059,4893,360,GARANT,97
1060,1041,360,GARANT,77
1061,1482,360,GARANT,85
1062,4241,360,GARANT,92
1063,2963,360,GARANT,96
1064,1993,360,GARANT,86
1065,510,361,GARANT,92
1066,3328,361,GARANT,92
1067,2726,361,GARANT,93
1068,4617,362,GARANT,87
1069,2136,362,GARANT,74
1070,3580,362,GARANT,97
1071,3205,363,GARANT,44
1072,4079,363,GARANT,54
1073,4001,363,GARANT,66
1074,3670,363,GARANT,46
1075,2201,364,GARANT,54
1076,466,365,GARANT,72
1077,930,366,GARANT,84
1078,3685,366,GARANT,84
1079,128,366,GARANT,77
1080,4928,366,GARANT,99
1081,1771,367,GARANT,44
1082,3690,368,GARANT,92
1083,4485,368,GARANT,96
1084,2618,369,GARANT,83
1085,1707,369,GARANT,89
1086,3012,370,GARANT,53
1087,3059,370,GARANT,54
1088,1789,370,GARANT,57
1089,1958,371,GARANT,72
1090,2838,371,GARANT,88
1091,4658,372,GARANT,66
1092,2504,372,GARANT,39
1093,2161,373,GARANT,48
1094,290,373,GARANT,41
1095,826,373,GARANT,49
1096,1735,374,GARANT,82
1097,1843,374,GARANT,83
1098,3693,375,GARANT,75
1099,1684,375,GARANT,76
1100,1619,375,GARANT,91
1101,369,375,GARANT,81
1102,220,375,GARANT,98
1103,3458,375,GARANT,78
1104,1045,375,GARANT,74
1105,2367,376,GARANT,93
1106,2703,376,GARANT,96
1107,1645,376,GARANT,79
1108,2379,376,GARANT,77
1109,4936,376,GARANT,77
1110,134,377,GARANT,85
1111,2354,377,GARANT,79
1112,442,377,GARANT,73
1113,69,378,GARANT,85
1114,466,378,GARANT,98
1115,1101,378,GARANT,90
1116,3161,379,GARANT,73
1117,2486,379,GARANT,49
1118,4479,380,GARANT,75
1119,1057,381,GARANT,40
1120,1143,381,GARANT,52
1121,564,382,GARANT,80
1122,1245,382,GARANT,93
1123,1224,382,GARANT,96
1124,3826,382,GARANT,97
1125,484,383,GARANT,99
1126,2950,383,GARANT,99
1127,1825,383,GARANT,98
1128,3202,384,GARANT,50
1129,559,384,GARANT,42
1130,2086,384,GARANT,43
1131,942,384,GARANT,50
1132,4734,385,GARANT,80
1133,1177,385,GARANT,87
1134,2027,385,GARANT,74
1135,4027,385,GARANT,95
1136,3636,385,GARANT,89
1137,1902,385,GARANT,87
1138,2511,386,GARANT,47
1139,777,386,GARANT,39
1140,383,386,GARANT,55
1141,1182,386,GARANT,59
1142,2346,386,GARANT,48
1143,998,387,GARANT,74
1144,4454,387,GARANT,82
1145,2737,388,GARANT,86
1146,3570,388,GARANT,92
1147,1379,388,GARANT,95
1148,2170,389,GARANT,95
1149,2346,389,GARANT,75
1150,3331,389,GARANT,72
1151,1031,390,GARANT,37
1152,2917,390,GARANT,55
1153,4737,390,GARANT,45
1154,1912,391,GARANT,79
1155,553,391,GARANT,54
1156,1439,392,GARANT,44
1157,4495,392,GARANT,57
1158,3469,393,GARANT,74
1159,1823,393,GARANT,79
1160,722,393,GARANT,95
1161,2913,393,GARANT,77
1162,3121,393,GARANT,83
1163,317,394,GARANT,37
1164,2729,394,GARANT,37
1165,724,395,GARANT,78
1166,4381,395,GARANT,91
1167,595,395,GARANT,95
1168,2770,395,GARANT,96
1169,3853,396,GARANT,68
1170,1672,396,GARANT,42
1171,2568,397,GARANT,42
1172,2554,397,GARANT,58
1173,3479,398,GARANT,78
1174,1657,399,GARANT,42
1175,1283,399,GARANT,53
1176,2314,400,GARANT,76
1177,180,400,GARANT,98
1178,243,401,GARANT,42
1179,4428,402,GARANT,72
1180,3876,402,GARANT,81
1181,2496,403,GARANT,79
1182,2383,403,GARANT,84
1183,2592,403,GARANT,83
1184,2870,404,GARANT,95
1185,2228,404,GARANT,82
1186,897,404,GARANT,82
1187,857,404,GARANT,77
1188,4816,404,GARANT,74
1189,2524,404,GARANT,95
1190,4885,405,GARANT,76
1191,495,405,GARANT,82
1192,2772,405,GARANT,98
1193,1050,406,GARANT,76
1194,1315,406,GARANT,96
1195,154,407,GARANT,45
1196,1834,408,GARANT,51
1197,622,408,GARANT,49
1198,780,408,GARANT,44
1199,4581,408,GARANT,60
1200,28,409,GARANT,81
1201,4581,409,GARANT,89
1202,454,409,GARANT,85
1203,4906,410,GARANT,83
1204,2802,411,GARANT,48
1205,2826,411,GARANT,44
1206,3067,412,GARANT,77
1207,4152,412,GARANT,99
1208,583,412,GARANT,94
1209,4091,412,GARANT,92
1210,1863,412,GARANT,85
1211,4139,412,GARANT,97
1212,3218,412,GARANT,81
1213,2744,413,GARANT,43
1214,199,413,GARANT,37
1215,4576,414,GARANT,81
1216,292,414,GARANT,94
1217,3480,414,GARANT,89
1218,306,415,GARANT,37
1219,3833,416,GARANT,47
1220,3186,417,GARANT,38
1221,4166,417,GARANT,41
1222,3870,418,GARANT,77
1223,858,418,GARANT,97
1224,2342,418,GARANT,84
1225,1208,419,GARANT,89
1226,3691,419,GARANT,72
1227,2707,419,GARANT,99
1228,1164,419,GARANT,79
1229,4381,419,GARANT,73
1230,1857,419,GARANT,84
1231,3946,419,GARANT,75
1232,2043,419,GARANT,76
1233,3841,419,GARANT,89
1234,2338,420,GARANT,44
1235,1772,420,GARANT,39
1236,653,420,GARANT,64
1237,4714,421,GARANT,90
1238,1449,421,GARANT,83
1239,3595,422,GARANT,92
1240,2297,422,GARANT,80
1241,3320,422,GARANT,90
1242,2628,423,GARANT,42
1243,199,423,GARANT,42
1244,1861,423,GARANT,39
1245,3554,424,GARANT,42
1246,4677,424,GARANT,52
1247,2219,425,GARANT,37
1248,1651,425,GARANT,45
1249,2399,425,GARANT,44
1250,1257,426,GARANT,74
1251,3251,426,GARANT,99
1252,4890,426,GARANT,88
1253,243,426,GARANT,99
1254,2599,426,GARANT,80
1255,4554,427,GARANT,92
1256,3826,428,GARANT,43
1257,1167,428,GARANT,48
1258,4963,428,GARANT,43
1259,2260,428,GARANT,47
1260,2717,428,GARANT,44
1261,3833,429,GARANT,90
1262,752,429,GARANT,80
1263,1843,430,GARANT,98
1264,3632,430,GARANT,82
1265,3778,430,GARANT,92
1266,2020,430,GARANT,83
1267,4499,430,GARANT,87
1268,813,430,GARANT,92
1269,2907,431,GARANT,49
1270,2516,431,GARANT,40
1271,3501,431,GARANT,58
1272,4568,432,GARANT,81
1273,2089,432,GARANT,77
1274,3273,432,GARANT,83
1275,1794,432,GARANT,91
1276,2071,432,GARANT,85
1277,2079,433,GARANT,79
1278,735,433,GARANT,95
1279,423,434,GARANT,54
1280,1822,435,GARANT,90
1281,692,435,GARANT,90
1282,3624,435,GARANT,90
1283,1559,435,GARANT,72
1284,4379,435,GARANT,81
1285,3690,436,GARANT,77
1286,665,436,GARANT,93
1287,4810,437,GARANT,96
1288,4117,437,GARANT,78
1289,4622,437,GARANT,90
1290,1055,437,GARANT,75
1291,4530,438,GARANT,79
1292,4145,438,GARANT,75
1293,1198,439,GARANT,79
1294,1208,440,GARANT,43
1295,3177,440,GARANT,48
1296,4624,440,GARANT,52
1297,4566,441,GARANT,47
1298,3728,441,GARANT,55
1299,1055,442,GARANT,98
1300,2703,442,GARANT,87
1301,3305,443,GARANT,54
1302,3941,443,GARANT,52
1303,4653,444,GARANT,53
1304,3101,445,GARANT,89
1305,3774,445,GARANT,79
1306,1428,445,GARANT,89
1307,277,446,GARANT,80
1308,3434,446,GARANT,99
1309,2496,446,GARANT,83
1310,1799,447,GARANT,48
1311,3584,448,GARANT,45
1312,2620,449,GARANT,72
1313,2618,449,GARANT,83
1314,3452,449,GARANT,96
1315,4843,449,GARANT,89
1316,1591,450,GARANT,84
1317,738,450,GARANT,98
1318,4178,451,GARANT,57
1319,4223,451,GARANT,75
1320,1239,452,GARANT,45
1321,1784,453,GARANT,48
1322,4464,453,GARANT,43
1323,2874,453,GARANT,51
1324,3215,454,GARANT,54
1325,2154,454,GARANT,45
1326,2087,455,GARANT,59
1327,3015,455,GARANT,63
1328,3994,455,GARANT,62
1329,1520,455,GARANT,51
1330,3975,455,GARANT,55
1331,1130,456,GARANT,83
1332,4566,456,GARANT,98
1333,4628,456,GARANT,80
1334,4111,456,GARANT,98
1335,4928,456,GARANT,72
1336,3685,456,GARANT,99
1337,3728,456,GARANT,78
1338,3907,457,GARANT,74
1339,2317,458,GARANT,40
1340,3094,458,GARANT,55
1341,2308,459,GARANT,73
1342,3530,459,GARANT,39
1343,1298,459,GARANT,52
1344,2999,459,GARANT,46
1345,3441,460,GARANT,89
1346,1280,460,GARANT,80
1347,1178,460,GARANT,84
1348,2778,461,GARANT,49
1349,1647,461,GARANT,42
1350,1906,461,GARANT,46
1351,1356,461,GARANT,45
1352,871,462,GARANT,90
1353,3762,462,GARANT,80
1354,4217,462,GARANT,87
1355,645,462,GARANT,82
1356,32,463,GARANT,73
1357,1469,463,GARANT,84
1358,3946,463,GARANT,75
1359,4204,463,GARANT,78
1360,575,464,GARANT,91
1361,3809,464,GARANT,88
1362,411,464,GARANT,75
1363,1855,464,GARANT,84
1364,4977,464,GARANT,80
1365,1176,465,GARANT,40
1366,4777,465,GARANT,55
1367,1120,465,GARANT,38
1368,489,465,GARANT,49
1369,1890,466,GARANT,83
1370,3280,466,GARANT,96
1371,4884,466,GARANT,80
1372,4961,466,GARANT,89
1373,425,466,GARANT,98
1374,651,466,GARANT,88
1375,3874,467,GARANT,78
1376,1110,468,GARANT,85
1377,4395,468,GARANT,78
1378,3161,468,GARANT,84
1379,474,468,GARANT,91
1380,3827,469,GARANT,55
1381,3152,470,GARANT,76
1382,995,470,GARANT,83
1383,2686,470,GARANT,87
1384,1464,470,GARANT,86
1385,1712,470,GARANT,91
1386,4211,470,GARANT,90
1387,34,470,GARANT,99
1388,166,471,GARANT,44
1389,4946,472,GARANT,72
1390,2763,473,GARANT,74
1391,400,473,GARANT,91
1392,3746,473,GARANT,75
1393,4977,474,GARANT,42
1394,2496,474,GARANT,48
1395,1647,475,GARANT,50
1396,1621,476,GARANT,54
1397,2599,476,GARANT,58
1398,903,476,GARANT,47
1399,1997,477,GARANT,77
1400,199,477,GARANT,82
1401,3361,477,GARANT,93
1402,1534,477,GARANT,81
1403,4089,478,GARANT,91
1404,4276,478,GARANT,97
1405,4263,478,GARANT,98
1406,2085,478,GARANT,83
1407,1613,478,GARANT,78
1408,3873,478,GARANT,92
1409,4116,478,GARANT,76
1410,2441,478,GARANT,78
1411,4522,479,GARANT,46
1412,1095,480,GARANT,41
1413,595,480,GARANT,59
1414,2823,480,GARANT,63
1415,4381,480,GARANT,53
1416,4586,480,GARANT,54
1417,379,480,GARANT,52
1418,1396,481,GARANT,76
1419,1299,481,GARANT,73
1420,1993,481,GARANT,73
1421,1061,481,GARANT,72
1422,443,482,GARANT,84
1423,4347,482,GARANT,93
1424,484,482,GARANT,72
1425,1695,482,GARANT,90
1426,3798,482,GARANT,95
1427,1735,482,GARANT,76
1428,68,483,GARANT,38
1429,579,483,GARANT,47
1430,211,483,GARANT,57
1431,3889,484,GARANT,79
1432,3532,484,GARANT,87
1433,2431,484,GARANT,84
1434,3331,484,GARANT,73
1435,273,484,GARANT,83
1436,2071,484,GARANT,87
1437,3787,485,GARANT,48
1438,2950,485,GARANT,46
1439,1298,485,GARANT,41
1440,1671,485,GARANT,55
1441,3889,485,GARANT,53
1442,911,486,GARANT,86
1443,2792,486,GARANT,93
1444,3673,486,GARANT,85
1445,1403,486,GARANT,82
1446,1890,486,GARANT,78
1447,3337,487,GARANT,48
1448,925,487,GARANT,49
1449,3380,487,GARANT,40
1450,3818,487,GARANT,44
1451,4884,487,GARANT,71
1452,473,488,GARANT,93
1453,332,488,GARANT,81
1454,869,488,GARANT,76
1455,4124,488,GARANT,73
1456,2063,489,GARANT,47
1457,3285,490,GARANT,99
1458,4203,490,GARANT,75
1459,4960,490,GARANT,90
1460,495,491,GARANT,47
1461,2374,492,GARANT,97
1462,1938,492,GARANT,77
1463,4364,492,GARANT,98
1464,4855,492,GARANT,98
1465,4474,493,GARANT,57
1466,1934,493,GARANT,59
1467,1061,493,GARANT,52
1468,2835,493,GARANT,48
1469,949,494,GARANT,85
1470,3419,494,GARANT,98
1471,1316,494,GARANT,79
1472,3538,495,GARANT,48
1473,32,495,GARANT,59
1474,2653,496,GARANT,92
1475,2599,496,GARANT,82
1476,4144,496,GARANT,82
1477,3352,496,GARANT,84
1478,68,496,GARANT,86
1479,190,496,GARANT,98
1480,2783,497,GARANT,82
1481,2262,497,GARANT,89
1482,1058,497,GARANT,80
1483,1940,497,GARANT,79
1484,3695,498,GARANT,74
1485,4179,498,GARANT,81
1486,2731,498,GARANT,76
1487,1823,498,GARANT,93
1488,1248,499,GARANT,46
1489,547,500,GARANT,86
1490,667,501,GARANT,80
1491,2260,501,GARANT,87
1492,3187,501,GARANT,90
1493,4149,502,GARANT,73
1494,1702,502,GARANT,72
1495,69,502,GARANT,77
1496,3265,502,GARANT,97
1497,3824,503,GARANT,50
1498,3269,504,GARANT,57
1499,4137,504,GARANT,46
1500,1135,504,GARANT,37
1501,3969,505,GARANT,96
1502,417,505,GARANT,85
1503,3870,506,GARANT,85
1504,3898,506,GARANT,98
1505,2244,506,GARANT,73
1506,1735,507,GARANT,78
1507,2387,507,GARANT,88
1508,2346,507,GARANT,77
1509,1492,507,GARANT,91
1510,166,507,GARANT,77
1511,4470,508,GARANT,41
1512,424,508,GARANT,48
1513,2192,508,GARANT,41
1514,915,509,GARANT,74
1515,2022,509,GARANT,86
1516,760,509,GARANT,74
1517,567,509,GARANT,90
1518,4240,509,GARANT,77
1519,1166,510,GARANT,39
1520,1336,510,GARANT,53
1521,1672,511,GARANT,78
1522,218,512,GARANT,86
1523,1579,512,GARANT,81
1524,1166,512,GARANT,98
1525,3044,512,GARANT,83
1526,938,512,GARANT,94
1527,4522,513,GARANT,72
1528,4673,513,GARANT,91
1529,457,513,GARANT,93
1530,505,514,GARANT,73
1531,543,514,GARANT,84
1532,3130,514,GARANT,83
1533,437,515,GARANT,77
1534,4215,515,GARANT,98
1535,3692,515,GARANT,74
1536,4104,515,GARANT,91
1537,2404,516,GARANT,76
1538,4995,516,GARANT,84
1539,251,517,GARANT,46
1540,1050,518,GARANT,83
1541,390,518,GARANT,81
1542,2313,518,GARANT,98
1543,454,518,GARANT,88
1544,4581,518,GARANT,94
1545,4777,519,GARANT,43
1546,966,519,GARANT,50
1547,3991,520,GARANT,99
1548,1619,520,GARANT,85
1549,2583,520,GARANT,85
1550,1493,520,GARANT,99
1551,4828,521,GARANT,82
1552,4010,521,GARANT,83
1553,3948,521,GARANT,88
1554,2334,522,GARANT,75
1555,3267,522,GARANT,80
1556,956,522,GARANT,77
1557,4957,523,GARANT,74
1558,3985,523,GARANT,96
1559,81,523,GARANT,88
1560,2643,523,GARANT,82
1561,3067,523,GARANT,83
1562,2371,524,GARANT,84
1563,4053,524,GARANT,89
1564,1765,525,GARANT,97
1565,3931,525,GARANT,98
1566,3570,525,GARANT,82
1567,3825,525,GARANT,81
1568,1340,526,GARANT,84
1569,4835,526,GARANT,87
1570,1882,527,GARANT,84
1571,1280,527,GARANT,90
1572,1702,528,GARANT,70
1573,2904,528,GARANT,48
1574,1756,528,GARANT,43
1575,1576,528,GARANT,46
1576,4898,529,GARANT,81
1577,177,529,GARANT,82
1578,2519,529,GARANT,74
1579,1395,530,GARANT,56
1580,1067,531,GARANT,47
1581,2666,531,GARANT,52
1582,3844,531,GARANT,60
1583,4858,531,GARANT,43
1584,2037,531,GARANT,38
1585,4497,531,GARANT,50
1586,1076,532,GARANT,93
1587,2791,532,GARANT,93
1588,3873,532,GARANT,86
1589,1298,532,GARANT,86
1590,4274,532,GARANT,99
1591,4669,533,GARANT,77
1592,2945,533,GARANT,74
1593,3235,533,GARANT,99
1594,357,533,GARANT,90
1595,4737,533,GARANT,95
1596,1756,534,GARANT,74
1597,4693,534,GARANT,97
1598,3144,534,GARANT,99
1599,11,535,GARANT,44
1600,2835,535,GARANT,41
1601,246,536,GARANT,40
1602,4656,537,GARANT,91
1603,4551,537,GARANT,87
1604,201,537,GARANT,72
1605,1652,537,GARANT,92
1606,661,537,GARANT,95
1607,1179,537,GARANT,85
1608,1447,538,GARANT,47
1609,2241,538,GARANT,47
1610,2228,538,GARANT,43
1611,212,538,GARANT,46
1612,2650,539,GARANT,94
1613,4525,539,GARANT,81
1614,4283,539,GARANT,96
1615,4960,539,GARANT,82
1616,4348,540,GARANT,87
1617,301,540,GARANT,79
1618,3615,541,GARANT,76
1619,2346,542,GARANT,93
1620,740,542,GARANT,85
1621,1126,542,GARANT,87
1622,1182,542,GARANT,99
1623,323,542,GARANT,98
1624,4089,542,GARANT,95
1625,4310,542,GARANT,77
1626,4658,542,GARANT,88
1627,4842,543,GARANT,96
1628,2898,543,GARANT,82
1629,543,544,GARANT,74
1630,1736,544,GARANT,94
1631,2527,544,GARANT,85
1632,1290,545,GARANT,87
1633,3155,545,GARANT,99
1634,3749,546,GARANT,89
1635,4550,546,GARANT,83
1636,4658,546,GARANT,82
1637,694,546,GARANT,83
1638,881,547,GARANT,57
1639,4344,548,GARANT,94
1640,980,548,GARANT,95
1641,361,548,GARANT,79
1642,3519,548,GARANT,80
1643,3884,549,GARANT,96
1644,199,550,GARANT,72
1645,4729,550,GARANT,86
1646,2109,550,GARANT,84
1647,1659,550,GARANT,91
1648,2830,551,GARANT,76
1649,3130,551,GARANT,90
1650,514,551,GARANT,82
1651,3869,551,GARANT,89
1652,952,552,GARANT,47
1653,267,552,GARANT,55
1654,3571,552,GARANT,43
1655,1910,553,GARANT,54
1656,4646,553,GARANT,49
1657,2115,553,GARANT,52
1658,4166,554,GARANT,78
1659,1629,554,GARANT,75
1660,2472,554,GARANT,77
1661,1997,554,GARANT,81
1662,658,554,GARANT,74
1663,2109,554,GARANT,98
1664,818,554,GARANT,83
1665,956,554,GARANT,94
1666,2023,555,GARANT,99
1667,1290,555,GARANT,74
1668,2857,555,GARANT,90
1669,4947,556,GARANT,46
1670,4364,556,GARANT,39
1671,4400,556,GARANT,58
1672,3139,557,GARANT,82
1673,2079,557,GARANT,75
1674,2126,557,GARANT,82
1675,220,557,GARANT,77
1676,2591,557,GARANT,82
1677,4996,557,GARANT,85
1678,4841,558,GARANT,90
1679,143,558,GARANT,77
1680,3368,558,GARANT,87
1681,1738,559,GARANT,86
1682,4681,559,GARANT,82
1683,465,559,GARANT,80
1684,4757,560,GARANT,38
1685,3669,561,GARANT,50
1686,4117,561,GARANT,59
1687,4608,562,GARANT,75
1688,1604,562,GARANT,73
1689,96,562,GARANT,95
1690,4777,562,GARANT,76
1691,3764,563,GARANT,86
1692,364,563,GARANT,97
1693,4205,563,GARANT,87
1694,3589,563,GARANT,83
1695,3960,563,GARANT,84
1696,4989,563,GARANT,73
1697,720,564,GARANT,41
1698,4872,565,GARANT,59
1699,1604,565,GARANT,63
1700,1738,565,GARANT,40
1701,4202,565,GARANT,51
1702,1135,565,GARANT,47
1703,2459,566,GARANT,80
1704,904,566,GARANT,99
1705,917,566,GARANT,74
1706,3097,566,GARANT,96
1707,442,566,GARANT,91
1708,2558,566,GARANT,95
1709,2935,567,GARANT,95
1710,1701,567,GARANT,98
1711,3070,567,GARANT,75
1712,4660,567,GARANT,94
1713,1448,568,GARANT,87
1714,2421,569,GARANT,47
1715,2599,570,GARANT,48
1716,4868,570,GARANT,54
1717,4354,570,GARANT,39
1718,972,570,GARANT,47
1719,4881,571,GARANT,43
1720,2109,571,GARANT,42
1721,3271,572,GARANT,49
1722,3758,573,GARANT,85
1723,2220,573,GARANT,84
1724,4282,573,GARANT,82
1725,1198,574,GARANT,45
1726,1617,574,GARANT,68
1727,744,575,GARANT,82
1728,3543,575,GARANT,74
1729,2826,575,GARANT,93
1730,3746,576,GARANT,44
1731,2374,576,GARANT,47
1732,820,577,GARANT,98
1733,3762,577,GARANT,89
1734,349,577,GARANT,72
1735,1291,577,GARANT,76
1736,3922,577,GARANT,77
1737,1289,578,GARANT,44
1738,4910,579,GARANT,94
1739,955,579,GARANT,82
1740,2525,580,GARANT,90
1741,4485,580,GARANT,96
1742,4863,581,GARANT,61
1743,465,582,GARANT,78
1744,3086,582,GARANT,73
1745,1904,582,GARANT,76
1746,4609,583,GARANT,73
1747,819,583,GARANT,77
1748,2044,583,GARANT,97
1749,1340,583,GARANT,87
1750,3506,584,GARANT,37
1751,3340,584,GARANT,47
1752,3970,584,GARANT,37
1753,834,585,GARANT,46
1754,2386,586,GARANT,94
1755,4242,586,GARANT,89
1756,3070,586,GARANT,96
1757,2816,587,GARANT,98
1758,553,587,GARANT,81
1759,481,587,GARANT,74
1760,2405,588,GARANT,44
1761,1447,589,GARANT,48
1762,2228,589,GARANT,62
1763,2366,589,GARANT,44
1764,3234,589,GARANT,40
1765,4812,589,GARANT,50
1766,4484,589,GARANT,56
1767,2063,589,GARANT,37
1768,1865,590,GARANT,93
1769,942,590,GARANT,87
1770,2205,590,GARANT,77
1771,2816,591,GARANT,48
1772,1607,592,GARANT,38
1773,809,593,GARANT,90
1774,703,593,GARANT,90
1775,665,593,GARANT,84
1776,3719,593,GARANT,78
1777,3470,593,GARANT,92
1778,4516,594,GARANT,50
1779,720,594,GARANT,42
1780,3519,594,GARANT,46
1781,4740,595,GARANT,93
1782,717,595,GARANT,95
1783,403,595,GARANT,88
1784,2456,595,GARANT,86
1785,2554,595,GARANT,72
1786,2398,596,GARANT,98
1787,2070,596,GARANT,79
1788,4980,596,GARANT,74
1789,2268,596,GARANT,86
1790,2253,596,GARANT,97
1791,2125,597,GARANT,67
1792,4953,598,GARANT,40
1793,421,598,GARANT,50
1794,3751,598,GARANT,37
1795,2695,598,GARANT,44
1796,1283,598,GARANT,42
1797,1234,599,GARANT,92
1798,3143,599,GARANT,89
1799,357,599,GARANT,88
1800,4944,600,GARANT,39
1801,78,601,GARANT,55
1802,2235,601,GARANT,37
1803,2362,601,GARANT,69
1804,4495,602,GARANT,79
1805,2412,603,GARANT,92
1806,301,603,GARANT,94
1807,4274,603,GARANT,92
1808,3298,603,GARANT,92
1809,4074,603,GARANT,97
1810,2002,604,GARANT,84
1811,3098,605,GARANT,39
1812,1013,605,GARANT,46
1813,4245,605,GARANT,52
1814,3794,605,GARANT,55
1815,3094,605,GARANT,41
1816,1639,606,GARANT,81
1817,2529,606,GARANT,90
1818,3809,607,GARANT,43
1819,3179,607,GARANT,43
1820,4720,607,GARANT,48
1821,4840,607,GARANT,49
1822,3348,607,GARANT,49
1823,1900,608,GARANT,88
1824,2089,608,GARANT,89
1825,4072,609,GARANT,45
1826,1750,609,GARANT,41
1827,2456,609,GARANT,51
1828,202,609,GARANT,39
1829,3479,610,GARANT,65
1830,2347,610,GARANT,38
1831,2252,610,GARANT,58
1832,2541,610,GARANT,40
1833,1155,610,GARANT,55
1834,2811,611,GARANT,92
1835,1548,611,GARANT,75
1836,1680,611,GARANT,77
1837,1638,611,GARANT,89
1838,610,612,GARANT,92
1839,1177,612,GARANT,97
1840,3523,612,GARANT,79
1841,2744,613,GARANT,62
1842,510,613,GARANT,42
1843,505,613,GARANT,75
1844,4817,613,GARANT,53
1845,4009,614,GARANT,76
1846,1404,614,GARANT,77
1847,2013,614,GARANT,80
1848,1478,615,GARANT,86
1849,795,615,GARANT,96
1850,3566,615,GARANT,93
1851,957,616,GARANT,41
1852,2728,616,GARANT,48
1853,4070,616,GARANT,47
1854,3705,617,GARANT,58
1855,1686,618,GARANT,94
1856,2589,618,GARANT,94
1857,636,618,GARANT,82
1858,1196,618,GARANT,78
1859,1428,618,GARANT,82
1860,541,618,GARANT,91
1861,2960,618,GARANT,95
1862,3674,618,GARANT,76
1863,177,619,GARANT,83
1864,2427,619,GARANT,78
1865,3845,620,GARANT,88
1866,3704,620,GARANT,75
1867,4017,620,GARANT,77
1868,2227,620,GARANT,84
1869,4035,620,GARANT,79
1870,1051,621,GARANT,81
1871,1672,621,GARANT,77
1872,766,621,GARANT,78
1873,2023,622,GARANT,81
1874,1752,622,GARANT,92
1875,1277,622,GARANT,97
1876,3523,622,GARANT,76
1877,1259,623,GARANT,52
1878,738,623,GARANT,38
1879,1170,624,GARANT,82
1880,577,624,GARANT,72
1881,2115,624,GARANT,91
1882,1421,625,GARANT,45
1883,4262,625,GARANT,58
1884,1721,626,GARANT,97
1885,1020,626,GARANT,87
1886,3735,626,GARANT,73
1887,4515,627,GARANT,82
1888,2380,627,GARANT,89
1889,3378,628,GARANT,72
1890,4419,628,GARANT,89
1891,4989,628,GARANT,85
1892,3265,628,GARANT,84
1893,4433,629,GARANT,47
1894,4263,629,GARANT,39
1895,4480,630,GARANT,86
1896,3841,630,GARANT,82
1897,2383,630,GARANT,93
1898,187,630,GARANT,91
1899,84,630,GARANT,88
1900,2529,631,GARANT,40
1901,2304,632,GARANT,49
1902,2422,632,GARANT,48
1903,2415,632,GARANT,47
1904,2033,632,GARANT,58
1905,2330,633,GARANT,87
1906,3740,633,GARANT,87
1907,3008,633,GARANT,95
1908,4966,634,GARANT,40
1909,367,634,GARANT,47
1910,3375,634,GARANT,62
1911,971,634,GARANT,40
1912,865,634,GARANT,49
1913,4089,635,GARANT,73
1914,4347,635,GARANT,93
1915,4935,635,GARANT,90
1916,4460,635,GARANT,75
1917,4505,635,GARANT,76
1918,1624,635,GARANT,75
1919,2116,636,GARANT,46
1920,3833,636,GARANT,56
1921,1196,636,GARANT,50
1922,4179,637,GARANT,67
1923,2929,637,GARANT,62
1924,3202,638,GARANT,44
1925,4790,638,GARANT,50
1926,2228,638,GARANT,37
1927,1507,639,GARANT,99
1928,2746,639,GARANT,89
1929,1309,639,GARANT,78
1930,888,640,GARANT,78
1931,992,640,GARANT,92
1932,375,640,GARANT,89
1933,4761,640,GARANT,93
1934,1902,640,GARANT,73
1935,4127,640,GARANT,72
1936,3579,641,GARANT,54
1937,3372,642,GARANT,77
1938,3685,642,GARANT,76
1939,980,642,GARANT,94
1940,4932,642,GARANT,79
1941,4611,643,GARANT,97
1942,3736,643,GARANT,75
1943,1551,644,GARANT,58
1944,2911,645,GARANT,45
1945,4995,645,GARANT,73
1946,4357,645,GARANT,53
1947,1895,646,GARANT,78
1948,4597,646,GARANT,79
1949,1364,646,GARANT,99
1950,2567,646,GARANT,79
1951,11,646,GARANT,84
1952,4829,646,GARANT,84
1953,3421,647,GARANT,79
1954,3876,647,GARANT,93
1955,3076,648,GARANT,53
1956,4037,648,GARANT,43
1957,3055,649,GARANT,82
1958,3774,649,GARANT,95
1959,4434,650,GARANT,77
1960,3771,650,GARANT,72
1961,3439,650,GARANT,87
1962,1756,651,GARANT,99
1963,4522,651,GARANT,73
1964,1051,651,GARANT,77
1965,4376,652,GARANT,44
1966,2409,652,GARANT,69
1967,3253,653,GARANT,94
1968,3403,653,GARANT,74
1969,587,653,GARANT,83
1970,1364,653,GARANT,92
1971,995,654,GARANT,82
1972,1457,654,GARANT,77
1973,1103,654,GARANT,77
1974,3090,654,GARANT,83
1975,2241,654,GARANT,85
1976,3989,654,GARANT,96
1977,2866,654,GARANT,89
1978,3291,655,GARANT,91
1979,417,655,GARANT,99
1980,554,655,GARANT,83
1981,3034,656,GARANT,83
1982,1193,656,GARANT,97
1983,177,656,GARANT,78
1984,4969,656,GARANT,92
1985,345,657,GARANT,37
1986,3393,658,GARANT,42
1987,4769,658,GARANT,37
1988,417,658,GARANT,63
1989,1740,659,GARANT,85
1990,572,659,GARANT,77
1991,703,659,GARANT,77
1992,1723,659,GARANT,84
1993,1179,660,GARANT,60
1994,1476,660,GARANT,44
1995,895,660,GARANT,37
1996,3932,661,GARANT,77
1997,4517,661,GARANT,87
1998,3985,661,GARANT,89
1999,1332,661,GARANT,88
2000,1339,661,GARANT,75
2001,1293,662,GARANT,79
2002,523,662,GARANT,72
2003,4661,662,GARANT,86
2004,1837,663,GARANT,98
2005,971,663,GARANT,83
2006,4164,663,GARANT,89
2007,130,663,GARANT,74
2008,727,663,GARANT,94
2009,3050,663,GARANT,84
2010,3874,663,GARANT,76
2011,920,663,GARANT,82
2012,4542,664,GARANT,89
2013,4152,664,GARANT,78
2014,4448,665,GARANT,41
2015,261,665,GARANT,51
2016,1080,666,GARANT,86
2017,267,666,GARANT,96
2018,4306,667,GARANT,51
2019,2712,667,GARANT,47
2020,1245,667,GARANT,47
2021,347,668,GARANT,89
2022,2540,668,GARANT,93
2023,2783,668,GARANT,75
2024,500,669,GARANT,40
2025,3916,669,GARANT,63
2026,664,670,GARANT,98
2027,284,670,GARANT,92
2028,4936,670,GARANT,84
2029,134,670,GARANT,96
2030,864,670,GARANT,86
2031,4957,670,GARANT,92
2032,178,671,GARANT,94
2033,665,671,GARANT,92
2034,2816,671,GARANT,80
2035,2002,671,GARANT,75
2036,4961,672,GARANT,54
2037,1182,673,GARANT,37
2038,1492,673,GARANT,61
2039,2475,674,GARANT,41
2040,3393,674,GARANT,40
2041,2599,675,GARANT,88
2042,4283,675,GARANT,83
2043,4183,676,GARANT,94
2044,4884,676,GARANT,97
2045,4031,677,GARANT,58
2046,1059,678,GARANT,93
2047,3650,678,GARANT,80
2048,3393,678,GARANT,79
2049,2628,678,GARANT,94
2050,1135,679,GARANT,81
2051,4211,679,GARANT,84
2052,4848,680,GARANT,45
2053,18,681,GARANT,60
2054,3547,681,GARANT,41
2055,4052,681,GARANT,54
2056,4609,682,GARANT,76
2057,4957,682,GARANT,82
2058,1813,682,GARANT,81
2059,3362,683,GARANT,90
2060,2522,683,GARANT,73
2061,4909,683,GARANT,78
2062,324,684,GARANT,48
2063,2957,685,GARANT,56
2064,1903,686,GARANT,89
2065,4313,686,GARANT,74
2066,1200,686,GARANT,86
2067,3869,686,GARANT,88
2068,1693,686,GARANT,89
2069,4932,686,GARANT,85
2070,4344,686,GARANT,93
2071,1231,687,GARANT,78
2072,3438,687,GARANT,77
2073,1378,687,GARANT,78
2074,2845,688,GARANT,58
2075,1485,689,GARANT,51
2076,3067,689,GARANT,47
2077,4474,690,GARANT,95
2078,4507,690,GARANT,72
2079,2002,690,GARANT,78
2080,4421,690,GARANT,91
2081,1239,690,GARANT,87
2082,2724,690,GARANT,85
2083,2412,691,GARANT,73
2084,2189,691,GARANT,81
2085,4263,691,GARANT,96
2086,3873,691,GARANT,72
2087,4052,692,GARANT,43
2088,2191,692,GARANT,43
2089,2232,692,GARANT,52
2090,4801,693,GARANT,96
2091,273,694,GARANT,43
2092,1904,695,GARANT,92
2093,2870,695,GARANT,79
2094,2761,695,GARANT,96
2095,971,696,GARANT,92
2096,3570,696,GARANT,96
2097,1379,696,GARANT,78
2098,2599,696,GARANT,86
2099,1958,697,GARANT,93
2100,3935,697,GARANT,78
2101,2096,698,GARANT,72
2102,1865,699,GARANT,98
2103,2241,699,GARANT,91
2104,749,699,GARANT,89
2105,1916,699,GARANT,92
2106,4714,700,GARANT,86
2107,598,700,GARANT,85
2108,616,700,GARANT,84
2109,369,700,GARANT,89
2110,1377,701,GARANT,77
2111,40,701,GARANT,96
2112,4220,701,GARANT,94
2113,364,702,GARANT,81
2114,4918,702,GARANT,88
2115,651,702,GARANT,75
2116,1305,702,GARANT,99
2117,940,702,GARANT,97
2118,3592,702,GARANT,97
2119,3762,703,GARANT,81
2120,4263,704,GARANT,76
2121,1440,704,GARANT,77
2122,534,705,GARANT,74
2123,949,705,GARANT,75
2124,1702,705,GARANT,73
2125,364,705,GARANT,99
2126,447,705,GARANT,74
2127,107,705,GARANT,75
2128,2767,706,GARANT,52
2129,4139,707,GARANT,92
2130,2795,707,GARANT,74
2131,3886,707,GARANT,73
2132,3501,708,GARANT,61
2133,2023,708,GARANT,47
2134,4400,709,GARANT,80
2135,3439,709,GARANT,84
2136,2458,710,GARANT,98
2137,3285,710,GARANT,83
2138,2058,710,GARANT,91
2139,1794,711,GARANT,76
2140,2346,711,GARANT,73
2141,389,711,GARANT,83
2142,3305,711,GARANT,93
2143,1327,712,GARANT,49
2144,2027,712,GARANT,40
2145,779,712,GARANT,62
2146,3751,712,GARANT,53
2147,1290,712,GARANT,45
2148,3914,713,GARANT,95
2149,3222,713,GARANT,81
2150,4828,713,GARANT,91
2151,3094,713,GARANT,95
2152,4300,713,GARANT,74
2153,4390,714,GARANT,69
2154,3769,714,GARANT,51
2155,1156,715,GARANT,80
2156,3873,715,GARANT,78
2157,2304,715,GARANT,91
2158,3273,716,GARANT,55
2159,4568,716,GARANT,51
2160,608,716,GARANT,44
2161,1440,716,GARANT,38
2162,4899,716,GARANT,49
2163,2802,717,GARANT,48
2164,1178,718,GARANT,41
2165,1368,718,GARANT,47
2166,1469,719,GARANT,87
2167,1226,719,GARANT,89
2168,2060,719,GARANT,89
2169,639,719,GARANT,89
2170,4611,720,GARANT,75
2171,1894,721,GARANT,58
2172,3398,721,GARANT,39
2173,3114,721,GARANT,43
2174,3270,721,GARANT,45
2175,2731,722,GARANT,91
2176,2913,722,GARANT,74
2177,3989,723,GARANT,46
2178,2286,724,GARANT,38
2179,167,724,GARANT,40
2180,2029,724,GARANT,47
2181,2109,725,GARANT,74
2182,4979,725,GARANT,78
2183,1372,725,GARANT,84
2184,4136,726,GARANT,92
2185,3930,726,GARANT,78
2186,4149,726,GARANT,95
2187,2349,726,GARANT,87
2188,300,726,GARANT,93
2189,4916,726,GARANT,85
2190,2626,727,GARANT,40
2191,2437,727,GARANT,44
2192,389,728,GARANT,50
2193,3095,728,GARANT,46
2194,3375,729,GARANT,97
2195,4622,730,GARANT,43
2196,2853,730,GARANT,47
2197,4810,730,GARANT,52
2198,2888,730,GARANT,56
2199,3397,730,GARANT,37
2200,3021,731,GARANT,99
2201,3764,732,GARANT,75
2202,378,732,GARANT,83
2203,2680,732,GARANT,90
2204,2589,733,GARANT,46
2205,2729,733,GARANT,53
2206,4573,733,GARANT,44
2207,1563,733,GARANT,48
2208,2268,734,GARANT,87
2209,2182,734,GARANT,99
2210,4841,734,GARANT,86
2211,2092,734,GARANT,88
2212,1013,735,GARANT,41
2213,1982,735,GARANT,46
2214,1149,735,GARANT,50
2215,862,735,GARANT,58
2216,708,735,GARANT,45
2217,2695,735,GARANT,41
2218,51,735,GARANT,47
2219,3143,736,GARANT,84
2220,1752,736,GARANT,93
2221,2583,736,GARANT,92
2222,3421,736,GARANT,72
2223,1149,736,GARANT,87
2224,4905,736,GARANT,76
2225,424,737,GARANT,62
2226,4599,737,GARANT,44
2227,4677,737,GARANT,40
2228,645,738,GARANT,83
2229,2702,738,GARANT,77
2230,1292,738,GARANT,83
2231,2891,739,GARANT,57
2232,1487,739,GARANT,38
2233,2170,740,GARANT,46
2234,1476,741,GARANT,51
2235,3740,741,GARANT,49
2236,661,741,GARANT,42
2237,1029,742,GARANT,78
2238,4545,742,GARANT,98
2239,2485,742,GARANT,76
2240,3692,743,GARANT,85
2241,4209,743,GARANT,82
2242,4973,743,GARANT,94
2243,1131,743,GARANT,92
2244,1226,744,GARANT,81
2245,1060,744,GARANT,91
2246,1095,744,GARANT,89
2247,2802,744,GARANT,93
2248,4938,744,GARANT,72
2249,4912,744,GARANT,75
2250,2554,744,GARANT,81
2251,2886,745,GARANT,47
2252,3286,745,GARANT,67
2253,4419,746,GARANT,83
2254,4680,746,GARANT,81
2255,925,746,GARANT,82
2256,2803,746,GARANT,90
2257,4205,746,GARANT,78
2258,1448,746,GARANT,98
2259,2219,746,GARANT,78
2260,4952,746,GARANT,84
2261,4480,747,GARANT,59
2262,2826,747,GARANT,39
2263,4072,747,GARANT,55
2264,4760,748,GARANT,79
2265,246,748,GARANT,80
2266,3156,748,GARANT,87
2267,386,748,GARANT,87
2268,912,748,GARANT,86
2269,3086,749,GARANT,50
2270,2992,750,GARANT,51
2271,2102,750,GARANT,67
2272,2096,750,GARANT,51
2273,3218,750,GARANT,46
2274,3678,750,GARANT,41
2275,4070,751,GARANT,81
2276,1982,751,GARANT,81
2277,2580,751,GARANT,75
2278,2583,751,GARANT,95
2279,4919,752,GARANT,84
2280,292,752,GARANT,78
2281,464,753,GARANT,93
2282,4912,753,GARANT,87
2283,722,753,GARANT,72
2284,4881,754,GARANT,80
2285,543,754,GARANT,76
2286,1188,755,GARANT,48
2287,3155,756,GARANT,48
2288,4564,757,GARANT,79
2289,3579,757,GARANT,73
2290,99,757,GARANT,73
2291,4696,757,GARANT,88
2292,4170,758,GARANT,59
2293,160,758,GARANT,43
2294,127,759,GARANT,95
2295,466,759,GARANT,76
2296,2458,760,GARANT,88
2297,996,760,GARANT,84
2298,3233,760,GARANT,84
2299,1765,761,GARANT,74
2300,2099,761,GARANT,94
2301,2935,761,GARANT,97
2302,497,761,GARANT,72
2303,2599,761,GARANT,77
2304,2780,762,GARANT,97
2305,1520,762,GARANT,87
2306,3579,763,GARANT,59
2307,650,764,GARANT,43
2308,4554,765,GARANT,77
2309,4066,765,GARANT,90
2310,628,765,GARANT,92
2311,911,766,GARANT,88
2312,4884,766,GARANT,98
2313,4422,766,GARANT,85
2314,3012,766,GARANT,80
2315,4626,766,GARANT,85
2316,3742,767,GARANT,50
2317,1843,768,GARANT,92
2318,1156,769,GARANT,61
2319,3773,769,GARANT,57
2320,325,770,GARANT,46
2321,599,770,GARANT,47
2322,1705,770,GARANT,52
2323,2412,771,GARANT,91
2324,1825,771,GARANT,72
2325,1613,771,GARANT,84
2326,2595,772,GARANT,90
2327,1195,772,GARANT,89
2328,3120,773,GARANT,57
2329,3841,773,GARANT,49
2330,2674,773,GARANT,45
2331,4066,774,GARANT,78
2332,3642,774,GARANT,73
2333,466,774,GARANT,96
2334,2325,774,GARANT,89
2335,3180,774,GARANT,91
2336,1470,775,GARANT,42
2337,1257,775,GARANT,48
2338,249,775,GARANT,48
2339,4868,775,GARANT,51
2340,1263,775,GARANT,38
2341,2694,776,GARANT,50
2342,2170,777,GARANT,76
2343,2071,777,GARANT,74
2344,740,777,GARANT,75
2345,4092,778,GARANT,39
2346,2776,778,GARANT,38
2347,4714,779,GARANT,41
2348,1902,779,GARANT,45
2349,1031,780,GARANT,52
2350,2845,781,GARANT,98
2351,2554,781,GARANT,72
2352,1326,781,GARANT,97
2353,2486,781,GARANT,98
2354,2667,782,GARANT,46
2355,124,783,GARANT,96
2356,3972,783,GARANT,92
2357,4785,783,GARANT,77
2358,4533,783,GARANT,78
2359,4785,784,GARANT,77
2360,2706,784,GARANT,94
2361,386,784,GARANT,73
2362,4347,784,GARANT,73
2363,3087,784,GARANT,98
2364,2085,784,GARANT,89
2365,2852,784,GARANT,86
2366,655,785,GARANT,90
2367,3650,785,GARANT,91
2368,344,785,GARANT,91
2369,3614,785,GARANT,77
2370,4166,785,GARANT,86
2371,2349,786,GARANT,92
2372,2667,786,GARANT,87
2373,1448,786,GARANT,97
2374,4918,787,GARANT,75
2375,3768,787,GARANT,72
2376,1916,788,GARANT,99
2377,1103,788,GARANT,82
2378,1430,788,GARANT,92
2379,2388,788,GARANT,88
2380,4801,788,GARANT,86
2381,3764,789,GARANT,46
2382,457,789,GARANT,38
2383,940,789,GARANT,47
2384,4800,790,GARANT,96
2385,3320,790,GARANT,82
2386,930,790,GARANT,95
2387,3866,791,GARANT,78
2388,2755,791,GARANT,89
2389,2220,791,GARANT,97
2390,496,791,GARANT,79
2391,346,791,GARANT,91
2392,3378,792,GARANT,99
2393,2798,792,GARANT,76
2394,2201,792,GARANT,74
2395,3508,792,GARANT,90
2396,4406,792,GARANT,81
2397,1437,792,GARANT,73
2398,1917,792,GARANT,85
2399,3692,793,GARANT,47
2400,561,793,GARANT,49
2401,1467,793,GARANT,37
2402,2459,794,GARANT,81
2403,68,795,GARANT,95
2404,3566,795,GARANT,86
2405,1444,795,GARANT,95
2406,130,795,GARANT,84
2407,3908,795,GARANT,98
2408,1137,796,GARANT,44
2409,3291,796,GARANT,40
2410,848,797,GARANT,75
2411,1636,798,GARANT,96
2412,3285,798,GARANT,85
2413,1289,798,GARANT,75
2414,1248,798,GARANT,76
2415,795,798,GARANT,91
2416,495,799,GARANT,73
2417,2746,799,GARANT,80
2418,2181,799,GARANT,75
2419,1430,800,GARANT,64
2420,2144,801,GARANT,91
2421,2003,801,GARANT,87
2422,2592,801,GARANT,79
2423,1164,801,GARANT,83
2424,81,802,GARANT,49
2425,3241,802,GARANT,62
2426,2891,802,GARANT,46
2427,1539,802,GARANT,40
2428,1739,803,GARANT,56
2429,1608,803,GARANT,37
2430,2620,803,GARANT,47
2431,3636,804,GARANT,46
2432,708,804,GARANT,41
2433,2076,805,GARANT,72
2434,2273,805,GARANT,78
2435,1865,805,GARANT,84
2436,1800,805,GARANT,83
2437,4191,805,GARANT,94
2438,11,806,GARANT,45
2439,1715,806,GARANT,51
2440,3922,807,GARANT,86
2441,871,807,GARANT,88
2442,626,808,GARANT,72
2443,3028,808,GARANT,86
2444,3695,808,GARANT,81
2445,4448,809,GARANT,83
2446,3351,809,GARANT,74
2447,307,809,GARANT,93
2448,4357,809,GARANT,98
2449,1299,809,GARANT,72
2450,4945,810,GARANT,51
2451,3171,810,GARANT,48
2452,1071,810,GARANT,56
2453,3856,811,GARANT,97
2454,1280,811,GARANT,93
2455,3921,811,GARANT,86
2456,3425,811,GARANT,79
2457,4592,811,GARANT,99
2458,4864,811,GARANT,92
2459,314,812,GARANT,82
2460,2219,812,GARANT,98
2461,2871,812,GARANT,87
2462,705,812,GARANT,94
2463,1542,812,GARANT,74
2464,4961,812,GARANT,77
2465,121,813,GARANT,70
2466,383,813,GARANT,46
2467,2346,813,GARANT,40
2468,411,814,GARANT,49
2469,4210,814,GARANT,38
2470,2766,815,GARANT,81
2471,22,815,GARANT,85
2472,650,815,GARANT,99
2473,1493,816,GARANT,85
2474,93,816,GARANT,75
2475,1050,816,GARANT,73
2476,3566,817,GARANT,64
2477,4660,817,GARANT,52
2478,4769,818,GARANT,64
2479,1005,818,GARANT,39
2480,3891,818,GARANT,50
2481,2472,818,GARANT,50
2482,114,818,GARANT,54
2483,193,819,GARANT,39
2484,2500,819,GARANT,47
2485,1732,820,GARANT,51
2486,11,820,GARANT,43
2487,4469,820,GARANT,40
2488,3271,820,GARANT,51
2489,2386,821,GARANT,99
2490,4906,821,GARANT,99
2491,1042,821,GARANT,96
2492,4240,821,GARANT,76
2493,2092,821,GARANT,75
2494,1208,822,GARANT,83
2495,4273,822,GARANT,96
2496,1847,822,GARANT,81
2497,2554,822,GARANT,97
2498,4891,822,GARANT,78
2499,724,823,GARANT,42
2500,3763,824,GARANT,80
2501,1288,824,GARANT,72
2502,2063,824,GARANT,82
2503,3090,824,GARANT,77
2504,3789,824,GARANT,91
2505,2399,825,GARANT,56
2506,787,825,GARANT,41
2507,2299,826,GARANT,49
2508,4179,827,GARANT,82
2509,1958,827,GARANT,86
2510,2496,827,GARANT,83
2511,4480,827,GARANT,84
2512,2346,828,GARANT,79
2513,3298,828,GARANT,52
2514,1838,828,GARANT,59
2515,255,829,GARANT,41
2516,4154,829,GARANT,41
2517,236,830,GARANT,88
2518,1113,831,GARANT,40
2519,955,832,GARANT,44
2520,143,832,GARANT,54
2521,4514,833,GARANT,84
2522,1631,833,GARANT,92
2523,180,833,GARANT,87
2524,2673,833,GARANT,87
2525,541,833,GARANT,98
2526,1124,833,GARANT,90
2527,3818,834,GARANT,81
2528,651,834,GARANT,80
2529,4061,834,GARANT,97
2530,4692,834,GARANT,78
2531,3265,834,GARANT,76
2532,3702,834,GARANT,83
2533,4988,834,GARANT,85
2534,1794,835,GARANT,37
2535,2574,835,GARANT,57
2536,718,836,GARANT,44
2537,673,837,GARANT,86
2538,4258,837,GARANT,86
2539,3941,837,GARANT,76
2540,2189,837,GARANT,89
2541,1810,837,GARANT,72
2542,327,838,GARANT,97
2543,3014,838,GARANT,79
2544,1160,838,GARANT,73
2545,4792,838,GARANT,75
2546,3713,838,GARANT,78
2547,1500,839,GARANT,57
2548,1485,840,GARANT,95
2549,62,840,GARANT,81
2550,1055,840,GARANT,97
2551,2352,840,GARANT,83
2552,1868,841,GARANT,99
2553,1684,841,GARANT,81
2554,1431,842,GARANT,81
2555,379,843,GARANT,88
2556,115,843,GARANT,78
2557,923,844,GARANT,37
2558,1219,845,GARANT,93
2559,2769,845,GARANT,99
2560,1494,845,GARANT,97
2561,194,846,GARANT,86
2562,3891,846,GARANT,86
2563,4729,846,GARANT,80
2564,157,846,GARANT,93
2565,302,846,GARANT,93
2566,3989,847,GARANT,50
2567,4159,848,GARANT,48
2568,2227,848,GARANT,55
2569,4533,849,GARANT,47
2570,969,849,GARANT,57
2571,2108,849,GARANT,52
2572,496,850,GARANT,42
2573,3806,851,GARANT,91
2574,3944,851,GARANT,93
2575,1416,851,GARANT,73
2576,4733,852,GARANT,66
2577,2346,853,GARANT,74
2578,4347,853,GARANT,99
2579,2085,853,GARANT,93
2580,181,853,GARANT,74
2581,1182,853,GARANT,90
2582,484,853,GARANT,72
2583,3041,853,GARANT,93
2584,3305,853,GARANT,94
2585,3607,853,GARANT,88
2586,2297,854,GARANT,95
2587,1372,854,GARANT,74
2588,3705,854,GARANT,79
2589,4881,854,GARANT,83
2590,4106,854,GARANT,73
2591,3186,854,GARANT,84
2592,2100,855,GARANT,79
2593,4890,855,GARANT,82
2594,4180,855,GARANT,83
2595,144,855,GARANT,96
2596,744,856,GARANT,37
2597,1113,856,GARANT,49
2598,4314,856,GARANT,41
2599,4490,856,GARANT,44
2600,4624,856,GARANT,39
2601,2205,857,GARANT,44
2602,3403,858,GARANT,58
2603,1291,858,GARANT,67
2604,3627,859,GARANT,49
2605,2467,859,GARANT,49
2606,282,859,GARANT,54
2607,1972,860,GARANT,85
2608,1063,860,GARANT,82
2609,2455,860,GARANT,73
2610,637,860,GARANT,93
2611,1575,860,GARANT,89
2612,2643,861,GARANT,40
2613,2564,862,GARANT,83
2614,2135,862,GARANT,95
2615,4905,862,GARANT,79
2616,2749,862,GARANT,99
2617,120,863,GARANT,93
2618,2467,863,GARANT,99
2619,2884,863,GARANT,95
2620,853,863,GARANT,75
2621,4641,863,GARANT,86
2622,2853,864,GARANT,76
2623,1131,864,GARANT,94
2624,1476,864,GARANT,88
2625,1470,865,GARANT,67
2626,1238,865,GARANT,42
2627,726,866,GARANT,98
2628,4692,866,GARANT,75
2629,1592,866,GARANT,87
2630,1767,867,GARANT,92
2631,1101,867,GARANT,73
2632,1548,868,GARANT,52
2633,3339,869,GARANT,77
2634,4124,869,GARANT,72
2635,304,869,GARANT,86
2636,2766,869,GARANT,80
2637,1269,870,GARANT,42
2638,312,870,GARANT,42
2639,3159,870,GARANT,48
2640,1941,870,GARANT,47
2641,493,871,GARANT,83
2642,4507,871,GARANT,79
2643,4474,871,GARANT,79
2644,809,871,GARANT,79
2645,1608,872,GARANT,75
2646,2778,873,GARANT,81
2647,3482,873,GARANT,85
2648,2420,874,GARANT,85
2649,677,875,GARANT,91
2650,466,875,GARANT,92
2651,4989,875,GARANT,93
2652,2219,875,GARANT,80
2653,4436,875,GARANT,79
2654,2399,875,GARANT,93
2655,4675,876,GARANT,97
2656,354,876,GARANT,97
2657,480,876,GARANT,88
2658,4740,876,GARANT,90
2659,4787,876,GARANT,81
2660,1779,877,GARANT,38
2661,1856,877,GARANT,68
2662,1673,878,GARANT,44
2663,3554,878,GARANT,57
2664,2376,878,GARANT,46
2665,3786,878,GARANT,40
2666,2192,878,GARANT,40
2667,1757,879,GARANT,77
2668,2976,879,GARANT,97
2669,4470,880,GARANT,59
2670,1237,880,GARANT,47
2671,2839,881,GARANT,91
2672,3727,881,GARANT,73
2673,3721,881,GARANT,73
2674,3150,882,GARANT,90
2675,2374,882,GARANT,74
2676,4007,882,GARANT,98
2677,4434,882,GARANT,92
2678,2069,883,GARANT,96
2679,2434,883,GARANT,75
2680,4215,883,GARANT,80
2681,4656,883,GARANT,82
2682,4359,884,GARANT,87
2683,2181,884,GARANT,80
2684,4201,884,GARANT,73
2685,2235,884,GARANT,82
2686,2537,885,GARANT,79
2687,2886,885,GARANT,82
2688,738,885,GARANT,77
2689,3336,886,GARANT,58
2690,1058,886,GARANT,56
2691,1416,886,GARANT,41
2692,3301,887,GARANT,81
2693,1912,887,GARANT,78
2694,1910,887,GARANT,91
2695,2569,887,GARANT,99
2696,3799,888,GARANT,72
2697,1834,889,GARANT,80
2698,2905,889,GARANT,79
2699,4844,889,GARANT,80
2700,2564,889,GARANT,75
2701,4538,889,GARANT,97
2702,3914,889,GARANT,81
2703,375,889,GARANT,91
2704,1864,890,GARANT,99
2705,3532,891,GARANT,59
2706,2624,891,GARANT,38
2707,4855,892,GARANT,94
2708,2589,892,GARANT,72
2709,400,892,GARANT,84
2710,3002,892,GARANT,72
2711,857,893,GARANT,91
2712,4033,893,GARANT,72
2713,2686,893,GARANT,74
2714,3867,893,GARANT,95
2715,4469,894,GARANT,88
2716,2769,894,GARANT,97
2717,2702,894,GARANT,84
2718,3657,895,GARANT,48
2719,2888,895,GARANT,45
2720,4151,895,GARANT,63
2721,2558,895,GARANT,42
2722,4422,896,GARANT,50
2723,489,897,GARANT,47
2724,294,897,GARANT,61
2725,415,898,GARANT,45
2726,3340,898,GARANT,48
2727,3357,899,GARANT,39
2728,870,899,GARANT,56
2729,844,900,GARANT,96
2730,3851,900,GARANT,90
2731,2431,900,GARANT,83
2732,107,901,GARANT,56
2733,881,902,GARANT,97
2734,1639,902,GARANT,91
2735,3635,902,GARANT,80
2736,952,902,GARANT,91
2737,270,903,GARANT,62
2738,2599,903,GARANT,61
2739,4868,903,GARANT,48
2740,3511,904,GARANT,63
2741,3669,904,GARANT,66
2742,435,904,GARANT,52
2743,1036,904,GARANT,41
2744,1164,905,GARANT,42
2745,1269,905,GARANT,49
2746,898,906,GARANT,99
2747,752,906,GARANT,91
2748,3150,906,GARANT,89
2749,1010,906,GARANT,80
2750,3311,906,GARANT,80
2751,3625,907,GARANT,48
2752,191,907,GARANT,44
2753,320,907,GARANT,46
2754,3442,908,GARANT,39
2755,2860,908,GARANT,46
2756,229,909,GARANT,97
2757,38,909,GARANT,98
2758,3739,909,GARANT,99
2759,4746,909,GARANT,80
2760,3672,910,GARANT,41
2761,1149,910,GARANT,49
2762,2542,911,GARANT,46
2763,1073,911,GARANT,55
2764,2441,912,GARANT,96
2765,2138,912,GARANT,74
2766,1671,912,GARANT,94
2767,2570,912,GARANT,87
2768,2041,913,GARANT,80
2769,2775,913,GARANT,89
2770,4408,913,GARANT,89
2771,4929,913,GARANT,95
2772,383,914,GARANT,82
2773,1919,914,GARANT,72
2774,923,914,GARANT,93
2775,1794,914,GARANT,76
2776,1394,915,GARANT,79
2777,775,915,GARANT,74
2778,4137,916,GARANT,95
2779,2649,916,GARANT,89
2780,4681,916,GARANT,95
2781,208,916,GARANT,98
2782,538,916,GARANT,72
2783,2063,916,GARANT,92
2784,193,917,GARANT,80
2785,1340,917,GARANT,83
2786,4936,917,GARANT,81
2787,1086,917,GARANT,75
2788,1036,917,GARANT,75
2789,2731,918,GARANT,83
2790,2329,918,GARANT,95
2791,3152,919,GARANT,48
2792,982,919,GARANT,61
2793,1971,919,GARANT,51
2794,1758,919,GARANT,51
2795,4156,920,GARANT,48
2796,1422,920,GARANT,43
2797,609,921,GARANT,50
2798,3558,921,GARANT,64
2799,2029,921,GARANT,66
2800,403,921,GARANT,65
2801,3314,921,GARANT,67
2802,827,921,GARANT,58
2803,4419,922,GARANT,95
2804,1700,922,GARANT,87
2805,3012,922,GARANT,90
2806,365,922,GARANT,81
2807,746,922,GARANT,91
2808,3532,923,GARANT,98
2809,1475,923,GARANT,72
2810,3385,923,GARANT,72
2811,323,924,GARANT,47
2812,4884,925,GARANT,41
2813,4061,925,GARANT,47
2814,3642,926,GARANT,95
2815,378,926,GARANT,74
2816,1231,927,GARANT,72
2817,4346,927,GARANT,73
2818,2653,928,GARANT,45
2819,4348,929,GARANT,92
2820,1203,929,GARANT,85
2821,2692,929,GARANT,93
2822,1704,930,GARANT,55
2823,1237,931,GARANT,94
2824,4434,931,GARANT,85
2825,154,932,GARANT,86
2826,4428,932,GARANT,99
2827,1715,933,GARANT,76
2828,2525,933,GARANT,95
2829,4582,933,GARANT,73
2830,1061,933,GARANT,85
2831,307,933,GARANT,96
2832,481,933,GARANT,90
2833,4485,933,GARANT,91
2834,3794,934,GARANT,46
2835,1347,934,GARANT,43
2836,4050,934,GARANT,41
2837,2023,934,GARANT,56
2838,262,935,GARANT,82
2839,1664,936,GARANT,55
2840,2763,936,GARANT,56
2841,1095,937,GARANT,51
2842,2297,938,GARANT,83
2843,1372,938,GARANT,91
2844,1539,939,GARANT,93
2845,1293,939,GARANT,96
2846,1830,939,GARANT,73
2847,661,939,GARANT,94
2848,4415,940,GARANT,51
2849,989,941,GARANT,37
2850,3219,941,GARANT,62
2851,3037,941,GARANT,37
2852,547,941,GARANT,43
2853,2063,942,GARANT,55
2854,3086,942,GARANT,37
2855,4996,943,GARANT,44
2856,4169,944,GARANT,74
2857,1029,944,GARANT,84
2858,652,944,GARANT,87
2859,49,944,GARANT,75
2860,218,944,GARANT,80
2861,3845,944,GARANT,76
2862,4944,944,GARANT,79
2863,3742,944,GARANT,74
2864,361,944,GARANT,95
2865,3044,944,GARANT,81
2866,3826,944,GARANT,95
2867,1894,945,GARANT,87
2868,99,945,GARANT,80
2869,3165,945,GARANT,77
2870,4970,946,GARANT,99
2871,1327,946,GARANT,83
2872,962,946,GARANT,86
2873,644,946,GARANT,82
2874,2626,947,GARANT,89
2875,2783,947,GARANT,78
2876,3906,947,GARANT,91
2877,4104,948,GARANT,54
2878,2703,948,GARANT,50
2879,4569,949,GARANT,82
2880,4031,949,GARANT,77
2881,1084,949,GARANT,86
2882,2871,950,GARANT,59
2883,3593,951,GARANT,80
2884,4378,951,GARANT,81
2885,2568,951,GARANT,98
2886,2617,951,GARANT,91
2887,4586,951,GARANT,99
2888,3340,952,GARANT,83
2889,1188,952,GARANT,87
2890,4529,952,GARANT,85
2891,2314,952,GARANT,75
2892,2529,952,GARANT,78
2893,4885,953,GARANT,72
2894,2554,953,GARANT,41
2895,595,953,GARANT,53
2896,378,954,GARANT,48
2897,4060,955,GARANT,98
2898,3581,955,GARANT,75
2899,249,955,GARANT,77
2900,3566,955,GARANT,93
2901,4053,955,GARANT,74
2902,476,955,GARANT,97
2903,4587,955,GARANT,92
2904,417,956,GARANT,73
2905,114,956,GARANT,91
2906,4166,956,GARANT,89
2907,1029,956,GARANT,93
2908,369,957,GARANT,46
2909,4155,957,GARANT,43
2910,4581,957,GARANT,44
2911,3072,958,GARANT,96
2912,2525,958,GARANT,85
2913,1239,958,GARANT,97
2914,3596,959,GARANT,77
2915,4823,959,GARANT,73
2916,3165,959,GARANT,77
2917,3071,960,GARANT,47
2918,1878,960,GARANT,42
2919,1980,960,GARANT,42
2920,3531,961,GARANT,93
2921,1901,961,GARANT,99
2922,2317,962,GARANT,63
2923,737,963,GARANT,72
2924,952,963,GARANT,91
2925,2851,963,GARANT,81
2926,2589,964,GARANT,43
2927,4201,965,GARANT,88
2928,2350,967,GARANT,83
2929,4262,967,GARANT,88
2930,3989,968,GARANT,51
2931,3114,968,GARANT,45
2932,1735,969,GARANT,90
2933,2950,969,GARANT,92
2934,844,969,GARANT,89
2935,1475,969,GARANT,94
2936,4088,970,GARANT,37
2937,3087,970,GARANT,48
2938,4694,970,GARANT,41
2939,2599,971,GARANT,72
2940,2854,971,GARANT,93
2941,358,972,GARANT,40
2942,367,972,GARANT,41
2943,1567,973,GARANT,95
2944,2866,973,GARANT,99
2945,4378,974,GARANT,62
2946,2719,974,GARANT,47
2947,3190,974,GARANT,44
2948,1434,974,GARANT,50
2949,354,974,GARANT,45
2950,1857,974,GARANT,45
2951,3145,975,GARANT,77
2952,949,975,GARANT,72
2953,3739,975,GARANT,97
2954,4136,975,GARANT,82
2955,2823,976,GARANT,80
2956,1469,976,GARANT,92
2957,2060,976,GARANT,95
2958,4314,976,GARANT,73
2959,3867,977,GARANT,40
2960,1971,977,GARANT,48
2961,2573,978,GARANT,79
2962,1913,978,GARANT,81
2963,267,979,GARANT,47
2964,3917,979,GARANT,39
2965,606,979,GARANT,37
2966,1839,979,GARANT,37
2967,890,980,GARANT,76
2968,1629,980,GARANT,97
2969,4485,981,GARANT,82
2970,2338,981,GARANT,99
2971,894,981,GARANT,98
2972,481,981,GARANT,78
2973,1299,981,GARANT,73
2974,4307,982,GARANT,95
2975,2012,982,GARANT,95
2976,4033,982,GARANT,94
2977,4238,982,GARANT,88
2978,800,983,GARANT,97
2979,3263,983,GARANT,97
2980,4823,983,GARANT,77
2981,2063,983,GARANT,77
2982,465,983,GARANT,99
2983,4675,984,GARANT,98
2984,4395,984,GARANT,90
2985,2496,985,GARANT,99
2986,2707,985,GARANT,89
2987,831,985,GARANT,92
2988,3726,986,GARANT,37
2989,3017,986,GARANT,47
2990,2338,986,GARANT,47
2991,826,987,GARANT,72
2992,2816,987,GARANT,91
2993,3470,987,GARANT,98
2994,2296,987,GARANT,95
2995,3278,988,GARANT,59
2996,1170,988,GARANT,53
2997,4327,989,GARANT,73
2998,3377,989,GARANT,98
2999,3251,990,GARANT,47
3000,4535,991,GARANT,73
3001,2513,991,GARANT,93
3002,3038,991,GARANT,96
3003,2182,991,GARANT,91
3004,2027,992,GARANT,96
3005,495,993,GARANT,79
3006,405,993,GARANT,91
3007,1075,994,GARANT,80
3008,3889,994,GARANT,82
3009,542,994,GARANT,72
3010,1436,995,GARANT,56
3011,4681,995,GARANT,43
3012,2513,996,GARANT,99
3013,903,996,GARANT,81
3014,580,997,GARANT,83
3015,2525,997,GARANT,94
3016,1388,997,GARANT,93
3017,3227,998,GARANT,46
3018,1784,998,GARANT,40
3019,4777,998,GARANT,38
3020,2070,999,GARANT,49
3021,611,999,GARANT,41
3022,4868,999,GARANT,45
3023,4387,999,GARANT,50
3024,129,1000,GARANT,42
3025,4509,1000,GARANT,56
3026,4702,1000,GARANT,50
3027,4117,1000,GARANT,40
3028,1063,1001,GARANT,39
3029,3023,1001,GARANT,52
3030,2592,1001,GARANT,74
3031,2919,1001,GARANT,41
3032,2913,1001,GARANT,54
3033,3341,1002,GARANT,86
3034,3589,1002,GARANT,86
3035,107,1002,GARANT,72
3036,4918,1002,GARANT,97
3037,2823,1003,GARANT,38
3038,722,1003,GARANT,50
3039,3841,1003,GARANT,47
3040,626,1003,GARANT,52
3041,1750,1003,GARANT,50
3042,1434,1003,GARANT,60
3043,78,1003,GARANT,40
3044,4199,1004,GARANT,86
3045,1029,1005,GARANT,45
3046,1997,1005,GARANT,44
3047,28,1006,GARANT,84
3048,2562,1006,GARANT,81
3049,4274,1007,GARANT,78
3050,694,1007,GARANT,86
3051,4444,1007,GARANT,82
3052,273,1007,GARANT,99
3053,2387,1007,GARANT,76
3054,3075,1008,GARANT,80
3055,4717,1008,GARANT,80
3056,2695,1008,GARANT,87
3057,1283,1008,GARANT,85
3058,605,1009,GARANT,90
3059,3751,1009,GARANT,98
3060,1627,1010,GARANT,57
3061,1356,1011,GARANT,45
3062,2812,1012,GARANT,91
3063,4988,1012,GARANT,72
3064,1049,1012,GARANT,79
3065,1149,1013,GARANT,84
3066,4489,1013,GARANT,72
3067,4070,1013,GARANT,89
3068,2583,1013,GARANT,90
3069,708,1013,GARANT,92
3070,1303,1014,GARANT,86
3071,3300,1014,GARANT,88
3072,1671,1014,GARANT,83
3073,2420,1015,GARANT,73
3074,3375,1015,GARANT,74
3075,2371,1015,GARANT,90
3076,200,1015,GARANT,99
3077,1701,1015,GARANT,72
3078,3771,1016,GARANT,87
3079,3727,1016,GARANT,93
3080,2766,1016,GARANT,95
3081,2529,1016,GARANT,87
3082,675,1017,GARANT,89
3083,1101,1018,GARANT,54
3084,3589,1018,GARANT,38
3085,4058,1018,GARANT,50
3086,4406,1018,GARANT,48
3087,4637,1018,GARANT,41
3088,534,1018,GARANT,61
3089,597,1018,GARANT,54
3090,4576,1019,GARANT,82
3091,122,1019,GARANT,80
3092,4220,1019,GARANT,81
3093,328,1019,GARANT,92
3094,724,1020,GARANT,81
3095,32,1020,GARANT,88
3096,2147,1021,GARANT,96
3097,1692,1021,GARANT,77
3098,853,1021,GARANT,77
3099,2180,1021,GARANT,74
3100,2051,1021,GARANT,95
3101,3972,1021,GARANT,89
3102,4483,1021,GARANT,93
3103,3298,1021,GARANT,96
3104,550,1022,GARANT,70
3105,4134,1023,GARANT,80
3106,3739,1023,GARANT,97
3107,2571,1023,GARANT,74
3108,1700,1023,GARANT,83
3109,4680,1023,GARANT,98
3110,2744,1024,GARANT,98
3111,1997,1024,GARANT,83
3112,4064,1024,GARANT,90
3113,2628,1024,GARANT,84
3114,3395,1024,GARANT,93
3115,2409,1024,GARANT,72
3116,441,1025,GARANT,39
3117,600,1025,GARANT,50
3118,2379,1026,GARANT,89
3119,4041,1026,GARANT,78
3120,3980,1026,GARANT,90
3121,133,1026,GARANT,81
3122,1757,1027,GARANT,96
3123,4696,1027,GARANT,94
3124,2866,1027,GARANT,85
3125,1779,1027,GARANT,93
3126,205,1028,GARANT,79
3127,523,1028,GARANT,85
3128,1510,1028,GARANT,77
3129,1962,1028,GARANT,96
3130,2632,1028,GARANT,95
3131,4166,1029,GARANT,39
3132,4588,1030,GARANT,81
3133,4536,1030,GARANT,97
3134,4844,1031,GARANT,81
3135,1149,1031,GARANT,88
3136,4714,1031,GARANT,97
3137,2583,1031,GARANT,76
3138,1902,1031,GARANT,91
3139,2580,1031,GARANT,81
3140,1684,1032,GARANT,57
3141,375,1032,GARANT,50
3142,1493,1032,GARANT,65
3143,3341,1033,GARANT,78
3144,4989,1033,GARANT,74
3145,2742,1033,GARANT,85
3146,4061,1033,GARANT,96
3147,2890,1034,GARANT,41
3148,3274,1034,GARANT,49
3149,3421,1035,GARANT,37
3150,2562,1035,GARANT,42
3151,948,1036,GARANT,55
3152,2089,1037,GARANT,78
3153,2396,1038,GARANT,89
3154,925,1039,GARANT,57
3155,1071,1039,GARANT,56
3156,3762,1040,GARANT,82
3157,820,1041,GARANT,91
3158,3368,1042,GARANT,95
3159,3744,1042,GARANT,99
3160,2755,1042,GARANT,80
3161,4283,1042,GARANT,79
3162,1239,1043,GARANT,95
3163,4217,1043,GARANT,81
3164,3538,1044,GARANT,53
3165,4490,1044,GARANT,42
3166,3963,1044,GARANT,44
3167,32,1044,GARANT,39
3168,2695,1045,GARANT,76
3169,4245,1045,GARANT,73
3170,4997,1045,GARANT,76
3171,1902,1045,GARANT,78
3172,4070,1045,GARANT,83
3173,3501,1045,GARANT,73
3174,2156,1046,GARANT,97
3175,4675,1046,GARANT,77
3176,1857,1046,GARANT,83
3177,2687,1047,GARANT,87
3178,462,1047,GARANT,93
3179,933,1047,GARANT,80
3180,4138,1048,GARANT,91
3181,1494,1048,GARANT,97
3182,1799,1049,GARANT,87
3183,1158,1049,GARANT,77
3184,2317,1050,GARANT,45
3185,2620,1050,GARANT,50
3186,4061,1051,GARANT,82
3187,4569,1051,GARANT,89
3188,447,1051,GARANT,92
3189,2978,1051,GARANT,82
3190,2219,1051,GARANT,80
3191,2925,1052,GARANT,87
3192,2092,1052,GARANT,79
3193,1806,1052,GARANT,85
3194,2387,1053,GARANT,41
3195,1568,1053,GARANT,54
3196,2852,1053,GARANT,51
3197,1182,1053,GARANT,51
3198,2478,1053,GARANT,51
3199,622,1054,GARANT,85
3200,3905,1054,GARANT,94
3201,3418,1054,GARANT,92
3202,402,1054,GARANT,81
3203,3511,1055,GARANT,54
3204,4152,1055,GARANT,53
3205,3218,1055,GARANT,39
3206,4327,1056,GARANT,79
3207,652,1057,GARANT,50
3208,417,1057,GARANT,53
3209,2783,1058,GARANT,41
3210,3172,1058,GARANT,41
3211,1167,1059,GARANT,59
3212,3899,1059,GARANT,61
3213,3538,1060,GARANT,82
3214,918,1060,GARANT,92
3215,3126,1060,GARANT,76
3216,1110,1060,GARANT,85
3217,2496,1060,GARANT,76
3218,4507,1061,GARANT,48
3219,1531,1062,GARANT,82
3220,226,1062,GARANT,96
3221,894,1062,GARANT,99
3222,2456,1063,GARANT,96
3223,688,1063,GARANT,76
3224,3963,1063,GARANT,94
3225,2618,1064,GARANT,51
3226,217,1064,GARANT,54
3227,4737,1064,GARANT,48
3228,1878,1064,GARANT,45
3229,4656,1065,GARANT,44
3230,4345,1065,GARANT,39
3231,4348,1066,GARANT,52
3232,3530,1066,GARANT,39
3233,3474,1067,GARANT,86
3234,189,1067,GARANT,82
3235,3746,1068,GARANT,48
3236,4057,1068,GARANT,46
3237,3002,1069,GARANT,91
3238,87,1069,GARANT,85
3239,2708,1069,GARANT,96
3240,1376,1070,GARANT,43
3241,967,1070,GARANT,41
3242,1595,1070,GARANT,40
3243,714,1070,GARANT,59
3244,2904,1071,GARANT,89
3245,4031,1071,GARANT,99
3246,243,1072,GARANT,48
3247,1015,1072,GARANT,46
3248,1394,1072,GARANT,47
3249,1158,1073,GARANT,95
3250,677,1073,GARANT,72
3251,4415,1073,GARANT,98
3252,1051,1073,GARANT,81
3253,2680,1073,GARANT,86
3254,4975,1074,GARANT,57
3255,1951,1074,GARANT,69
3256,166,1075,GARANT,39
3257,2189,1075,GARANT,46
3258,2706,1076,GARANT,86
3259,2511,1076,GARANT,97
3260,4192,1076,GARANT,79
3261,1825,1076,GARANT,90
3262,2073,1076,GARANT,83
3263,859,1076,GARANT,79
3264,3664,1077,GARANT,56
3265,4208,1077,GARANT,45
3266,4124,1078,GARANT,58
3267,1738,1079,GARANT,75
3268,1120,1079,GARANT,83
3269,2557,1079,GARANT,97
3270,4523,1080,GARANT,58
3271,40,1080,GARANT,44
3272,3601,1081,GARANT,48
3273,1269,1082,GARANT,44
3274,773,1082,GARANT,52
3275,2719,1082,GARANT,51
3276,98,1083,GARANT,40
3277,1548,1083,GARANT,51
3278,1756,1084,GARANT,79
3279,2201,1084,GARANT,84
3280,3985,1085,GARANT,37
3281,829,1085,GARANT,54
3282,108,1086,GARANT,46
3283,2703,1086,GARANT,50
3284,1497,1087,GARANT,53
3285,3683,1087,GARANT,50
3286,400,1088,GARANT,44
3287,2724,1089,GARANT,99
3288,349,1089,GARANT,80
3289,4438,1090,GARANT,86
3290,1103,1091,GARANT,77
3291,4145,1091,GARANT,96
3292,1647,1092,GARANT,56
3293,2221,1092,GARANT,44
3294,3660,1093,GARANT,76
3295,885,1093,GARANT,93
3296,1135,1094,GARANT,93
3297,2649,1094,GARANT,99
3298,115,1095,GARANT,98
3299,918,1095,GARANT,72
3300,3319,1095,GARANT,86
3301,4076,1095,GARANT,75
3302,407,1096,GARANT,87
3303,4372,1096,GARANT,83
3304,3948,1096,GARANT,97
3305,4334,1097,GARANT,86
3306,3319,1097,GARANT,86
3307,3177,1097,GARANT,87
3308,2501,1097,GARANT,84
3309,3121,1098,GARANT,93
3310,4648,1098,GARANT,89
3311,411,1098,GARANT,88
3312,1407,1098,GARANT,72
3313,407,1099,GARANT,88
3314,4661,1100,GARANT,86
3315,2272,1100,GARANT,74
3316,3069,1100,GARANT,73
3317,4183,1101,GARANT,45
3318,4134,1101,GARANT,49
3319,4989,1101,GARANT,45
3320,1403,1101,GARANT,40
3321,651,1101,GARANT,52
3322,1394,1102,GARANT,94
3323,955,1102,GARANT,96
3324,675,1102,GARANT,73
3325,2854,1102,GARANT,81
3326,3264,1103,GARANT,45
3327,2695,1104,GARANT,86
3328,598,1104,GARANT,79
3329,2580,1104,GARANT,75
3330,2347,1104,GARANT,75
3331,3847,1105,GARANT,58
3332,411,1105,GARANT,47
3333,379,1106,GARANT,89
3334,918,1106,GARANT,81
3335,1382,1106,GARANT,78
3336,3370,1107,GARANT,46
3337,2974,1107,GARANT,39
3338,894,1107,GARANT,65
3339,3308,1108,GARANT,91
3340,2592,1108,GARANT,88
3341,4741,1108,GARANT,84
3342,1882,1109,GARANT,43
3343,2839,1109,GARANT,47
3344,4480,1110,GARANT,40
3345,3642,1111,GARANT,74
3346,2234,1111,GARANT,92
3347,954,1111,GARANT,99
3348,4066,1111,GARANT,95
3349,332,1112,GARANT,88
3350,2767,1112,GARANT,89
3351,4265,1113,GARANT,81
3352,2696,1113,GARANT,91
3353,3691,1113,GARANT,93
3354,1507,1113,GARANT,99
3355,32,1114,GARANT,85
3356,2845,1114,GARANT,73
3357,2060,1114,GARANT,88
3358,918,1114,GARANT,78
3359,2835,1115,GARANT,52
3360,1484,1116,GARANT,53
3361,3086,1117,GARANT,92
3362,3948,1118,GARANT,39
3363,957,1118,GARANT,40
3364,4489,1119,GARANT,76
3365,118,1119,GARANT,73
3366,1045,1119,GARANT,96
3367,1436,1120,GARANT,42
3368,3251,1121,GARANT,55
3369,1940,1121,GARANT,52
3370,131,1121,GARANT,48
3371,2228,1122,GARANT,55
3372,294,1122,GARANT,41
3373,2677,1123,GARANT,41
3374,3037,1123,GARANT,50
3375,2766,1124,GARANT,79
3376,3856,1124,GARANT,88
3377,1178,1124,GARANT,84
3378,310,1125,GARANT,37
3379,4629,1125,GARANT,41
3380,3678,1125,GARANT,54
3381,1492,1126,GARANT,37
3382,3300,1126,GARANT,47
3383,3189,1127,GARANT,52
3384,314,1128,GARANT,96
3385,4748,1128,GARANT,99
3386,4945,1128,GARANT,98
3387,3624,1129,GARANT,57
3388,134,1129,GARANT,51
3389,2367,1129,GARANT,43
3390,1057,1130,GARANT,78
3391,4106,1130,GARANT,94
3392,2698,1130,GARANT,92
3393,564,1130,GARANT,78
3394,4154,1131,GARANT,52
3395,2352,1131,GARANT,69
3396,2590,1131,GARANT,39
3397,2281,1132,GARANT,39
3398,1045,1132,GARANT,37
3399,4070,1132,GARANT,68
3400,3767,1132,GARANT,55
3401,3251,1133,GARANT,45
3402,1636,1133,GARANT,68
3403,3063,1133,GARANT,67
3404,4816,1134,GARANT,47
3405,3264,1135,GARANT,85
3406,1526,1135,GARANT,86
3407,1768,1136,GARANT,89
3408,199,1137,GARANT,38
3409,848,1137,GARANT,40
3410,3933,1137,GARANT,47
3411,1629,1137,GARANT,46
3412,2247,1138,GARANT,87
3413,2292,1138,GARANT,93
3414,1142,1138,GARANT,93
3415,941,1138,GARANT,82
3416,3150,1139,GARANT,96
3417,1142,1139,GARANT,88
3418,304,1140,GARANT,74
3419,3769,1141,GARANT,92
3420,2402,1142,GARANT,44
3421,3531,1142,GARANT,52
3422,1629,1143,GARANT,49
3423,1266,1144,GARANT,84
3424,1437,1144,GARANT,94
3425,1890,1144,GARANT,80
3426,2752,1144,GARANT,93
3427,1230,1144,GARANT,98
3428,2254,1144,GARANT,90
3429,4760,1145,GARANT,51
3430,2191,1146,GARANT,77
3431,3657,1146,GARANT,72
3432,2367,1147,GARANT,99
3433,2102,1147,GARANT,91
3434,2500,1147,GARANT,78
3435,1459,1148,GARANT,86
3436,424,1148,GARANT,83
3437,2192,1148,GARANT,95
3438,500,1148,GARANT,95
3439,1878,1149,GARANT,90
3440,2583,1149,GARANT,80
3441,4714,1149,GARANT,78
3442,357,1149,GARANT,93
3443,2695,1149,GARANT,96
3444,2135,1149,GARANT,72
3445,118,1150,GARANT,55
3446,2228,1151,GARANT,78
3447,4696,1151,GARANT,75
3448,4536,1151,GARANT,78
3449,635,1152,GARANT,79
3450,777,1152,GARANT,83
3451,1692,1152,GARANT,86
3452,2752,1153,GARANT,72
3453,534,1153,GARANT,76
3454,825,1153,GARANT,74
3455,1448,1153,GARANT,87
3456,1403,1153,GARANT,81
3457,2306,1154,GARANT,87
3458,1484,1154,GARANT,78
3459,1885,1154,GARANT,72
3460,2258,1155,GARANT,57
3461,4717,1155,GARANT,54
3462,2346,1156,GARANT,75
3463,3141,1156,GARANT,75
3464,484,1156,GARANT,76
3465,4483,1157,GARANT,99
3466,2819,1157,GARANT,89
3467,3237,1157,GARANT,89
3468,2635,1157,GARANT,99
3469,3749,1157,GARANT,74
3470,1859,1158,GARANT,66
3471,4918,1158,GARANT,52
3472,2097,1158,GARANT,63
3473,1033,1158,GARANT,52
3474,4306,1159,GARANT,89
3475,2297,1160,GARANT,83
3476,505,1160,GARANT,82
3477,1626,1160,GARANT,98
3478,1549,1161,GARANT,76
3479,2199,1161,GARANT,99
3480,2427,1161,GARANT,82
3481,3091,1161,GARANT,90
3482,1639,1162,GARANT,99
3483,3439,1162,GARANT,73
3484,1885,1163,GARANT,37
3485,4586,1164,GARANT,65
3486,1878,1165,GARANT,45
3487,2472,1166,GARANT,89
3488,3320,1166,GARANT,96
3489,417,1166,GARANT,86
3490,2409,1166,GARANT,76
3491,3187,1167,GARANT,45
3492,423,1167,GARANT,39
3493,1693,1167,GARANT,58
3494,1166,1167,GARANT,52
3495,550,1167,GARANT,64
3496,4136,1168,GARANT,78
3497,1084,1168,GARANT,95
3498,4241,1169,GARANT,72
3499,1174,1169,GARANT,91
3500,3580,1169,GARANT,99
3501,2582,1170,GARANT,37
3502,11,1170,GARANT,48
3503,4083,1170,GARANT,55
3504,665,1171,GARANT,75
3505,3072,1171,GARANT,88
3506,190,1172,GARANT,76
3507,2780,1172,GARANT,79
3508,3516,1173,GARANT,50
3509,1903,1173,GARANT,60
3510,3044,1173,GARANT,56
3511,2472,1173,GARANT,55
3512,1425,1174,GARANT,81
3513,3016,1174,GARANT,86
3514,2702,1174,GARANT,88
3515,826,1174,GARANT,97
3516,2834,1175,GARANT,92
3517,4479,1175,GARANT,97
3518,3385,1175,GARANT,94
3519,2241,1176,GARANT,47
3520,3535,1176,GARANT,41
3521,1894,1176,GARANT,52
3522,3264,1176,GARANT,43
3523,454,1177,GARANT,97
3524,1312,1177,GARANT,90
3525,4919,1178,GARANT,95
3526,1080,1178,GARANT,75
3527,4124,1178,GARANT,99
3528,815,1178,GARANT,90
3529,1429,1179,GARANT,92
3530,2096,1179,GARANT,75
3531,1431,1180,GARANT,50
3532,2592,1180,GARANT,37
3533,3946,1180,GARANT,66
3534,128,1181,GARANT,98
3535,3252,1181,GARANT,96
3536,4729,1181,GARANT,76
3537,423,1181,GARANT,93
3538,740,1182,GARANT,52
3539,2170,1182,GARANT,51
3540,4626,1183,GARANT,39
3541,4031,1183,GARANT,39
3542,2763,1184,GARANT,77
3543,1639,1184,GARANT,91
3544,718,1184,GARANT,86
3545,22,1184,GARANT,81
3546,1162,1184,GARANT,91
3547,4589,1185,GARANT,76
3548,4031,1185,GARANT,90
3549,4867,1186,GARANT,55
3550,4538,1186,GARANT,71
3551,598,1186,GARANT,41
3552,3636,1186,GARANT,54
3553,2905,1187,GARANT,38
3554,547,1188,GARANT,79
3555,4573,1188,GARANT,87
3556,2314,1188,GARANT,80
3557,4159,1189,GARANT,43
3558,1200,1190,GARANT,76
3559,2800,1190,GARANT,99
3560,898,1191,GARANT,79
3561,2766,1191,GARANT,77
3562,3441,1192,GARANT,51
3563,1162,1192,GARANT,43
3564,310,1193,GARANT,41
3565,1526,1194,GARANT,98
3566,4777,1194,GARANT,86
3567,2059,1194,GARANT,94
3568,1176,1194,GARANT,90
3569,3548,1195,GARANT,91
3570,1131,1195,GARANT,92
3571,3240,1195,GARANT,96
3572,892,1196,GARANT,54
3573,3384,1196,GARANT,53
3574,3827,1197,GARANT,79
3575,3403,1197,GARANT,74
3576,3639,1198,GARANT,88
3577,818,1198,GARANT,73
3578,3736,1198,GARANT,78
3579,2475,1198,GARANT,73
3580,4834,1198,GARANT,87
3581,4650,1198,GARANT,76
3582,1320,1199,GARANT,48
3583,3234,1199,GARANT,41
3584,3231,1199,GARANT,63
3585,3891,1200,GARANT,48
3586,4729,1200,GARANT,59
3587,4035,1201,GARANT,75
3588,1336,1201,GARANT,97
3589,2696,1202,GARANT,41
3590,4444,1203,GARANT,43
3591,2791,1203,GARANT,52
3592,282,1203,GARANT,38
3593,2415,1204,GARANT,44
3594,4136,1205,GARANT,90
3595,568,1205,GARANT,77
3596,4333,1205,GARANT,99
3597,3837,1206,GARANT,39
3598,721,1207,GARANT,89
3599,4388,1207,GARANT,89
3600,2823,1208,GARANT,85
3601,1003,1208,GARANT,79
3602,3593,1208,GARANT,73
3603,389,1209,GARANT,61
3604,2020,1209,GARANT,45
3605,3988,1210,GARANT,90
3606,2896,1210,GARANT,86
3607,542,1211,GARANT,48
3608,1794,1211,GARANT,44
3609,588,1212,GARANT,43
3610,4034,1212,GARANT,39
3611,3693,1213,GARANT,79
3612,1498,1213,GARANT,80
3613,4428,1213,GARANT,85
3614,3767,1213,GARANT,84
3615,3421,1213,GARANT,86
3616,1189,1214,GARANT,49
3617,4313,1214,GARANT,44
3618,3253,1215,GARANT,47
3619,3438,1215,GARANT,56
3620,4582,1215,GARANT,65
3621,1015,1216,GARANT,74
3622,2755,1216,GARANT,81
3623,2241,1217,GARANT,78
3624,2063,1217,GARANT,83
3625,1793,1218,GARANT,92
3626,2853,1218,GARANT,85
3627,310,1218,GARANT,87
3628,819,1218,GARANT,80
3629,2102,1218,GARANT,75
3630,2024,1218,GARANT,79
3631,3892,1219,GARANT,96
3632,8,1219,GARANT,88
3633,2835,1219,GARANT,82
3634,2115,1219,GARANT,94
3635,1901,1220,GARANT,59
3636,304,1220,GARANT,45
3637,1851,1220,GARANT,46
3638,1497,1221,GARANT,82
3639,1447,1221,GARANT,76
3640,4909,1221,GARANT,75
3641,3683,1221,GARANT,92
3642,3266,1221,GARANT,97
3643,49,1222,GARANT,50
3644,1167,1222,GARANT,43
3645,720,1222,GARANT,42
3646,3115,1223,GARANT,47
3647,3480,1223,GARANT,37
3648,4545,1224,GARANT,82
3649,1029,1224,GARANT,97
3650,3393,1224,GARANT,93
3651,2109,1224,GARANT,84
3652,1659,1224,GARANT,92
3653,1036,1225,GARANT,99
3654,819,1225,GARANT,84
3655,1549,1225,GARANT,89
3656,3218,1225,GARANT,97
3657,3932,1225,GARANT,78
3658,948,1225,GARANT,96
3659,2362,1226,GARANT,74
3660,4112,1226,GARANT,90
3661,140,1227,GARANT,68
3662,3845,1227,GARANT,52
3663,2858,1228,GARANT,89
3664,4334,1228,GARANT,85
3665,2156,1228,GARANT,89
3666,799,1228,GARANT,76
3667,4177,1229,GARANT,56
3668,1149,1229,GARANT,51
3669,2508,1229,GARANT,52
3670,1084,1230,GARANT,78
3671,1756,1230,GARANT,94
3672,4217,1231,GARANT,80
3673,1531,1231,GARANT,73
3674,2039,1231,GARANT,97
3675,2116,1232,GARANT,54
3676,3208,1233,GARANT,41
3677,962,1234,GARANT,76
3678,3523,1234,GARANT,73
3679,2135,1234,GARANT,80
3680,166,1235,GARANT,86
3681,4785,1235,GARANT,73
3682,4091,1236,GARANT,42
3683,2590,1236,GARANT,45
3684,3548,1236,GARANT,56
3685,248,1236,GARANT,51
3686,4495,1237,GARANT,51
3687,122,1237,GARANT,46
3688,4868,1238,GARANT,90
3689,1647,1238,GARANT,72
3690,3151,1238,GARANT,74
3691,3072,1239,GARANT,73
3692,4357,1239,GARANT,55
3693,1352,1240,GARANT,53
3694,1277,1240,GARANT,39
3695,956,1241,GARANT,39
3696,980,1241,GARANT,40
3697,510,1241,GARANT,49
3698,1020,1242,GARANT,90
3699,1309,1242,GARANT,93
3700,4076,1242,GARANT,93
3701,2617,1242,GARANT,80
3702,4675,1242,GARANT,77
3703,2309,1243,GARANT,84
3704,3685,1243,GARANT,87
3705,3899,1243,GARANT,97
3706,1868,1244,GARANT,45
3707,4313,1245,GARANT,76
3708,4566,1245,GARANT,76
3709,4166,1245,GARANT,82
3710,4884,1246,GARANT,75
3711,2254,1246,GARANT,97
3712,251,1246,GARANT,79
3713,598,1247,GARANT,80
3714,1858,1247,GARANT,89
3715,1283,1247,GARANT,76
3716,957,1247,GARANT,98
3717,4660,1248,GARANT,78
3718,874,1248,GARANT,73
3719,4841,1248,GARANT,91
3720,3710,1248,GARANT,80
3721,3439,1249,GARANT,73
3722,3549,1249,GARANT,88
3723,1533,1249,GARANT,91
3724,3477,1249,GARANT,84
3725,880,1249,GARANT,72
3726,4656,1250,GARANT,37
3727,1429,1250,GARANT,47
3728,1245,1251,GARANT,56
3729,3393,1251,GARANT,43
3730,1101,1252,GARANT,51
3731,1759,1253,GARANT,46
3732,3375,1253,GARANT,59
3733,2783,1253,GARANT,55
3734,3113,1254,GARANT,37
3735,17,1255,GARANT,84
3736,2529,1255,GARANT,89
3737,661,1256,GARANT,76
3738,3772,1256,GARANT,90
3739,4052,1256,GARANT,79
3740,4973,1256,GARANT,79
3741,3034,1256,GARANT,76
3742,4920,1257,GARANT,55
3743,1533,1258,GARANT,94
3744,2402,1258,GARANT,73
3745,809,1259,GARANT,44
3746,3072,1259,GARANT,65
3747,1004,1260,GARANT,38
3748,1170,1261,GARANT,87
3749,1048,1261,GARANT,75
3750,2849,1261,GARANT,91
3751,3370,1261,GARANT,98
3752,711,1262,GARANT,83
3753,1204,1262,GARANT,97
3754,2635,1262,GARANT,74
3755,3570,1263,GARANT,49
3756,249,1263,GARANT,52
3757,1647,1263,GARANT,52
3758,3581,1263,GARANT,41
3759,2623,1264,GARANT,93
3760,3012,1264,GARANT,95
3761,2904,1264,GARANT,73
3762,312,1265,GARANT,93
3763,169,1265,GARANT,82
3764,78,1265,GARANT,80
3765,3164,1266,GARANT,76
3766,2306,1266,GARANT,99
3767,365,1266,GARANT,73
3768,1230,1266,GARANT,95
3769,1973,1267,GARANT,38
3770,3155,1267,GARANT,38
3771,81,1268,GARANT,92
3772,165,1268,GARANT,91
3773,614,1268,GARANT,96
3774,1487,1268,GARANT,77
3775,1454,1269,GARANT,57
3776,32,1269,GARANT,49
3777,664,1270,GARANT,88
3778,1485,1270,GARANT,81
3779,4012,1270,GARANT,75
3780,1985,1271,GARANT,71
3781,970,1271,GARANT,62
3782,2412,1271,GARANT,57
3783,1500,1272,GARANT,44
3784,318,1272,GARANT,63
3785,378,1272,GARANT,48
3786,4149,1272,GARANT,41
3787,364,1272,GARANT,54
3788,3840,1273,GARANT,41
3789,4595,1273,GARANT,45
3790,2309,1273,GARANT,37
3791,1360,1273,GARANT,38
3792,3826,1273,GARANT,53
3793,4945,1274,GARANT,42
3794,528,1274,GARANT,45
3795,4776,1275,GARANT,98
3796,740,1275,GARANT,73
3797,3607,1275,GARANT,74
3798,2782,1276,GARANT,53
3799,286,1276,GARANT,55
3800,3146,1276,GARANT,42
3801,981,1276,GARANT,54
3802,616,1277,GARANT,37
3803,421,1277,GARANT,65
3804,864,1278,GARANT,87
3805,193,1278,GARANT,94
3806,2863,1278,GARANT,80
3807,4957,1278,GARANT,90
3808,3097,1278,GARANT,76
3809,3397,1278,GARANT,87
3810,3198,1278,GARANT,81
3811,229,1279,GARANT,53
3812,563,1279,GARANT,43
3813,4419,1279,GARANT,64
3814,3771,1280,GARANT,37
3815,1839,1280,GARANT,41
3816,3578,1281,GARANT,69
3817,34,1282,GARANT,73
3818,2686,1282,GARANT,89
3819,4777,1282,GARANT,93
3820,1511,1282,GARANT,94
3821,2627,1282,GARANT,95
3822,943,1283,GARANT,51
3823,154,1284,GARANT,73
3824,4970,1284,GARANT,74
3825,4734,1284,GARANT,92
3826,751,1284,GARANT,96
3827,613,1285,GARANT,51
3828,628,1286,GARANT,88
3829,1316,1286,GARANT,80
3830,825,1286,GARANT,89
3831,138,1286,GARANT,78
3832,2812,1286,GARANT,85
3833,3578,1287,GARANT,78
3834,3298,1287,GARANT,93
3835,1985,1287,GARANT,79
3836,2976,1288,GARANT,38
3837,2778,1289,GARANT,55
3838,616,1290,GARANT,87
3839,862,1290,GARANT,87
3840,4714,1290,GARANT,87
3841,3612,1290,GARANT,80
3842,4474,1291,GARANT,48
3843,3762,1291,GARANT,59
3844,4469,1291,GARANT,55
3845,3370,1292,GARANT,90
3846,2211,1292,GARANT,97
3847,4138,1292,GARANT,83
3848,310,1293,GARANT,44
3849,14,1293,GARANT,41
3850,1193,1293,GARANT,39
3851,244,1294,GARANT,56
3852,944,1294,GARANT,56
3853,310,1295,GARANT,44
3854,4855,1296,GARANT,56
3855,547,1296,GARANT,66
3856,3098,1297,GARANT,38
3857,1717,1297,GARANT,54
3858,910,1297,GARANT,44
3859,3530,1298,GARANT,99
3860,4083,1299,GARANT,99
3861,2569,1299,GARANT,90
3862,840,1300,GARANT,95
3863,3657,1300,GARANT,79
3864,1813,1300,GARANT,89
3865,18,1300,GARANT,94
3866,1332,1300,GARANT,74
3867,1514,1301,GARANT,95
3868,1192,1301,GARANT,87
3869,4059,1301,GARANT,72
3870,3852,1301,GARANT,80
3871,3625,1301,GARANT,77
3872,587,1302,GARANT,94
3873,3690,1302,GARANT,99
3874,2999,1303,GARANT,42
3875,2181,1304,GARANT,77
3876,1309,1304,GARANT,90
3877,1507,1304,GARANT,85
3878,714,1304,GARANT,84
3879,1003,1304,GARANT,75
3880,595,1304,GARANT,86
3881,1675,1304,GARANT,74
3882,2736,1305,GARANT,42
3883,787,1305,GARANT,37
3884,97,1305,GARANT,68
3885,651,1305,GARANT,46
3886,2234,1305,GARANT,61
3887,4884,1305,GARANT,46
3888,1204,1306,GARANT,40
3889,1419,1306,GARANT,51
3890,1209,1307,GARANT,81
3891,3702,1308,GARANT,42
3892,1468,1308,GARANT,42
3893,3419,1308,GARANT,44
3894,4554,1308,GARANT,47
3895,4852,1309,GARANT,38
3896,2772,1309,GARANT,51
3897,3319,1309,GARANT,44
3898,4586,1309,GARANT,64
3899,3847,1310,GARANT,80
3900,495,1310,GARANT,75
3901,4390,1310,GARANT,87
3902,1475,1311,GARANT,81
3903,1400,1311,GARANT,94
3904,3088,1311,GARANT,96
3905,1492,1311,GARANT,85
3906,708,1312,GARANT,37
3907,4905,1312,GARANT,42
3908,2386,1313,GARANT,58
3909,2717,1314,GARANT,83
3910,1173,1314,GARANT,98
3911,2452,1314,GARANT,90
3912,220,1315,GARANT,79
3913,3948,1315,GARANT,74
3914,599,1315,GARANT,94
3915,1607,1315,GARANT,79
3916,2659,1315,GARANT,77
3917,251,1316,GARANT,72
3918,425,1316,GARANT,76
3919,3592,1316,GARANT,80
3920,396,1316,GARANT,72
3921,2403,1317,GARANT,95
3922,1748,1317,GARANT,73
3923,1146,1317,GARANT,85
3924,895,1317,GARANT,99
3925,3735,1318,GARANT,41
3926,1507,1318,GARANT,52
3927,4791,1318,GARANT,50
3928,1434,1318,GARANT,53
3929,625,1318,GARANT,53
3930,4694,1319,GARANT,53
3931,4783,1319,GARANT,50
3932,1671,1319,GARANT,43
3933,2950,1319,GARANT,40
3934,969,1319,GARANT,51
3935,3119,1319,GARANT,50
3936,3596,1320,GARANT,91
3937,3026,1320,GARANT,91
3938,2941,1320,GARANT,94
3939,1122,1320,GARANT,85
3940,1921,1321,GARANT,86
3941,600,1321,GARANT,81
3942,4806,1321,GARANT,74
3943,3072,1322,GARANT,90
3944,2115,1322,GARANT,72
3945,481,1322,GARANT,79
3946,645,1322,GARANT,74
3947,849,1323,GARANT,42
3948,812,1324,GARANT,52
3949,4212,1324,GARANT,60
3950,3066,1325,GARANT,72
3951,2939,1325,GARANT,75
3952,2003,1325,GARANT,73
3953,379,1325,GARANT,75
3954,2043,1326,GARANT,47
3955,2156,1326,GARANT,47
3956,1717,1327,GARANT,38
3957,3094,1327,GARANT,68
3958,3479,1328,GARANT,92
3959,2856,1328,GARANT,87
3960,2429,1328,GARANT,78
3961,2598,1329,GARANT,72
3962,4728,1329,GARANT,82
3963,3833,1329,GARANT,98
3964,2677,1329,GARANT,96
3965,2589,1329,GARANT,75
3966,122,1329,GARANT,75
3967,4801,1330,GARANT,40
3968,2469,1330,GARANT,53
3969,1779,1330,GARANT,49
3970,2060,1331,GARANT,66
3971,1063,1331,GARANT,60
3972,4152,1332,GARANT,99
3973,435,1332,GARANT,92
3974,1822,1332,GARANT,73
3975,4542,1332,GARANT,73
3976,1036,1332,GARANT,72
3977,2297,1333,GARANT,52
3978,2775,1334,GARANT,58
3979,1364,1334,GARANT,44
3980,290,1334,GARANT,47
3981,516,1334,GARANT,41
3982,4553,1334,GARANT,44
3983,4170,1335,GARANT,98
3984,2574,1335,GARANT,87
3985,3728,1336,GARANT,39
3986,3329,1337,GARANT,37
3987,2191,1338,GARANT,80
3988,2427,1339,GARANT,73
3989,895,1339,GARANT,92
3990,4154,1340,GARANT,74
3991,197,1340,GARANT,74
3992,3824,1340,GARANT,80
3993,1114,1341,GARANT,42
3994,32,1341,GARANT,39
3995,4885,1341,GARANT,48
3996,2070,1342,GARANT,94
3997,3368,1342,GARANT,75
3998,3931,1342,GARANT,87
3999,2854,1342,GARANT,77
4000,4180,1342,GARANT,98
4001,1864,1343,GARANT,74
4002,4166,1343,GARANT,96
4003,2527,1343,GARANT,88
4004,1005,1343,GARANT,73
4005,4792,1343,GARANT,85
4006,1189,1343,GARANT,91
4007,140,1343,GARANT,74
4008,1130,1343,GARANT,84
4009,1752,1344,GARANT,43
4010,960,1344,GARANT,44
4011,1482,1345,GARANT,40
4012,1451,1346,GARANT,86
4013,2785,1346,GARANT,96
4014,3933,1346,GARANT,80
4015,4516,1346,GARANT,86
4016,818,1346,GARANT,81
4017,3650,1346,GARANT,95
4018,1807,1347,GARANT,56
4019,780,1347,GARANT,45
4020,962,1347,GARANT,51
4021,598,1347,GARANT,43
4022,3578,1348,GARANT,86
4023,2189,1348,GARANT,90
4024,4275,1348,GARANT,94
4025,715,1348,GARANT,88
4026,4479,1348,GARANT,93
4027,1671,1348,GARANT,82
4028,4470,1349,GARANT,48
4029,167,1350,GARANT,39
4030,2534,1350,GARANT,49
4031,491,1350,GARANT,39
4032,4564,1351,GARANT,73
4033,189,1351,GARANT,81
4034,1288,1351,GARANT,85
4035,1738,1351,GARANT,81
4036,3090,1351,GARANT,87
4037,4717,1352,GARANT,48
4038,2027,1353,GARANT,53
4039,2630,1354,GARANT,90
4040,910,1355,GARANT,50
4041,3276,1355,GARANT,42
4042,4180,1356,GARANT,41
4043,1422,1356,GARANT,48
4044,710,1356,GARANT,59
4045,1777,1357,GARANT,56
4046,1237,1357,GARANT,69
4047,3115,1357,GARANT,65
4048,4338,1357,GARANT,37
4049,3219,1357,GARANT,56
4050,324,1358,GARANT,43
4051,1470,1358,GARANT,43
4052,3241,1359,GARANT,51
4053,1615,1359,GARANT,50
4054,2809,1359,GARANT,53
4055,3453,1360,GARANT,51
4056,1696,1361,GARANT,90
4057,2097,1361,GARANT,75
4058,1799,1361,GARANT,84
4059,34,1362,GARANT,43
4060,4564,1362,GARANT,45
4061,2804,1362,GARANT,41
4062,314,1363,GARANT,96
4063,4205,1363,GARANT,72
4064,726,1363,GARANT,82
4065,2682,1363,GARANT,92
4066,2201,1363,GARANT,89
4067,8,1364,GARANT,44
4068,3159,1365,GARANT,41
4069,4551,1366,GARANT,44
4070,2501,1367,GARANT,45
4071,2722,1368,GARANT,48
4072,1377,1368,GARANT,45
4073,4677,1368,GARANT,44
4074,208,1369,GARANT,46
4075,1604,1369,GARANT,41
4076,735,1370,GARANT,96
4077,2363,1370,GARANT,97
4078,3222,1370,GARANT,87
4079,2562,1370,GARANT,77
4080,2725,1370,GARANT,91
4081,4676,1371,GARANT,87
4082,4553,1371,GARANT,98
4083,2537,1371,GARANT,84
4084,417,1372,GARANT,54
4085,818,1372,GARANT,41
4086,4460,1373,GARANT,75
4087,2033,1373,GARANT,91
4088,1209,1373,GARANT,99
4089,3298,1373,GARANT,72
4090,1211,1373,GARANT,92
4091,4391,1373,GARANT,97
4092,4333,1374,GARANT,74
4093,3739,1374,GARANT,75
4094,943,1375,GARANT,55
4095,3308,1376,GARANT,40
4096,2455,1376,GARANT,41
4097,3121,1376,GARANT,53
4098,4252,1376,GARANT,45
4099,312,1376,GARANT,42
4100,3150,1377,GARANT,38
4101,4364,1377,GARANT,68
4102,1912,1378,GARANT,86
4103,2299,1378,GARANT,97
4104,178,1378,GARANT,96
4105,3726,1378,GARANT,94
4106,2022,1379,GARANT,86
4107,1680,1379,GARANT,79
4108,4339,1379,GARANT,86
4109,3375,1379,GARANT,74
4110,3955,1380,GARANT,90
4111,4989,1380,GARANT,75
4112,2590,1381,GARANT,53
4113,2459,1381,GARANT,55
4114,2558,1381,GARANT,48
4115,133,1381,GARANT,58
4116,2286,1382,GARANT,37
4117,1242,1382,GARANT,63
4118,2913,1382,GARANT,53
4119,953,1382,GARANT,51
4120,2043,1383,GARANT,89
4121,244,1384,GARANT,40
4122,4088,1385,GARANT,92
4123,289,1385,GARANT,73
4124,4348,1385,GARANT,79
4125,4001,1386,GARANT,45
4126,2342,1386,GARANT,39
4127,1695,1387,GARANT,79
4128,3300,1387,GARANT,75
4129,2033,1387,GARANT,81
4130,837,1387,GARANT,81
4131,2342,1388,GARANT,45
4132,3016,1388,GARANT,57
4133,417,1389,GARANT,45
4134,4364,1390,GARANT,96
4135,3615,1390,GARANT,97
4136,2246,1390,GARANT,95
4137,3595,1391,GARANT,43
4138,2785,1391,GARANT,55
4139,754,1392,GARANT,87
4140,4451,1392,GARANT,99
4141,2143,1393,GARANT,41
4142,1312,1393,GARANT,51
4143,3672,1393,GARANT,42
4144,249,1394,GARANT,51
4145,675,1395,GARANT,87
4146,4960,1395,GARANT,81
4147,1912,1396,GARANT,81
4148,2769,1396,GARANT,88
4149,1779,1397,GARANT,79
4150,3438,1398,GARANT,49
4151,795,1399,GARANT,44
4152,144,1399,GARANT,47
4153,266,1400,GARANT,41
4154,4344,1401,GARANT,56
4155,1579,1401,GARANT,41
4156,441,1401,GARANT,44
4157,4376,1402,GARANT,76
4158,1372,1402,GARANT,72
4159,3415,1402,GARANT,91
4160,3956,1403,GARANT,42
4161,1467,1404,GARANT,63
4162,1559,1404,GARANT,49
4163,4656,1405,GARANT,95
4164,157,1406,GARANT,71
4165,3428,1406,GARANT,57
4166,4112,1407,GARANT,38
4167,2746,1407,GARANT,62
4168,3082,1407,GARANT,38
4169,2,1408,GARANT,72
4170,167,1408,GARANT,76
4171,4975,1408,GARANT,89
4172,3866,1409,GARANT,58
4173,1379,1409,GARANT,52
4174,4535,1409,GARANT,46
4175,874,1409,GARANT,52
4176,4523,1410,GARANT,43
4177,152,1410,GARANT,40
4178,114,1411,GARANT,74
4179,3875,1411,GARANT,79
4180,2136,1412,GARANT,47
4181,2183,1413,GARANT,94
4182,1586,1413,GARANT,72
4183,1771,1413,GARANT,80
4184,3566,1413,GARANT,93
4185,324,1413,GARANT,94
4186,312,1414,GARANT,89
4187,1832,1414,GARANT,80
4188,2433,1415,GARANT,44
4189,1621,1416,GARANT,43
4190,4211,1417,GARANT,52
4191,4895,1418,GARANT,42
4192,4095,1418,GARANT,39
4193,2170,1419,GARANT,47
4194,2478,1419,GARANT,40
4195,2189,1419,GARANT,41
4196,3980,1420,GARANT,52
4197,2597,1420,GARANT,57
4198,2383,1421,GARANT,83
4199,1647,1422,GARANT,87
4200,3233,1422,GARANT,84
4201,3906,1422,GARANT,95
4202,1906,1422,GARANT,97
4203,675,1422,GARANT,98
4204,1289,1423,GARANT,84
4205,1556,1423,GARANT,91
4206,270,1423,GARANT,95
4207,4517,1424,GARANT,57
4208,2643,1424,GARANT,58
4209,2597,1424,GARANT,45
4210,3275,1424,GARANT,67
4211,917,1424,GARANT,64
4212,3386,1425,GARANT,78
4213,3535,1426,GARANT,50
4214,1395,1427,GARANT,92
4215,3906,1427,GARANT,77
4216,2930,1427,GARANT,85
4217,1280,1428,GARANT,44
4218,3115,1428,GARANT,43
4219,4954,1428,GARANT,53
4220,9,1428,GARANT,61
4221,4744,1429,GARANT,47
4222,4464,1430,GARANT,60
4223,2761,1430,GARANT,46
4224,3152,1430,GARANT,46
4225,1721,1431,GARANT,75
4226,2802,1431,GARANT,94
4227,953,1431,GARANT,92
4228,3691,1431,GARANT,93
4229,1916,1432,GARANT,59
4230,1878,1433,GARANT,53
4231,1982,1433,GARANT,37
4232,4252,1434,GARANT,38
4233,4480,1434,GARANT,56
4234,2029,1434,GARANT,47
4235,4891,1434,GARANT,51
4236,2751,1435,GARANT,82
4237,2,1435,GARANT,89
4238,3082,1435,GARANT,99
4239,3202,1436,GARANT,56
4240,212,1436,GARANT,44
4241,2405,1436,GARANT,52
4242,3955,1437,GARANT,85
4243,1890,1437,GARANT,94
4244,3189,1437,GARANT,91
4245,2325,1437,GARANT,79
4246,2736,1437,GARANT,98
4247,2854,1438,GARANT,43
4248,3368,1438,GARANT,47
4249,552,1439,GARANT,99
4250,1296,1439,GARANT,99
4251,2766,1439,GARANT,97
4252,4495,1439,GARANT,93
4253,4529,1439,GARANT,89
4254,4470,1439,GARANT,76
4255,400,1439,GARANT,87
4256,4068,1440,GARANT,93
4257,2551,1440,GARANT,86
4258,2943,1440,GARANT,96
4259,4258,1440,GARANT,75
4260,2852,1440,GARANT,82
4261,4229,1441,GARANT,41
4262,2342,1442,GARANT,99
4263,2026,1442,GARANT,91
4264,481,1442,GARANT,98
4265,653,1442,GARANT,82
4266,3870,1442,GARANT,99
4267,2365,1443,GARANT,85
4268,343,1443,GARANT,99
4269,93,1443,GARANT,72
4270,2347,1443,GARANT,72
4271,804,1443,GARANT,89
4272,3581,1444,GARANT,51
4273,1458,1444,GARANT,60
4274,4053,1444,GARANT,50
4275,3151,1444,GARANT,54
4276,928,1444,GARANT,55
4277,3070,1444,GARANT,45
4278,4000,1445,GARANT,59
4279,655,1445,GARANT,43
4280,1029,1445,GARANT,42
4281,1291,1446,GARANT,81
4282,4346,1446,GARANT,92
4283,2582,1446,GARANT,87
4284,4598,1447,GARANT,46
4285,2141,1448,GARANT,51
4286,1051,1448,GARANT,48
4287,1353,1449,GARANT,81
4288,3934,1449,GARANT,85
4289,2620,1449,GARANT,85
4290,4997,1449,GARANT,99
4291,1375,1449,GARANT,75
4292,1608,1449,GARANT,95
4293,3028,1450,GARANT,87
4294,1060,1450,GARANT,81
4295,405,1450,GARANT,86
4296,198,1451,GARANT,94
4297,4769,1451,GARANT,85
4298,2712,1451,GARANT,97
4299,2605,1452,GARANT,89
4300,2048,1452,GARANT,86
4301,2570,1453,GARANT,40
4302,3551,1453,GARANT,46
4303,2981,1453,GARANT,43
4304,2504,1453,GARANT,49
4305,1110,1454,GARANT,39
4306,4179,1454,GARANT,39
4307,1958,1454,GARANT,54
4308,4916,1455,GARANT,54
4309,1468,1455,GARANT,53
4310,4066,1455,GARANT,47
4311,3955,1455,GARANT,51
4312,4314,1456,GARANT,72
4313,2649,1457,GARANT,41
4314,3026,1457,GARANT,41
4315,4464,1457,GARANT,55
4316,928,1458,GARANT,80
4317,567,1458,GARANT,93
4318,4954,1459,GARANT,75
4319,1178,1459,GARANT,80
4320,4495,1459,GARANT,84
4321,1439,1459,GARANT,81
4322,3339,1459,GARANT,82
4323,561,1460,GARANT,94
4324,2173,1460,GARANT,79
4325,3548,1460,GARANT,92
4326,662,1460,GARANT,74
4327,112,1460,GARANT,93
4328,2935,1461,GARANT,45
4329,3875,1462,GARANT,89
4330,1861,1462,GARANT,88
4331,3582,1463,GARANT,40
4332,2076,1463,GARANT,53
4333,4733,1463,GARANT,59
4334,4608,1463,GARANT,45
4335,4191,1463,GARANT,37
4336,4943,1464,GARANT,82
4337,800,1464,GARANT,85
4338,3593,1465,GARANT,93
4339,1832,1465,GARANT,80
4340,2060,1465,GARANT,94
4341,242,1465,GARANT,81
4342,1146,1466,GARANT,94
4343,2385,1466,GARANT,74
4344,1332,1466,GARANT,73
4345,2393,1466,GARANT,99
4346,3240,1467,GARANT,56
4347,4375,1467,GARANT,49
4348,3818,1468,GARANT,96
4349,1471,1468,GARANT,98
4350,1084,1468,GARANT,84
4351,3592,1468,GARANT,80
4352,1230,1468,GARANT,75
4353,7,1468,GARANT,86
4354,4912,1469,GARANT,78
4355,2057,1469,GARANT,98
4356,3804,1469,GARANT,72
4357,2456,1469,GARANT,76
4358,1020,1469,GARANT,78
4359,3203,1470,GARANT,41
4360,990,1470,GARANT,56
4361,1071,1471,GARANT,57
4362,1139,1472,GARANT,50
4363,1901,1472,GARANT,58
4364,3518,1472,GARANT,63
4365,1896,1473,GARANT,41
4366,1166,1474,GARANT,86
4367,2628,1474,GARANT,72
4368,4159,1474,GARANT,97
4369,2721,1475,GARANT,46
4370,3397,1476,GARANT,91
4371,2888,1476,GARANT,82
4372,2590,1476,GARANT,76
4373,4509,1476,GARANT,80
4374,2494,1476,GARANT,98
4375,2615,1477,GARANT,89
4376,1029,1477,GARANT,79
4377,3705,1477,GARANT,84
4378,613,1477,GARANT,95
4379,1693,1477,GARANT,90
4380,1360,1477,GARANT,87
4381,3758,1478,GARANT,42
4382,4301,1478,GARANT,45
4383,955,1478,GARANT,37
4384,3474,1479,GARANT,43
4385,4696,1479,GARANT,53
4386,3274,1479,GARANT,46
4387,966,1479,GARANT,54
4388,812,1480,GARANT,77
4389,479,1480,GARANT,93
4390,4895,1480,GARANT,86
4391,3171,1480,GARANT,93
4392,2128,1481,GARANT,85
4393,2853,1481,GARANT,80
4394,158,1481,GARANT,87
4395,4117,1481,GARANT,74
4396,1086,1481,GARANT,79
4397,4357,1482,GARANT,54
4398,2666,1483,GARANT,86
4399,3383,1483,GARANT,79
4400,3790,1484,GARANT,39
4401,310,1485,GARANT,73
4402,4375,1485,GARANT,57
4403,3657,1485,GARANT,44
4404,688,1486,GARANT,84
4405,202,1486,GARANT,90
4406,3735,1486,GARANT,79
4407,1616,1486,GARANT,78
4408,2013,1487,GARANT,79
4409,1179,1487,GARANT,84
4410,4215,1487,GARANT,93
4411,1329,1488,GARANT,37
4412,4737,1489,GARANT,77
4413,4538,1489,GARANT,80
4414,2618,1489,GARANT,77
4415,3693,1490,GARANT,45
4416,1784,1491,GARANT,96
4417,588,1491,GARANT,86
4418,998,1491,GARANT,96
4419,3532,1492,GARANT,43
4420,4990,1492,GARANT,49
4421,357,1493,GARANT,78
4422,809,1494,GARANT,97
4423,4474,1494,GARANT,85
4424,4430,1495,GARANT,78
4425,3372,1495,GARANT,82
4426,1059,1495,GARANT,79
4427,1997,1496,GARANT,81
4428,938,1496,GARANT,81
4429,550,1496,GARANT,99
4430,1629,1496,GARANT,75
4431,2830,1496,GARANT,96
4432,1534,1496,GARANT,95
4433,3114,1497,GARANT,92
4434,1449,1498,GARANT,73
4435,1739,1498,GARANT,97
4436,4089,1499,GARANT,93
4437,4460,1499,GARANT,82
4438,1471,1500,GARANT,37
4439,4693,1500,GARANT,67
4440,2978,1500,GARANT,39
4441,1437,1500,GARANT,47
4442,1363,1500,GARANT,58
4443,4353,1501,GARANT,73
4444,390,1501,GARANT,92
4445,28,1501,GARANT,76
4446,4970,1501,GARANT,83
4447,3501,1501,GARANT,85
4448,459,1502,GARANT,77
4449,3972,1502,GARANT,74
4450,2981,1502,GARANT,81
4451,1913,1502,GARANT,98
4452,3076,1502,GARANT,89
4453,1810,1502,GARANT,82
4454,3517,1502,GARANT,73
4455,1057,1503,GARANT,88
4456,3130,1503,GARANT,74
4457,3869,1503,GARANT,87
4458,1033,1504,GARANT,37
4459,3851,1505,GARANT,99
4460,2103,1505,GARANT,79
4461,1551,1506,GARANT,45
4462,2907,1506,GARANT,43
4463,202,1507,GARANT,39
4464,2383,1507,GARANT,48
4465,343,1508,GARANT,45
4466,357,1508,GARANT,42
4467,1879,1508,GARANT,60
4468,3672,1508,GARANT,58
4469,4475,1508,GARANT,47
4470,443,1509,GARANT,78
4471,2089,1509,GARANT,88
4472,4899,1509,GARANT,91
4473,2635,1509,GARANT,73
4474,2352,1510,GARANT,76
4475,4152,1510,GARANT,81
4476,2703,1510,GARANT,90
4477,4509,1510,GARANT,84
4478,4551,1510,GARANT,92
4479,3474,1511,GARANT,96
4480,1176,1511,GARANT,93
4481,4801,1511,GARANT,99
4482,2856,1512,GARANT,37
4483,3751,1512,GARANT,41
4484,4543,1513,GARANT,75
4485,4327,1514,GARANT,45
4486,4583,1515,GARANT,37
4487,4388,1515,GARANT,42
4488,2012,1516,GARANT,43
4489,3570,1517,GARANT,83
4490,3931,1517,GARANT,94
4491,4525,1517,GARANT,88
4492,2221,1517,GARANT,76
4493,3008,1518,GARANT,87
4494,2493,1518,GARANT,90
4495,4166,1519,GARANT,49
4496,524,1520,GARANT,84
4497,3336,1520,GARANT,94
4498,3744,1520,GARANT,94
4499,4464,1521,GARANT,50
4500,4848,1521,GARANT,57
4501,3234,1521,GARANT,37
4502,1073,1522,GARANT,42
4503,2699,1523,GARANT,48
4504,3459,1523,GARANT,60
4505,458,1523,GARANT,46
4506,4034,1524,GARANT,87
4507,4777,1524,GARANT,77
4508,4598,1524,GARANT,84
4509,2690,1525,GARANT,90
4510,2405,1526,GARANT,52
4511,4021,1526,GARANT,48
4512,966,1526,GARANT,51
4513,3300,1527,GARANT,99
4514,853,1527,GARANT,79
4515,2346,1527,GARANT,92
4516,4841,1528,GARANT,94
4517,3906,1528,GARANT,84
4518,3070,1528,GARANT,77
4519,2379,1529,GARANT,77
4520,62,1529,GARANT,95
4521,4041,1529,GARANT,86
4522,29,1529,GARANT,74
4523,376,1529,GARANT,92
4524,1320,1530,GARANT,79
4525,4484,1530,GARANT,96
4526,4137,1530,GARANT,80
4527,2683,1531,GARANT,58
4528,809,1531,GARANT,60
4529,3928,1531,GARANT,42
4530,427,1532,GARANT,57
4531,4039,1533,GARANT,48
4532,2605,1534,GARANT,53
4533,3728,1534,GARANT,45
4534,2260,1534,GARANT,72
4535,665,1535,GARANT,93
4536,2911,1535,GARANT,85
4537,1715,1535,GARANT,81
4538,2296,1536,GARANT,44
4539,1062,1536,GARANT,44
4540,1400,1537,GARANT,79
4541,124,1537,GARANT,97
4542,1203,1537,GARANT,76
4543,813,1538,GARANT,99
4544,2412,1538,GARANT,81
4545,2051,1538,GARANT,74
4546,1562,1538,GARANT,78
4547,4116,1538,GARANT,73
4548,2128,1539,GARANT,48
4549,3665,1540,GARANT,95
4550,2430,1540,GARANT,78
4551,1425,1540,GARANT,78
4552,2993,1540,GARANT,80
4553,2717,1541,GARANT,41
4554,2898,1541,GARANT,50
4555,4566,1541,GARANT,53
4556,1336,1541,GARANT,46
4557,4729,1541,GARANT,61
4558,1890,1542,GARANT,91
4559,3592,1542,GARANT,94
4560,2399,1542,GARANT,94
4561,1702,1542,GARANT,85
4562,2736,1542,GARANT,91
4563,3435,1542,GARANT,74
4564,3722,1543,GARANT,93
4565,418,1543,GARANT,98
4566,2974,1543,GARANT,74
4567,2115,1543,GARANT,95
4568,997,1543,GARANT,98
4569,1732,1543,GARANT,78
4570,1651,1544,GARANT,86
4571,3559,1544,GARANT,97
4572,825,1544,GARANT,98
4573,2736,1544,GARANT,75
4574,4720,1545,GARANT,39
4575,1575,1545,GARANT,45
4576,3339,1546,GARANT,91
4577,23,1547,GARANT,78
4578,3571,1547,GARANT,81
4579,22,1547,GARANT,72
4580,4124,1547,GARANT,76
4581,270,1548,GARANT,87
4582,324,1548,GARANT,90
4583,2704,1548,GARANT,90
4584,2427,1549,GARANT,45
4585,3824,1549,GARANT,39
4586,2975,1549,GARANT,54
4587,2102,1549,GARANT,43
4588,29,1549,GARANT,48
4589,1340,1549,GARANT,69
4590,897,1550,GARANT,72
4591,1375,1551,GARANT,77
4592,402,1551,GARANT,80
4593,2514,1551,GARANT,76
4594,1404,1552,GARANT,42
4595,43,1552,GARANT,55
4596,228,1553,GARANT,49
4597,657,1553,GARANT,53
4598,2090,1553,GARANT,38
4599,3323,1554,GARANT,41
4600,3921,1555,GARANT,51
4601,3070,1556,GARANT,45
4602,2891,1557,GARANT,98
4603,1300,1557,GARANT,94
4604,4801,1558,GARANT,87
4605,4454,1558,GARANT,75
4606,4583,1558,GARANT,87
4607,1436,1558,GARANT,73
4608,3763,1558,GARANT,84
4609,1510,1559,GARANT,41
4610,1774,1560,GARANT,46
4611,4947,1561,GARANT,83
4612,328,1561,GARANT,79
4613,636,1561,GARANT,91
4614,4039,1561,GARANT,95
4615,3425,1561,GARANT,93
4616,2073,1562,GARANT,89
4617,542,1562,GARANT,87
4618,2692,1562,GARANT,72
4619,2959,1563,GARANT,58
4620,3461,1564,GARANT,61
4621,1675,1564,GARANT,53
4622,2674,1564,GARANT,54
4623,1467,1565,GARANT,79
4624,442,1565,GARANT,81
4625,4012,1565,GARANT,98
4626,2992,1565,GARANT,89
4627,3152,1566,GARANT,85
4628,2228,1566,GARANT,89
4629,4137,1566,GARANT,83
4630,2870,1567,GARANT,41
4631,2283,1567,GARANT,53
4632,1526,1567,GARANT,48
4633,1453,1568,GARANT,44
4634,389,1568,GARANT,42
4635,2170,1568,GARANT,44
4636,3551,1568,GARANT,40
4637,3559,1569,GARANT,99
4638,209,1569,GARANT,93
4639,3960,1569,GARANT,84
4640,1272,1569,GARANT,81
4641,3542,1569,GARANT,96
4642,3387,1570,GARANT,86
4643,3405,1570,GARANT,73
4644,3234,1570,GARANT,73
4645,4848,1570,GARANT,96
4646,2386,1571,GARANT,82
4647,3566,1571,GARANT,89
4648,3336,1571,GARANT,86
4649,1247,1572,GARANT,74
4650,1449,1572,GARANT,86
4651,2027,1572,GARANT,86
4652,1375,1572,GARANT,98
4653,1739,1572,GARANT,95
4654,1985,1573,GARANT,84
4655,3041,1573,GARANT,79
4656,1126,1573,GARANT,82
4657,4116,1573,GARANT,76
4658,2142,1573,GARANT,90
4659,3601,1573,GARANT,84
4660,386,1573,GARANT,72
4661,2306,1574,GARANT,94
4662,138,1574,GARANT,96
4663,3525,1574,GARANT,72
4664,1507,1575,GARANT,78
4665,4770,1575,GARANT,87
4666,1434,1575,GARANT,79
4667,2772,1575,GARANT,72
4668,1060,1575,GARANT,76
4669,3280,1576,GARANT,40
4670,3443,1576,GARANT,45
4671,2219,1576,GARANT,62
4672,1756,1576,GARANT,42
4673,4252,1577,GARANT,77
4674,688,1577,GARANT,75
4675,4059,1578,GARANT,75
4676,3055,1578,GARANT,99
4677,3384,1578,GARANT,83
4678,952,1578,GARANT,72
4679,718,1578,GARANT,98
4680,569,1578,GARANT,72
4681,1685,1578,GARANT,92
4682,2717,1579,GARANT,37
4683,4595,1579,GARANT,41
4684,2334,1580,GARANT,56
4685,3673,1581,GARANT,38
4686,4441,1581,GARANT,54
4687,2306,1582,GARANT,79
4688,4918,1582,GARANT,78
4689,229,1582,GARANT,88
4690,4961,1582,GARANT,74
4691,3928,1583,GARANT,95
4692,4507,1583,GARANT,83
4693,1073,1584,GARANT,86
4694,628,1584,GARANT,95
4695,3435,1584,GARANT,85
4696,2691,1585,GARANT,91
4697,2761,1585,GARANT,95
4698,4515,1586,GARANT,98
4699,2930,1586,GARANT,92
4700,1422,1586,GARANT,73
4701,2059,1587,GARANT,96
4702,503,1588,GARANT,87
4703,895,1588,GARANT,84
4704,583,1588,GARANT,92
4705,4012,1588,GARANT,93
4706,3275,1588,GARANT,78
4707,2519,1588,GARANT,74
4708,1863,1588,GARANT,86
4709,3091,1588,GARANT,74
4710,4192,1589,GARANT,84
4711,4460,1589,GARANT,86
4712,2692,1589,GARANT,91
4713,4027,1590,GARANT,76
4714,2516,1590,GARANT,72
4715,2317,1590,GARANT,94
4716,4264,1590,GARANT,79
4717,1858,1590,GARANT,87
4718,1740,1591,GARANT,76
4719,1374,1592,GARANT,66
4720,1885,1592,GARANT,49
4721,2682,1592,GARANT,51
4722,4607,1592,GARANT,41
4723,2851,1593,GARANT,52
4724,1878,1594,GARANT,54
4725,3221,1594,GARANT,60
4726,3788,1595,GARANT,84
4727,2360,1595,GARANT,78
4728,4334,1595,GARANT,96
4729,717,1595,GARANT,81
4730,1230,1596,GARANT,97
4731,364,1596,GARANT,77
4732,1608,1597,GARANT,63
4733,2620,1597,GARANT,60
4734,1312,1598,GARANT,87
4735,3672,1598,GARANT,95
4736,598,1598,GARANT,75
4737,458,1598,GARANT,97
4738,3208,1598,GARANT,86
4739,3665,1599,GARANT,43
4740,2759,1599,GARANT,37
4741,986,1599,GARANT,62
4742,2496,1600,GARANT,39
4743,3319,1600,GARANT,58
4744,130,1601,GARANT,88
4745,2380,1601,GARANT,73
4746,1083,1601,GARANT,84
4747,1482,1602,GARANT,51
4748,1219,1602,GARANT,40
4749,2963,1602,GARANT,51
4750,2096,1603,GARANT,85
4751,3909,1603,GARANT,74
4752,1830,1603,GARANT,74
4753,4551,1603,GARANT,77
4754,4041,1603,GARANT,77
4755,1615,1603,GARANT,89
4756,4397,1604,GARANT,43
4757,943,1605,GARANT,77
4758,4372,1605,GARANT,81
4759,1050,1605,GARANT,92
4760,458,1605,GARANT,96
4761,4353,1605,GARANT,95
4762,1506,1606,GARANT,45
4763,610,1606,GARANT,45
4764,2079,1606,GARANT,48
4765,1674,1606,GARANT,46
4766,4832,1607,GARANT,89
4767,4737,1607,GARANT,93
4768,3476,1607,GARANT,75
4769,407,1607,GARANT,73
4770,3501,1608,GARANT,77
4771,4966,1609,GARANT,48
4772,524,1609,GARANT,43
4773,4660,1609,GARANT,43
4774,3091,1610,GARANT,74
4775,134,1610,GARANT,83
4776,1652,1610,GARANT,80
4777,2500,1610,GARANT,75
4778,442,1610,GARANT,91
4779,4926,1611,GARANT,49
4780,1558,1611,GARANT,49
4781,4777,1611,GARANT,47
4782,1877,1611,GARANT,52
4783,1469,1612,GARANT,74
4784,2014,1612,GARANT,85
4785,3119,1613,GARANT,76
4786,969,1613,GARANT,84
4787,383,1613,GARANT,76
4788,2999,1613,GARANT,98
4789,2791,1613,GARANT,76
4790,4889,1613,GARANT,86
4791,3385,1613,GARANT,77
4792,3055,1614,GARANT,74
4793,3340,1614,GARANT,77
4794,4532,1614,GARANT,73
4795,2991,1615,GARANT,37
4796,491,1616,GARANT,91
4797,2456,1616,GARANT,99
4798,3328,1617,GARANT,62
4799,1777,1618,GARANT,47
4800,610,1619,GARANT,88
4801,2230,1619,GARANT,73
4802,2695,1619,GARANT,77
4803,1277,1619,GARANT,72
4804,1858,1619,GARANT,78
4805,421,1619,GARANT,84
4806,1234,1619,GARANT,75
4807,2385,1620,GARANT,73
4808,4964,1620,GARANT,85
4809,4973,1620,GARANT,96
4810,4966,1621,GARANT,87
4811,2371,1621,GARANT,92
4812,249,1621,GARANT,95
4813,1470,1621,GARANT,72
4814,1049,1622,GARANT,78
4815,97,1622,GARANT,90
4816,448,1622,GARANT,95
4817,2092,1623,GARANT,51
4818,3368,1623,GARANT,51
4819,1520,1623,GARANT,39
4820,484,1624,GARANT,49
4821,740,1624,GARANT,57
4822,2963,1625,GARANT,92
4823,1107,1625,GARANT,81
4824,4613,1625,GARANT,95
4825,1372,1626,GARANT,49
4826,956,1626,GARANT,39
4827,1005,1626,GARANT,50
4828,2841,1627,GARANT,54
4829,2687,1628,GARANT,77
4830,286,1628,GARANT,85
4831,3670,1628,GARANT,76
4832,1912,1628,GARANT,76
4833,997,1628,GARANT,89
4834,1215,1628,GARANT,79
4835,4929,1628,GARANT,76
4836,2297,1629,GARANT,73
4837,1541,1629,GARANT,87
4838,1155,1630,GARANT,87
4839,2749,1630,GARANT,79
4840,4010,1630,GARANT,84
4841,4905,1630,GARANT,74
4842,1664,1631,GARANT,54
4843,3724,1632,GARANT,47
4844,4499,1632,GARANT,55
4845,1156,1632,GARANT,53
4846,4864,1633,GARANT,77
4847,2192,1633,GARANT,80
4848,2236,1633,GARANT,97
4849,3705,1634,GARANT,37
4850,3969,1634,GARANT,55
4851,1059,1634,GARANT,41
4852,4659,1635,GARANT,72
4853,2072,1636,GARANT,90
4854,3285,1636,GARANT,90
4855,2811,1636,GARANT,85
4856,3252,1637,GARANT,70
4857,4516,1637,GARANT,45
4858,1736,1637,GARANT,44
4859,2458,1638,GARANT,77
4860,1586,1638,GARANT,93
4861,3050,1638,GARANT,77
4862,2601,1638,GARANT,94
4863,475,1638,GARANT,73
4864,1771,1638,GARANT,90
4865,1444,1638,GARANT,94
4866,4364,1639,GARANT,43
4867,2841,1639,GARANT,45
4868,1756,1640,GARANT,55
4869,229,1640,GARANT,37
4870,4136,1640,GARANT,57
4871,4554,1640,GARANT,46
4872,2150,1640,GARANT,52
4873,2570,1641,GARANT,93
4874,3146,1642,GARANT,75
4875,3017,1642,GARANT,97
4876,3407,1642,GARANT,85
4877,2537,1642,GARANT,79
4878,2985,1642,GARANT,78
4879,1425,1642,GARANT,79
4880,1548,1643,GARANT,82
4881,270,1643,GARANT,92
4882,2087,1643,GARANT,98
4883,775,1643,GARANT,90
4884,738,1644,GARANT,87
4885,2299,1644,GARANT,84
4886,2974,1644,GARANT,95
4887,1539,1645,GARANT,39
4888,3870,1646,GARANT,77
4889,1062,1646,GARANT,80
4890,4553,1646,GARANT,75
4891,2371,1647,GARANT,55
4892,2513,1647,GARANT,53
4893,4058,1648,GARANT,45
4894,2522,1649,GARANT,46
4895,4842,1650,GARANT,92
4896,3453,1650,GARANT,93
4897,667,1650,GARANT,84
4898,2898,1650,GARANT,77
4899,543,1650,GARANT,75
4900,3869,1650,GARANT,90
4901,1198,1650,GARANT,92
4902,3415,1650,GARANT,94
4903,4566,1650,GARANT,96
4904,790,1650,GARANT,93
4905,1736,1650,GARANT,83
4906,3189,1651,GARANT,39
4907,2742,1651,GARANT,59
4908,1767,1651,GARANT,45
4909,4973,1652,GARANT,49
4910,910,1653,GARANT,46
4911,545,1653,GARANT,65
4912,138,1654,GARANT,94
4913,2063,1655,GARANT,84
4914,3383,1655,GARANT,84
4915,3114,1655,GARANT,73
4916,995,1655,GARANT,98
4917,2239,1656,GARANT,48
4918,688,1656,GARANT,59
4919,1847,1656,GARANT,59
4920,1608,1657,GARANT,79
4921,1353,1657,GARANT,92
4922,622,1657,GARANT,80
4923,2502,1658,GARANT,87
4924,4392,1658,GARANT,97
4925,1357,1658,GARANT,87
4926,87,1658,GARANT,89
4927,718,1658,GARANT,74
4928,3518,1658,GARANT,76
4929,2227,1659,GARANT,44
4930,466,1660,GARANT,46
4931,3817,1660,GARANT,55
4932,3907,1660,GARANT,43
4933,3144,1660,GARANT,48
4934,4205,1660,GARANT,60
4935,2072,1661,GARANT,69
4936,832,1661,GARANT,37
4937,611,1661,GARANT,56
4938,1086,1662,GARANT,39
4939,917,1662,GARANT,48
4940,1559,1662,GARANT,49
4941,894,1663,GARANT,88
4942,646,1663,GARANT,89
4943,1396,1663,GARANT,91
4944,2430,1663,GARANT,97
4945,2502,1664,GARANT,46
4946,1459,1664,GARANT,62
4947,3157,1665,GARANT,52
4948,3506,1666,GARANT,84
4949,2630,1667,GARANT,85
4950,1291,1667,GARANT,80
4951,4421,1667,GARANT,90
4952,418,1667,GARANT,98
4953,3379,1668,GARANT,73
4954,3469,1668,GARANT,88
4955,4624,1668,GARANT,85
4956,2496,1668,GARANT,80
4957,1431,1668,GARANT,89
4958,4040,1669,GARANT,96
4959,3742,1669,GARANT,89
4960,2485,1670,GARANT,81
4961,3736,1670,GARANT,80
4962,1167,1670,GARANT,96
4963,2898,1670,GARANT,81
4964,4305,1670,GARANT,98
4965,1372,1670,GARANT,86
4966,2422,1671,GARANT,91
4967,4694,1671,GARANT,87
4968,4068,1671,GARANT,88
4969,4402,1671,GARANT,83
4970,1846,1672,GARANT,53
4971,2163,1672,GARANT,46
4972,4989,1672,GARANT,50
4973,3439,1673,GARANT,42
4974,780,1674,GARANT,38
4975,167,1675,GARANT,86
4976,4072,1675,GARANT,85
4977,2772,1675,GARANT,94
4978,2562,1676,GARANT,60
4979,4545,1677,GARANT,41
4980,2843,1678,GARANT,92
4981,3534,1678,GARANT,89
4982,257,1678,GARANT,83
4983,645,1678,GARANT,86
4984,626,1679,GARANT,86
4985,1507,1679,GARANT,72
4986,475,1680,GARANT,86
4987,243,1680,GARANT,95
4988,3740,1681,GARANT,91
4989,819,1681,GARANT,94
4990,2992,1681,GARANT,82
4991,7,1682,GARANT,86
4992,4031,1682,GARANT,72
4993,199,1683,GARANT,82
4994,2547,1683,GARANT,85
4995,2032,1683,GARANT,79
4996,223,1683,GARANT,72
4997,622,1684,GARANT,91
4998,3767,1684,GARANT,84
4999,454,1684,GARANT,83
5000,4919,1685,GARANT,43
5001,1142,1685,GARANT,46
5002,2708,1686,GARANT,87
5003,1743,1686,GARANT,84
5004,2631,1686,GARANT,85
5005,3746,1686,GARANT,88
5006,267,1686,GARANT,72
5007,1903,1687,GARANT,97
5008,212,1688,GARANT,39
5009,327,1689,GARANT,91
5010,2285,1689,GARANT,78
5011,938,1689,GARANT,90
5012,2804,1690,GARANT,89
5013,1570,1690,GARANT,86
5014,4484,1690,GARANT,80
5015,1768,1691,GARANT,76
5016,2725,1691,GARANT,72
5017,1283,1691,GARANT,91
5018,154,1691,GARANT,99
5019,1967,1692,GARANT,83
5020,2431,1692,GARANT,89
5021,2170,1692,GARANT,96
5022,4658,1692,GARANT,77
5023,3393,1693,GARANT,80
5024,4979,1693,GARANT,79
5025,1166,1693,GARANT,91
5026,3956,1694,GARANT,75
5027,2871,1694,GARANT,81
5028,2950,1695,GARANT,87
5029,4807,1695,GARANT,98
5030,3087,1695,GARANT,91
5031,4444,1695,GARANT,77
5032,3385,1695,GARANT,93
5033,651,1696,GARANT,96
5034,3618,1697,GARANT,81
5035,2557,1697,GARANT,85
5036,4681,1697,GARANT,99
5037,4234,1697,GARANT,90
5038,723,1697,GARANT,97
5039,711,1698,GARANT,76
5040,323,1698,GARANT,98
5041,2441,1698,GARANT,78
5042,386,1699,GARANT,83
5043,3724,1699,GARANT,99
5044,2721,1699,GARANT,88
5045,4308,1699,GARANT,97
5046,1403,1700,GARANT,99
5047,2752,1700,GARANT,98
5048,563,1700,GARANT,74
5049,4436,1700,GARANT,90
5050,4427,1701,GARANT,37
5051,270,1701,GARANT,47
5052,3341,1702,GARANT,43
5053,651,1702,GARANT,48
5054,364,1702,GARANT,48
5055,3960,1702,GARANT,41
5056,4061,1702,GARANT,74
5057,367,1703,GARANT,74
5058,2925,1703,GARANT,72
5059,3698,1703,GARANT,97
5060,3706,1703,GARANT,78
5061,832,1703,GARANT,91
5062,327,1704,GARANT,64
5063,2514,1705,GARANT,41
5064,1980,1705,GARANT,43
5065,3523,1705,GARANT,62
5066,1031,1706,GARANT,93
5067,3421,1706,GARANT,78
5068,1375,1707,GARANT,73
5069,1739,1707,GARANT,79
5070,421,1707,GARANT,87
5071,2789,1708,GARANT,37
5072,354,1709,GARANT,54
5073,795,1710,GARANT,43
5074,270,1710,GARANT,42
5075,3233,1710,GARANT,62
5076,1548,1710,GARANT,61
5077,327,1711,GARANT,77
5078,4928,1711,GARANT,79
5079,3395,1711,GARANT,85
5080,790,1711,GARANT,80
5081,71,1711,GARANT,92
5082,1451,1711,GARANT,85
5083,982,1712,GARANT,42
5084,4388,1712,GARANT,42
5085,955,1713,GARANT,87
5086,4282,1713,GARANT,91
5087,2854,1713,GARANT,96
5088,815,1714,GARANT,49
5089,4646,1715,GARANT,87
5090,1772,1715,GARANT,79
5091,3665,1715,GARANT,99
5092,3410,1716,GARANT,72
5093,2313,1716,GARANT,92
5094,1879,1716,GARANT,93
5095,3454,1716,GARANT,73
5096,2618,1717,GARANT,53
5097,888,1717,GARANT,46
5098,2268,1718,GARANT,82
5099,3975,1718,GARANT,96
5100,2182,1718,GARANT,87
5101,2970,1718,GARANT,90
5102,3274,1719,GARANT,93
5103,4896,1719,GARANT,95
5104,919,1719,GARANT,85
5105,2258,1720,GARANT,73
5106,2568,1721,GARANT,51
5107,2719,1721,GARANT,61
5108,3538,1721,GARANT,47
5109,2057,1721,GARANT,42
5110,1110,1721,GARANT,53
5111,2175,1722,GARANT,44
5112,3928,1722,GARANT,62
5113,1292,1722,GARANT,41
5114,48,1723,GARANT,99
5115,806,1723,GARANT,88
5116,3660,1723,GARANT,79
5117,1292,1723,GARANT,79
5118,645,1723,GARANT,76
5119,703,1723,GARANT,84
5120,2742,1724,GARANT,72
5121,4221,1724,GARANT,90
5122,378,1724,GARANT,95
5123,98,1725,GARANT,87
5124,2183,1725,GARANT,86
5125,4841,1725,GARANT,97
5126,1263,1725,GARANT,88
5127,4472,1726,GARANT,51
5128,2218,1726,GARANT,54
5129,1429,1726,GARANT,49
5130,2457,1726,GARANT,53
5131,4091,1726,GARANT,44
5132,4733,1727,GARANT,91
5133,3763,1727,GARANT,86
5134,1784,1727,GARANT,83
5135,2666,1727,GARANT,94
5136,2695,1728,GARANT,94
5137,171,1728,GARANT,93
5138,2511,1729,GARANT,47
5139,4990,1729,GARANT,59
5140,2387,1729,GARANT,52
5141,2474,1730,GARANT,64
5142,367,1730,GARANT,39
5143,4010,1731,GARANT,37
5144,3072,1732,GARANT,58
5145,4469,1732,GARANT,42
5146,481,1732,GARANT,43
5147,920,1733,GARANT,96
5148,143,1733,GARANT,86
5149,1837,1734,GARANT,51
5150,4658,1735,GARANT,95
5151,4433,1735,GARANT,80
5152,2819,1735,GARANT,91
5153,4881,1736,GARANT,55
5154,47,1736,GARANT,42
5155,4920,1737,GARANT,81
5156,966,1738,GARANT,58
5157,2749,1739,GARANT,93
5158,493,1740,GARANT,73
5159,4382,1740,GARANT,98
5160,780,1741,GARANT,49
5161,4488,1741,GARANT,58
5162,4538,1741,GARANT,43
5163,4973,1742,GARANT,44
5164,1080,1743,GARANT,88
5165,4919,1743,GARANT,97
5166,3339,1743,GARANT,77
5167,382,1744,GARANT,43
5168,1526,1745,GARANT,73
5169,1217,1745,GARANT,74
5170,4137,1745,GARANT,88
5171,2761,1745,GARANT,94
5172,2086,1745,GARANT,83
5173,808,1746,GARANT,84
5174,717,1746,GARANT,88
5175,4973,1747,GARANT,43
5176,2494,1747,GARANT,37
5177,1476,1747,GARANT,54
5178,3241,1747,GARANT,62
5179,4052,1748,GARANT,85
5180,1332,1748,GARANT,91
5181,747,1749,GARANT,99
5182,1407,1749,GARANT,81
5183,3461,1750,GARANT,72
5184,827,1750,GARANT,75
5185,1958,1750,GARANT,87
5186,943,1751,GARANT,81
5187,3848,1751,GARANT,98
5188,79,1751,GARANT,89
5189,154,1752,GARANT,86
5190,4441,1753,GARANT,94
5191,967,1754,GARANT,79
5192,3809,1754,GARANT,94
5193,1208,1754,GARANT,72
5194,2060,1754,GARANT,89
5195,4076,1754,GARANT,94
5196,84,1754,GARANT,95
5197,3873,1755,GARANT,83
5198,2943,1755,GARANT,95
5199,4533,1755,GARANT,87
5200,266,1755,GARANT,89
5201,3589,1756,GARANT,55
5202,425,1756,GARANT,43
5203,4362,1757,GARANT,47
5204,1288,1757,GARANT,57
5205,4583,1757,GARANT,38
5206,2941,1757,GARANT,60
5207,1865,1758,GARANT,73
5208,294,1758,GARANT,92
5209,1621,1759,GARANT,95
5210,955,1759,GARANT,97
5211,4587,1759,GARANT,74
5212,3208,1760,GARANT,48
5213,4535,1761,GARANT,58
5214,1458,1761,GARANT,48
5215,211,1761,GARANT,60
5216,4282,1761,GARANT,39
5217,2387,1762,GARANT,69
5218,166,1762,GARANT,37
5219,4308,1762,GARANT,44
5220,3411,1762,GARANT,64
5221,290,1763,GARANT,37
5222,1061,1763,GARANT,53
5223,64,1763,GARANT,62
5224,4840,1764,GARANT,72
5225,3935,1764,GARANT,86
5226,2796,1764,GARANT,94
5227,4490,1764,GARANT,75
5228,63,1765,GARANT,75
5229,3203,1765,GARANT,87
5230,270,1765,GARANT,78
5231,2588,1765,GARANT,92
5232,1892,1766,GARANT,98
5233,4943,1766,GARANT,93
5234,1859,1767,GARANT,96
5235,3589,1767,GARANT,86
5236,2027,1768,GARANT,44
5237,4155,1768,GARANT,40
5238,2791,1769,GARANT,77
5239,4990,1769,GARANT,73
5240,3532,1769,GARANT,90
5241,2943,1769,GARANT,73
5242,2434,1770,GARANT,66
5243,4477,1770,GARANT,51
5244,1179,1770,GARANT,55
5245,3247,1770,GARANT,58
5246,4180,1771,GARANT,98
5247,2482,1771,GARANT,80
5248,4083,1772,GARANT,37
5249,3665,1772,GARANT,60
5250,3576,1773,GARANT,40
5251,3357,1773,GARANT,45
5252,1020,1773,GARANT,37
5253,3744,1774,GARANT,87
5254,4906,1774,GARANT,90
5255,4430,1775,GARANT,50
5256,4955,1776,GARANT,99
5257,3657,1776,GARANT,88
5258,500,1777,GARANT,82
5259,2673,1777,GARANT,93
5260,2780,1778,GARANT,84
5261,579,1778,GARANT,92
5262,2070,1778,GARANT,73
5263,1289,1778,GARANT,96
5264,847,1779,GARANT,83
5265,2715,1779,GARANT,74
5266,1103,1779,GARANT,98
5267,3202,1779,GARANT,77
5268,1120,1779,GARANT,83
5269,3910,1779,GARANT,92
5270,1288,1779,GARANT,92
5271,4445,1780,GARANT,78
5272,154,1780,GARANT,98
5273,2564,1780,GARANT,93
5274,1607,1780,GARANT,80
5275,1177,1780,GARANT,78
5276,2239,1781,GARANT,40
5277,505,1782,GARANT,95
5278,2527,1782,GARANT,97
5279,2472,1782,GARANT,80
5280,4124,1783,GARANT,51
5281,3266,1784,GARANT,76
5282,2522,1784,GARANT,87
5283,1120,1784,GARANT,75
5284,2615,1785,GARANT,78
5285,3267,1785,GARANT,73
5286,1579,1785,GARANT,87
5287,2143,1786,GARANT,42
5288,3207,1787,GARANT,52
5289,957,1788,GARANT,84
5290,3751,1788,GARANT,81
5291,780,1788,GARANT,95
5292,3878,1788,GARANT,91
5293,4031,1789,GARANT,93
5294,3818,1789,GARANT,86
5295,159,1790,GARANT,88
5296,1558,1790,GARANT,93
5297,2396,1790,GARANT,97
5298,3165,1790,GARANT,87
5299,4581,1791,GARANT,48
5300,2317,1791,GARANT,42
5301,1754,1792,GARANT,82
5302,4381,1792,GARANT,93
5303,819,1793,GARANT,47
5304,2440,1793,GARANT,45
5305,2071,1794,GARANT,46
5306,3041,1794,GARANT,46
5307,357,1795,GARANT,91
5308,3664,1796,GARANT,78
5309,661,1796,GARANT,89
5310,1063,1797,GARANT,98
5311,3804,1797,GARANT,98
5312,2568,1797,GARANT,98
5313,58,1797,GARANT,80
5314,2,1797,GARANT,90
5315,2478,1798,GARANT,41
5316,1335,1798,GARANT,57
5317,1453,1798,GARANT,48
5318,3189,1799,GARANT,48
5319,479,1799,GARANT,68
5320,2666,1800,GARANT,46
5321,3234,1800,GARANT,46
5322,1463,1800,GARANT,38
5323,1187,1801,GARANT,44
5324,1717,1801,GARANT,47
5325,2907,1801,GARANT,48
5326,1017,1802,GARANT,51
5327,1756,1803,GARANT,87
5328,787,1803,GARANT,87
5329,597,1803,GARANT,75
5330,1049,1803,GARANT,80
5331,138,1803,GARANT,98
5332,1403,1803,GARANT,94
5333,4555,1803,GARANT,94
5334,4183,1803,GARANT,74
5335,1702,1803,GARANT,92
5336,3029,1803,GARANT,72
5337,2650,1804,GARANT,51
5338,3931,1804,GARANT,48
5339,4082,1804,GARANT,41
5340,1759,1804,GARANT,37
5341,1049,1805,GARANT,80
5342,1361,1805,GARANT,81
5343,1374,1805,GARANT,84
5344,229,1805,GARANT,79
5345,1416,1806,GARANT,41
5346,611,1806,GARANT,52
5347,4283,1806,GARANT,42
5348,3222,1807,GARANT,43
5349,4585,1808,GARANT,87
5350,502,1808,GARANT,97
5351,2219,1808,GARANT,91
5352,1811,1809,GARANT,85
5353,2360,1809,GARANT,79
5354,2719,1809,GARANT,92
5355,84,1809,GARANT,75
5356,4347,1810,GARANT,87
5357,4807,1810,GARANT,88
5358,3237,1810,GARANT,97
5359,3161,1811,GARANT,81
5360,2554,1811,GARANT,78
5361,1434,1811,GARANT,91
5362,630,1811,GARANT,90
5363,2823,1811,GARANT,80
5364,202,1811,GARANT,91
5365,4147,1811,GARANT,92
5366,1972,1811,GARANT,90
5367,2192,1812,GARANT,45
5368,1673,1812,GARANT,45
5369,1510,1813,GARANT,66
5370,1055,1813,GARANT,43
5371,4810,1813,GARANT,43
5372,3241,1813,GARANT,55
5373,717,1814,GARANT,96
5374,637,1814,GARANT,88
5375,697,1814,GARANT,82
5376,3159,1814,GARANT,99
5377,4975,1814,GARANT,97
5378,974,1814,GARANT,74
5379,4548,1814,GARANT,97
5380,1266,1815,GARANT,72
5381,3380,1815,GARANT,74
5382,229,1815,GARANT,98
5383,2571,1815,GARANT,75
5384,3500,1816,GARANT,46
5385,1743,1816,GARANT,40
5386,2839,1816,GARANT,45
5387,4393,1817,GARANT,78
5388,2963,1817,GARANT,95
5389,2026,1817,GARANT,99
5390,2157,1817,GARANT,84
5391,4346,1817,GARANT,89
5392,4359,1818,GARANT,94
5393,3673,1819,GARANT,42
5394,1059,1820,GARANT,83
5395,4242,1821,GARANT,89
5396,1263,1821,GARANT,81
5397,3859,1821,GARANT,76
5398,426,1821,GARANT,93
5399,1510,1822,GARANT,93
5400,3218,1822,GARANT,99
5401,4375,1822,GARANT,77
5402,4977,1823,GARANT,92
5403,354,1823,GARANT,72
5404,1114,1823,GARANT,72
5405,1600,1823,GARANT,99
5406,2456,1823,GARANT,72
5407,2473,1823,GARANT,78
5408,4209,1824,GARANT,74
5409,3772,1824,GARANT,84
5410,43,1824,GARANT,90
5411,2272,1824,GARANT,93
5412,2859,1824,GARANT,94
5413,2330,1824,GARANT,72
5414,629,1825,GARANT,45
5415,2258,1826,GARANT,83
5416,3934,1826,GARANT,83
5417,4245,1826,GARANT,77
5418,1789,1827,GARANT,93
5419,534,1827,GARANT,80
5420,3818,1827,GARANT,88
5421,3930,1827,GARANT,86
5422,4406,1827,GARANT,96
5423,4793,1828,GARANT,75
5424,2884,1828,GARANT,75
5425,1157,1828,GARANT,80
5426,3141,1828,GARANT,84
5427,4269,1829,GARANT,53
5428,1485,1829,GARANT,43
5429,3397,1830,GARANT,48
5430,4117,1830,GARANT,42
5431,4921,1831,GARANT,49
5432,1044,1832,GARANT,92
5433,354,1832,GARANT,87
5434,1972,1832,GARANT,98
5435,3809,1832,GARANT,97
5436,4333,1833,GARANT,83
5437,3764,1833,GARANT,72
5438,2620,1834,GARANT,73
5439,3523,1834,GARANT,99
5440,3276,1834,GARANT,95
5441,1057,1835,GARANT,99
5442,2717,1835,GARANT,90
5443,3742,1835,GARANT,89
5444,1372,1835,GARANT,89
5445,3267,1836,GARANT,46
5446,4216,1837,GARANT,85
5447,2386,1837,GARANT,86
5448,426,1837,GARANT,74
5449,63,1837,GARANT,90
5450,2089,1838,GARANT,96
5451,3517,1838,GARANT,75
5452,400,1839,GARANT,41
5453,1938,1839,GARANT,44
5454,4573,1839,GARANT,37
5455,191,1839,GARANT,55
5456,892,1839,GARANT,39
5457,138,1840,GARANT,56
5458,2133,1841,GARANT,42
5459,4926,1841,GARANT,38
5460,3393,1842,GARANT,37
5461,2472,1842,GARANT,37
5462,837,1843,GARANT,42
5463,1810,1843,GARANT,49
5464,2573,1843,GARANT,38
5465,1323,1843,GARANT,53
5466,3411,1843,GARANT,52
5467,4941,1844,GARANT,45
5468,915,1844,GARANT,50
5469,1017,1844,GARANT,51
5470,497,1844,GARANT,59
5471,3879,1845,GARANT,45
5472,2399,1846,GARANT,40
5473,1164,1847,GARANT,42
5474,801,1847,GARANT,54
5475,330,1847,GARANT,42
5476,2244,1848,GARANT,52
5477,3096,1848,GARANT,42
5478,1247,1849,GARANT,61
5479,28,1849,GARANT,60
5480,2317,1849,GARANT,63
5481,3297,1849,GARANT,52
5482,1705,1849,GARANT,38
5483,1312,1849,GARANT,40
5484,677,1850,GARANT,92
5485,4415,1850,GARANT,93
5486,2767,1851,GARANT,42
5487,3786,1851,GARANT,44
5488,2037,1852,GARANT,37
5489,208,1852,GARANT,48
5490,1909,1852,GARANT,39
5491,3600,1852,GARANT,43
5492,3383,1852,GARANT,52
5493,4947,1853,GARANT,99
5494,1139,1853,GARANT,72
5495,1192,1853,GARANT,96
5496,4199,1854,GARANT,74
5497,849,1854,GARANT,87
5498,3316,1854,GARANT,99
5499,3691,1855,GARANT,69
5500,870,1855,GARANT,50
5501,465,1856,GARANT,50
5502,3114,1856,GARANT,53
5503,2405,1856,GARANT,48
5504,4885,1857,GARANT,88
5505,2258,1858,GARANT,80
5506,616,1858,GARANT,96
5507,4155,1858,GARANT,76
5508,3194,1858,GARANT,82
5509,4205,1859,GARANT,44
5510,651,1859,GARANT,52
5511,1230,1859,GARANT,63
5512,4104,1860,GARANT,45
5513,4609,1860,GARANT,47
5514,197,1860,GARANT,37
5515,3969,1861,GARANT,41
5516,2391,1862,GARANT,88
5517,409,1862,GARANT,91
5518,3303,1862,GARANT,90
5519,3911,1862,GARANT,98
5520,4178,1862,GARANT,92
5521,4948,1862,GARANT,90
5522,3276,1862,GARANT,87
5523,3824,1863,GARANT,46
5524,417,1864,GARANT,86
5525,1861,1864,GARANT,97
5526,658,1864,GARANT,96
5527,4497,1865,GARANT,55
5528,1447,1865,GARANT,43
5529,4530,1865,GARANT,48
5530,2273,1865,GARANT,41
5531,4823,1865,GARANT,45
5532,3474,1865,GARANT,46
5533,465,1865,GARANT,44
5534,1176,1865,GARANT,42
5535,1906,1866,GARANT,37
5536,903,1866,GARANT,41
5537,564,1867,GARANT,99
5538,4306,1867,GARANT,84
5539,956,1867,GARANT,77
5540,4595,1867,GARANT,81
5541,71,1867,GARANT,83
5542,2252,1868,GARANT,68
5543,3071,1868,GARANT,49
5544,1705,1868,GARANT,54
5545,4615,1868,GARANT,46
5546,3139,1868,GARANT,40
5547,4960,1869,GARANT,82
5548,3085,1869,GARANT,82
5549,3350,1869,GARANT,92
5550,1458,1869,GARANT,98
5551,4216,1869,GARANT,97
5552,940,1870,GARANT,92
5553,479,1870,GARANT,74
5554,4916,1870,GARANT,76
5555,4415,1871,GARANT,84
5556,1374,1871,GARANT,74
5557,3525,1872,GARANT,44
5558,3574,1873,GARANT,44
5559,2309,1873,GARANT,52
5560,4192,1874,GARANT,81
5561,2721,1874,GARANT,80
5562,3055,1875,GARANT,75
5563,2529,1875,GARANT,87
5564,2960,1875,GARANT,84
5565,3383,1876,GARANT,86
5566,1604,1876,GARANT,78
5567,3387,1877,GARANT,49
5568,4717,1878,GARANT,40
5569,3751,1878,GARANT,44
5570,2620,1878,GARANT,55
5571,4581,1879,GARANT,97
5572,2258,1879,GARANT,75
5573,2699,1879,GARANT,89
5574,1170,1880,GARANT,95
5575,4083,1880,GARANT,81
5576,2244,1880,GARANT,77
5577,738,1880,GARANT,79
5578,1591,1880,GARANT,79
5579,653,1880,GARANT,84
5580,3280,1881,GARANT,46
5581,1471,1881,GARANT,68
5582,2752,1881,GARANT,49
5583,1230,1881,GARANT,50
5584,3837,1882,GARANT,90
5585,4677,1882,GARANT,73
5586,4286,1883,GARANT,81
5587,402,1884,GARANT,91
5588,888,1884,GARANT,76
5589,4921,1884,GARANT,78
5590,2659,1884,GARANT,77
5591,534,1885,GARANT,72
5592,107,1885,GARANT,85
5593,2199,1886,GARANT,73
5594,1793,1886,GARANT,79
5595,2703,1886,GARANT,99
5596,3410,1887,GARANT,42
5597,4581,1887,GARANT,53
5598,898,1888,GARANT,61
5599,1016,1888,GARANT,52
5600,4137,1889,GARANT,80
5601,4464,1889,GARANT,84
5602,1320,1889,GARANT,95
5603,2976,1889,GARANT,94
5604,2219,1890,GARANT,75
5605,3525,1890,GARANT,75
5606,3443,1890,GARANT,83
5607,3956,1891,GARANT,96
5608,2063,1892,GARANT,37
5609,4564,1892,GARANT,53
5610,805,1892,GARANT,42
5611,800,1892,GARANT,42
5612,4988,1893,GARANT,39
5613,3029,1893,GARANT,51
5614,2076,1894,GARANT,76
5615,1526,1894,GARANT,91
5616,4421,1895,GARANT,53
5617,4581,1896,GARANT,52
5618,1902,1896,GARANT,37
5619,2230,1896,GARANT,42
5620,804,1896,GARANT,59
5621,270,1897,GARANT,84
5622,2737,1897,GARANT,74
5623,1906,1898,GARANT,61
5624,3063,1898,GARANT,41
5625,3994,1898,GARANT,59
5626,4769,1899,GARANT,81
5627,1736,1899,GARANT,96
5628,3415,1899,GARANT,79
5629,3395,1899,GARANT,76
5630,2170,1900,GARANT,49
5631,1505,1900,GARANT,47
5632,4919,1901,GARANT,41
5633,180,1901,GARANT,41
5634,4245,1902,GARANT,79
5635,357,1902,GARANT,90
5636,3194,1902,GARANT,75
5637,1629,1903,GARANT,46
5638,554,1903,GARANT,40
5639,3320,1903,GARANT,51
5640,361,1903,GARANT,58
5641,4229,1904,GARANT,96
5642,3763,1904,GARANT,98
5643,4745,1905,GARANT,53
5644,222,1905,GARANT,47
5645,1556,1906,GARANT,41
5646,3758,1906,GARANT,51
5647,3786,1907,GARANT,37
5648,3915,1907,GARANT,38
5649,4990,1908,GARANT,81
5650,1798,1908,GARANT,72
5651,1419,1908,GARANT,79
5652,2273,1909,GARANT,51
5653,2086,1909,GARANT,53
5654,4464,1909,GARANT,41
5655,4191,1909,GARANT,49
5656,3351,1910,GARANT,72
5657,1993,1910,GARANT,92
5658,1299,1910,GARANT,83
5659,4203,1911,GARANT,84
5660,1837,1911,GARANT,82
5661,3172,1911,GARANT,83
5662,1772,1912,GARANT,65
5663,871,1912,GARANT,62
5664,1934,1912,GARANT,55
5665,1239,1912,GARANT,48
5666,1993,1912,GARANT,53
5667,4469,1912,GARANT,48
5668,4083,1912,GARANT,61
5669,2478,1913,GARANT,99
5670,4785,1913,GARANT,84
5671,3988,1913,GARANT,81
5672,4379,1914,GARANT,41
5673,1957,1914,GARANT,47
5674,1178,1915,GARANT,46
5675,569,1915,GARANT,53
5676,4247,1915,GARANT,61
5677,1566,1916,GARANT,67
5678,4134,1917,GARANT,74
5679,2667,1917,GARANT,83
5680,2219,1917,GARANT,76
5681,396,1917,GARANT,81
5682,2317,1918,GARANT,52
5683,4088,1919,GARANT,84
5684,1235,1919,GARANT,79
5685,2981,1919,GARANT,84
5686,4550,1919,GARANT,84
5687,2687,1920,GARANT,73
5688,848,1921,GARANT,95
5689,1477,1921,GARANT,83
5690,3165,1922,GARANT,47
5691,261,1923,GARANT,86
5692,1494,1923,GARANT,76
5693,1993,1923,GARANT,84
5694,809,1923,GARANT,87
5695,3403,1923,GARANT,79
5696,4749,1923,GARANT,89
5697,3534,1924,GARANT,39
5698,177,1925,GARANT,93
5699,1603,1925,GARANT,91
5700,3985,1925,GARANT,79
5701,1061,1926,GARANT,57
5702,261,1926,GARANT,48
5703,2806,1926,GARANT,41
5704,3915,1927,GARANT,83
5705,709,1927,GARANT,80
5706,2007,1927,GARANT,97
5707,541,1927,GARANT,81
5708,3439,1927,GARANT,78
5709,4479,1928,GARANT,64
5710,4586,1929,GARANT,82
5711,3647,1929,GARANT,93
5712,3308,1929,GARANT,77
5713,300,1930,GARANT,57
5714,1576,1930,GARANT,59
5715,552,1931,GARANT,45
5716,1361,1932,GARANT,48
5717,3123,1933,GARANT,40
5718,2896,1933,GARANT,41
5719,871,1934,GARANT,37
5720,43,1935,GARANT,47
5721,953,1936,GARANT,84
5722,3917,1937,GARANT,38
5723,1777,1937,GARANT,56
5724,1368,1938,GARANT,42
5725,3011,1938,GARANT,54
5726,304,1938,GARANT,39
5727,1139,1938,GARANT,58
5728,174,1938,GARANT,44
5729,2366,1939,GARANT,43
5730,2063,1939,GARANT,44
5731,2778,1940,GARANT,39
5732,2919,1941,GARANT,55
5733,1857,1941,GARANT,42
5734,4390,1941,GARANT,43
5735,4609,1942,GARANT,75
5736,1195,1942,GARANT,86
5737,98,1943,GARANT,40
5738,1939,1944,GARANT,48
5739,1217,1944,GARANT,57
5740,2557,1944,GARANT,47
5741,4124,1945,GARANT,97
5742,1016,1945,GARANT,87
5743,2839,1945,GARANT,83
5744,3175,1946,GARANT,99
5745,1861,1946,GARANT,73
5746,4595,1946,GARANT,98
5747,1322,1947,GARANT,57
5748,2603,1948,GARANT,54
5749,4415,1948,GARANT,49
5750,2444,1949,GARANT,85
5751,4622,1949,GARANT,95
5752,2451,1949,GARANT,76
5753,2218,1949,GARANT,90
5754,1340,1949,GARANT,87
5755,3419,1950,GARANT,74
5756,3012,1950,GARANT,92
5757,926,1950,GARANT,87
5758,3642,1950,GARANT,73
5759,3378,1950,GARANT,79
5760,1846,1950,GARANT,90
5761,7,1950,GARANT,72
5762,2163,1950,GARANT,98
5763,38,1950,GARANT,94
5764,330,1951,GARANT,54
5765,2360,1951,GARANT,37
5766,2043,1951,GARANT,52
5767,2235,1951,GARANT,56
5768,270,1952,GARANT,41
5769,3706,1952,GARANT,40
5770,1164,1953,GARANT,45
5771,3784,1953,GARANT,47
5772,3126,1953,GARANT,67
5773,2707,1953,GARANT,55
5774,1376,1953,GARANT,43
5775,3121,1953,GARANT,38
5776,4977,1954,GARANT,97
5777,4624,1954,GARANT,78
5778,2759,1955,GARANT,44
5779,1857,1956,GARANT,99
5780,4791,1956,GARANT,96
5781,688,1956,GARANT,80
5782,3379,1956,GARANT,92
5783,1776,1957,GARANT,75
5784,523,1957,GARANT,91
5785,2352,1957,GARANT,85
5786,2802,1958,GARANT,72
5787,2739,1959,GARANT,43
5788,1664,1959,GARANT,52
5789,1234,1960,GARANT,46
5790,957,1960,GARANT,43
5791,4997,1960,GARANT,65
5792,960,1960,GARANT,38
5793,2230,1960,GARANT,47
5794,2363,1961,GARANT,49
5795,3303,1961,GARANT,43
5796,4117,1962,GARANT,87
5797,3664,1962,GARANT,87
5798,2218,1962,GARANT,76
5799,1055,1962,GARANT,84
5800,198,1963,GARANT,80
5801,2297,1963,GARANT,85
5802,4000,1963,GARANT,99
5803,3614,1963,GARANT,74
5804,1864,1964,GARANT,92
5805,2957,1964,GARANT,84
5806,2109,1964,GARANT,83
5807,2856,1965,GARANT,77
5808,2562,1965,GARANT,77
5809,3303,1965,GARANT,96
5810,2514,1965,GARANT,82
5811,4745,1966,GARANT,37
5812,2884,1967,GARANT,40
5813,2060,1968,GARANT,42
5814,115,1968,GARANT,50
5815,78,1969,GARANT,78
5816,1124,1970,GARANT,92
5817,2684,1970,GARANT,99
5818,2866,1971,GARANT,97
5819,2874,1971,GARANT,82
5820,3402,1972,GARANT,84
5821,1110,1972,GARANT,85
5822,3161,1972,GARANT,82
5823,3357,1972,GARANT,99
5824,1980,1973,GARANT,80
5825,1879,1973,GARANT,95
5826,957,1973,GARANT,99
5827,3866,1974,GARANT,39
5828,3859,1974,GARANT,43
5829,4360,1974,GARANT,48
5830,844,1975,GARANT,46
5831,3193,1976,GARANT,74
5832,1357,1976,GARANT,73
5833,3251,1977,GARANT,89
5834,3630,1977,GARANT,76
5835,1520,1977,GARANT,90
5836,4060,1977,GARANT,96
5837,243,1977,GARANT,83
5838,33,1977,GARANT,94
5839,496,1978,GARANT,95
5840,675,1978,GARANT,72
5841,4283,1978,GARANT,84
5842,2038,1978,GARANT,90
5843,1257,1978,GARANT,91
5844,2097,1979,GARANT,50
5845,1230,1979,GARANT,67
5846,1840,1979,GARANT,50
5847,38,1979,GARANT,41
5848,1375,1980,GARANT,53
5849,2618,1980,GARANT,39
5850,569,1981,GARANT,60
5851,1878,1982,GARANT,75
5852,3523,1982,GARANT,93
5853,357,1982,GARANT,77
5854,1705,1982,GARANT,92
5855,383,1983,GARANT,94
5856,1613,1983,GARANT,75
5857,4391,1983,GARANT,74
5858,700,1984,GARANT,98
5859,2541,1984,GARANT,84
5860,3343,1984,GARANT,89
5861,3035,1984,GARANT,72
5862,2692,1985,GARANT,79
5863,4192,1985,GARANT,86
5864,711,1985,GARANT,96
5865,1453,1985,GARANT,79
5866,4686,1985,GARANT,93
5867,4245,1986,GARANT,39
5868,3222,1986,GARANT,47
5869,4429,1987,GARANT,40
5870,480,1988,GARANT,44
5871,2863,1989,GARANT,51
5872,1485,1989,GARANT,52
5873,1857,1990,GARANT,45
5874,1003,1990,GARANT,44
5875,808,1990,GARANT,49
5876,2087,1991,GARANT,97
5877,3038,1991,GARANT,81
5878,2070,1991,GARANT,86
5879,1011,1991,GARANT,86
5880,3336,1991,GARANT,78
5881,2755,1991,GARANT,91
5882,2570,1992,GARANT,80
5883,2791,1992,GARANT,94
5884,1239,1993,GARANT,37
5885,3072,1993,GARANT,43
5886,3722,1993,GARANT,40
5887,1772,1993,GARANT,64
5888,4432,1994,GARANT,57
5889,1824,1995,GARANT,44
5890,3014,1996,GARANT,76
5891,4650,1996,GARANT,88
5892,3728,1996,GARANT,88
5893,1534,1996,GARANT,81
5894,3291,1997,GARANT,38
5895,4311,1998,GARANT,41
5896,581,1998,GARANT,39
5897,4317,1999,GARANT,44
5898,4275,1999,GARANT,39
5899,608,1999,GARANT,44
5900,542,1999,GARANT,62
5901,3600,2000,GARANT,41
5902,4438,2000,GARANT,42
5903,1859,2001,GARANT,89
5904,4989,2001,GARANT,81
5905,1002,2001,GARANT,99
5906,1305,2001,GARANT,85
5907,1934,2002,GARANT,42
5908,2537,2002,GARANT,53
5909,1110,2003,GARANT,47
5910,3314,2003,GARANT,49
5911,3412,2004,GARANT,57
5912,890,2005,GARANT,85
5913,218,2005,GARANT,78
5914,4944,2005,GARANT,86
5915,2849,2006,GARANT,96
5916,3286,2006,GARANT,94
5917,2911,2006,GARANT,80
5918,4523,2007,GARANT,52
5919,1122,2008,GARANT,42
5920,4598,2008,GARANT,50
5921,4392,2009,GARANT,52
5922,606,2009,GARANT,50
5923,3727,2009,GARANT,44
5924,4947,2010,GARANT,43
5925,3047,2010,GARANT,48
5926,1627,2011,GARANT,45
5927,4583,2012,GARANT,41
5928,2666,2012,GARANT,46
5929,437,2013,GARANT,78
5930,3218,2013,GARANT,84
5931,1055,2013,GARANT,94
5932,2276,2014,GARANT,73
5933,1832,2014,GARANT,97
5934,4770,2015,GARANT,96
5935,1431,2015,GARANT,73
5936,4092,2015,GARANT,82
5937,3647,2015,GARANT,75
5938,3170,2015,GARANT,88
5939,4648,2015,GARANT,74
5940,1958,2015,GARANT,99
5941,1847,2015,GARANT,90
5942,667,2016,GARANT,39
5943,3595,2016,GARANT,51
5944,1189,2016,GARANT,43
5945,2873,2017,GARANT,96
5946,3316,2017,GARANT,85
5947,1004,2017,GARANT,81
5948,4348,2017,GARANT,78
5949,3305,2017,GARANT,85
5950,1613,2017,GARANT,92
5951,1843,2017,GARANT,80
5952,2866,2018,GARANT,93
5953,4497,2018,GARANT,89
5954,3408,2018,GARANT,94
5955,1558,2018,GARANT,79
5956,2524,2019,GARANT,61
5957,3119,2020,GARANT,73
5958,3237,2020,GARANT,69
5959,849,2020,GARANT,44
5960,4044,2020,GARANT,44
5961,1838,2020,GARANT,49
5962,4381,2021,GARANT,92
5963,4912,2021,GARANT,89
5964,2540,2022,GARANT,77
5965,1771,2022,GARANT,96
5966,1701,2022,GARANT,73
5967,1449,2023,GARANT,71
5968,3501,2023,GARANT,38
5969,3247,2024,GARANT,58
5970,4964,2024,GARANT,66
5971,4661,2024,GARANT,67
5972,2853,2024,GARANT,44
5973,2888,2024,GARANT,58
5974,4012,2025,GARANT,73
5975,2863,2025,GARANT,85
5976,3932,2025,GARANT,94
5977,3067,2025,GARANT,90
5978,3247,2025,GARANT,88
5979,894,2026,GARANT,79
5980,3370,2026,GARANT,89
5981,1149,2027,GARANT,96
5982,4996,2027,GARANT,89
5983,1045,2027,GARANT,98
5984,4300,2027,GARANT,86
5985,1707,2027,GARANT,90
5986,3194,2027,GARANT,78
5987,943,2027,GARANT,91
5988,2365,2028,GARANT,53
5989,2808,2028,GARANT,52
5990,717,2029,GARANT,47
5991,1055,2030,GARANT,78
5992,1748,2030,GARANT,72
5993,24,2030,GARANT,82
5994,64,2031,GARANT,49
5995,1360,2032,GARANT,88
5996,146,2032,GARANT,89
5997,3137,2032,GARANT,88
5998,3175,2032,GARANT,94
5999,383,2033,GARANT,76
6000,1613,2033,GARANT,91
6001,4433,2033,GARANT,97
6002,2832,2034,GARANT,37
6003,1903,2035,GARANT,44
6004,1866,2036,GARANT,73
6005,2182,2036,GARANT,86
6006,920,2036,GARANT,93
6007,4060,2036,GARANT,80
6008,4398,2036,GARANT,74
6009,4733,2037,GARANT,40
6010,3825,2038,GARANT,78
6011,3113,2038,GARANT,80
6012,3660,2039,GARANT,39
6013,653,2039,GARANT,45
6014,1020,2040,GARANT,80
6015,826,2041,GARANT,37
6016,1657,2042,GARANT,88
6017,3139,2042,GARANT,87
6018,962,2042,GARANT,77
6019,4624,2043,GARANT,79
6020,405,2043,GARANT,84
6021,32,2043,GARANT,81
6022,4152,2044,GARANT,42
6023,1167,2045,GARANT,91
6024,2452,2045,GARANT,81
6025,3320,2045,GARANT,88
6026,1372,2045,GARANT,78
6027,4595,2045,GARANT,76
6028,4790,2046,GARANT,46
6029,2306,2047,GARANT,99
6030,1474,2048,GARANT,87
6031,3048,2048,GARANT,81
6032,944,2048,GARANT,86
6033,3328,2048,GARANT,79
6034,3742,2048,GARANT,89
6035,667,2048,GARANT,98
6036,143,2049,GARANT,44
6037,3113,2049,GARANT,47
6038,2087,2049,GARANT,63
6039,3915,2050,GARANT,91
6040,3480,2050,GARANT,95
6041,3674,2050,GARANT,94
6042,2007,2050,GARANT,77
6043,1123,2050,GARANT,89
6044,2624,2051,GARANT,56
6045,383,2051,GARANT,39
6046,911,2052,GARANT,39
6047,4895,2052,GARANT,48
6048,3720,2052,GARANT,45
6049,3712,2053,GARANT,42
6050,890,2053,GARANT,42
6051,244,2053,GARANT,42
6052,1224,2053,GARANT,37
6053,4206,2053,GARANT,48
6054,2527,2053,GARANT,50
6055,3841,2054,GARANT,45
6056,2362,2054,GARANT,53
6057,2383,2054,GARANT,44
6058,3225,2055,GARANT,57
6059,4728,2055,GARANT,40
6060,2314,2055,GARANT,43
6061,2754,2056,GARANT,97
6062,1962,2056,GARANT,95
6063,2500,2056,GARANT,96
6064,2385,2056,GARANT,89
6065,1615,2056,GARANT,89
6066,1421,2057,GARANT,89
6067,3847,2057,GARANT,84
6068,2029,2057,GARANT,81
6069,3538,2057,GARANT,88
6070,2496,2057,GARANT,72
6071,480,2057,GARANT,72
6072,4265,2057,GARANT,95
6073,312,2057,GARANT,73
6074,3841,2057,GARANT,86
6075,1356,2058,GARANT,89
6076,955,2058,GARANT,77
6077,1548,2058,GARANT,97
6078,3630,2058,GARANT,77
6079,2556,2058,GARANT,96
6080,4868,2058,GARANT,93
6081,426,2058,GARANT,78
6082,920,2058,GARANT,76
6083,1122,2059,GARANT,68
6084,1779,2059,GARANT,64
6085,2592,2060,GARANT,83
6086,1941,2060,GARANT,78
6087,948,2061,GARANT,55
6088,4973,2061,GARANT,60
6089,3218,2061,GARANT,50
6090,972,2062,GARANT,40
6091,3989,2063,GARANT,43
6092,4021,2063,GARANT,48
6093,4909,2063,GARANT,40
6094,3362,2064,GARANT,99
6095,4234,2064,GARANT,78
6096,4446,2065,GARANT,83
6097,2472,2065,GARANT,87
6098,3875,2065,GARANT,75
6099,2726,2065,GARANT,94
6100,2959,2066,GARANT,79
6101,134,2067,GARANT,87
6102,3364,2067,GARANT,87
6103,4955,2067,GARANT,88
6104,2478,2068,GARANT,54
6105,281,2068,GARANT,45
6106,2597,2069,GARANT,76
6107,3548,2069,GARANT,76
6108,4508,2069,GARANT,80
6109,2330,2069,GARANT,76
6110,1036,2069,GARANT,97
6111,1238,2070,GARANT,86
6112,4960,2070,GARANT,89
6113,166,2071,GARANT,63
6114,2170,2071,GARANT,54
6115,1730,2072,GARANT,79
6116,996,2072,GARANT,86
6117,1701,2072,GARANT,80
6118,2085,2073,GARANT,81
6119,1075,2073,GARANT,84
6120,4658,2073,GARANT,86
6121,2762,2074,GARANT,99
6122,2806,2074,GARANT,78
6123,1817,2074,GARANT,85
6124,2238,2074,GARANT,76
6125,462,2074,GARANT,81
6126,4448,2074,GARANT,92
6127,4317,2075,GARANT,68
6128,1122,2076,GARANT,58
6129,2063,2076,GARANT,47
6130,2711,2077,GARANT,84
6131,1940,2077,GARANT,82
6132,147,2077,GARANT,96
6133,4658,2078,GARANT,50
6134,386,2078,GARANT,39
6135,1973,2079,GARANT,86
6136,3905,2079,GARANT,99
6137,1980,2079,GARANT,92
6138,4734,2079,GARANT,95
6139,1498,2079,GARANT,94
6140,3740,2080,GARANT,44
6141,4276,2081,GARANT,47
6142,1794,2081,GARANT,53
6143,2180,2081,GARANT,60
6144,1700,2082,GARANT,75
6145,4988,2082,GARANT,72
6146,2871,2082,GARANT,72
6147,3410,2083,GARANT,97
6148,3182,2083,GARANT,88
6149,4179,2084,GARANT,99
6150,4314,2084,GARANT,78
6151,2746,2084,GARANT,94
6152,1309,2084,GARANT,90
6153,113,2084,GARANT,96
6154,2721,2085,GARANT,60
6155,3331,2085,GARANT,47
6156,4362,2086,GARANT,78
6157,2327,2086,GARANT,96
6158,998,2086,GARANT,95
6159,1394,2087,GARANT,55
6160,2778,2087,GARANT,41
6161,2682,2088,GARANT,49
6162,3584,2088,GARANT,49
6163,4183,2088,GARANT,55
6164,1696,2088,GARANT,51
6165,746,2088,GARANT,54
6166,2125,2088,GARANT,48
6167,2950,2089,GARANT,49
6168,3632,2089,GARANT,47
6169,3691,2090,GARANT,49
6170,1486,2090,GARANT,56
6171,4741,2091,GARANT,74
6172,324,2092,GARANT,72
6173,4660,2092,GARANT,77
6174,2920,2092,GARANT,94
6175,3758,2092,GARANT,98
6176,133,2093,GARANT,83
6177,2451,2093,GARANT,91
6178,2835,2094,GARANT,87
6179,1403,2095,GARANT,74
6180,2125,2095,GARANT,79
6181,2590,2096,GARANT,50
6182,3985,2096,GARANT,42
6183,2904,2097,GARANT,88
6184,314,2097,GARANT,90
6185,2219,2097,GARANT,75
6186,1049,2097,GARANT,93
6187,4448,2098,GARANT,41
6188,2404,2098,GARANT,63
6189,4910,2099,GARANT,46
6190,760,2099,GARANT,44
6191,1470,2100,GARANT,54
6192,4906,2100,GARANT,54
6193,903,2100,GARANT,52
6194,3419,2101,GARANT,51
6195,1100,2102,GARANT,81
6196,2403,2102,GARANT,82
6197,4375,2102,GARANT,99
6198,2440,2102,GARANT,86
6199,129,2102,GARANT,78
6200,104,2102,GARANT,95
6201,1146,2102,GARANT,81
6202,4310,2103,GARANT,59
6203,3532,2103,GARANT,46
6204,3041,2103,GARANT,61
6205,273,2103,GARANT,39
6206,2776,2104,GARANT,38
6207,1459,2105,GARANT,41
6208,3830,2105,GARANT,44
6209,4592,2105,GARANT,41
6210,1315,2106,GARANT,81
6211,1608,2106,GARANT,95
6212,297,2107,GARANT,97
6213,3580,2107,GARANT,85
6214,2759,2107,GARANT,97
6215,3512,2107,GARANT,79
6216,226,2107,GARANT,90
6217,694,2108,GARANT,45
6218,355,2108,GARANT,42
6219,4769,2109,GARANT,58
6220,1629,2109,GARANT,42
6221,3396,2110,GARANT,78
6222,457,2110,GARANT,73
6223,1672,2110,GARANT,72
6224,2001,2110,GARANT,81
6225,2482,2111,GARANT,55
6226,2778,2111,GARANT,51
6227,1416,2111,GARANT,50
6228,2100,2111,GARANT,45
6229,249,2111,GARANT,37
6230,1394,2111,GARANT,49
6231,4928,2112,GARANT,41
6232,4975,2113,GARANT,85
6233,4745,2113,GARANT,86
6234,581,2113,GARANT,96
6235,1940,2114,GARANT,45
6236,2920,2114,GARANT,52
6237,3070,2114,GARANT,38
6238,1772,2115,GARANT,92
6239,2708,2116,GARANT,44
6240,1680,2117,GARANT,54
6241,1379,2117,GARANT,39
6242,3641,2117,GARANT,68
6243,1015,2117,GARANT,39
6244,496,2117,GARANT,44
6245,4383,2118,GARANT,42
6246,1645,2118,GARANT,37
6247,3008,2118,GARANT,45
6248,3409,2118,GARANT,59
6249,4152,2118,GARANT,39
6250,3337,2119,GARANT,91
6251,4205,2119,GARANT,98
6252,251,2119,GARANT,92
6253,746,2119,GARANT,96
6254,300,2119,GARANT,78
6255,812,2119,GARANT,88
6256,7,2120,GARANT,72
6257,2623,2120,GARANT,99
6258,2736,2120,GARANT,84
6259,3170,2121,GARANT,55
6260,2770,2121,GARANT,57
6261,1882,2122,GARANT,62
6262,2778,2123,GARANT,56
6263,6,2123,GARANT,49
6264,1011,2123,GARANT,39
6265,3549,2124,GARANT,51
6266,1631,2124,GARANT,44
6267,292,2124,GARANT,45
6268,541,2124,GARANT,56
6269,4350,2124,GARANT,57
6270,1500,2125,GARANT,45
6271,127,2125,GARANT,45
6272,3764,2125,GARANT,51
6273,2564,2126,GARANT,46
6274,2143,2126,GARANT,39
6275,4445,2127,GARANT,39
6276,1597,2127,GARANT,54
6277,2808,2127,GARANT,42
6278,3672,2127,GARANT,45
6279,3025,2127,GARANT,54
6280,1050,2127,GARANT,44
6281,3303,2127,GARANT,51
6282,3782,2128,GARANT,75
6283,948,2128,GARANT,90
6284,847,2129,GARANT,43
6285,4536,2129,GARANT,57
6286,749,2129,GARANT,40
6287,4874,2129,GARANT,49
6288,3474,2129,GARANT,39
6289,2316,2130,GARANT,79
6290,1631,2130,GARANT,92
6291,3837,2130,GARANT,77
6292,2841,2130,GARANT,99
6293,1178,2130,GARANT,91
6294,752,2130,GARANT,95
6295,2234,2131,GARANT,61
6296,1700,2131,GARANT,43
6297,726,2131,GARANT,38
6298,3050,2132,GARANT,43
6299,63,2132,GARANT,55
6300,4941,2132,GARANT,55
6301,147,2132,GARANT,49
6302,1856,2133,GARANT,42
6303,4777,2133,GARANT,44
6304,998,2133,GARANT,42
6305,582,2133,GARANT,50
6306,3672,2134,GARANT,40
6307,409,2134,GARANT,41
6308,4489,2135,GARANT,43
6309,2039,2136,GARANT,96
6310,1044,2137,GARANT,37
6311,484,2138,GARANT,48
6312,4658,2138,GARANT,63
6313,3385,2138,GARANT,46
6314,4568,2139,GARANT,80
6315,2068,2139,GARANT,88
6316,2180,2139,GARANT,78
6317,1919,2139,GARANT,89
6318,209,2140,GARANT,47
6319,1500,2140,GARANT,40
6320,563,2141,GARANT,85
6321,528,2141,GARANT,81
6322,3029,2141,GARANT,96
6323,2415,2142,GARANT,94
6324,2170,2142,GARANT,98
6325,777,2142,GARANT,73
6326,120,2142,GARANT,81
6327,1014,2142,GARANT,74
6328,1211,2142,GARANT,99
6329,3948,2143,GARANT,47
6330,118,2143,GARANT,49
6331,4546,2143,GARANT,48
6332,1045,2143,GARANT,37
6333,1896,2143,GARANT,50
6334,1657,2143,GARANT,39
6335,1857,2144,GARANT,64
6336,3695,2144,GARANT,50
6337,3319,2144,GARANT,57
6338,2780,2145,GARANT,89
6339,3375,2145,GARANT,77
6340,1774,2145,GARANT,75
6341,3421,2146,GARANT,84
6342,3143,2146,GARANT,87
6343,1449,2146,GARANT,75
6344,4905,2146,GARANT,80
6345,542,2147,GARANT,80
6346,4533,2147,GARANT,79
6347,4899,2147,GARANT,84
6348,4386,2148,GARANT,41
6349,3480,2149,GARANT,51
6350,265,2149,GARANT,49
6351,2722,2149,GARANT,48
6352,1917,2150,GARANT,42
6353,911,2150,GARANT,49
6354,2812,2150,GARANT,60
6355,466,2150,GARANT,40
6356,3592,2150,GARANT,55
6357,4053,2151,GARANT,49
6358,324,2151,GARANT,53
6359,2293,2152,GARANT,40
6360,2974,2152,GARANT,38
6361,262,2152,GARANT,57
6362,1740,2153,GARANT,79
6363,343,2154,GARANT,94
6364,1879,2154,GARANT,93
6365,2618,2154,GARANT,96
6366,4997,2154,GARANT,88
6367,1630,2154,GARANT,83
6368,4010,2154,GARANT,83
6369,2615,2155,GARANT,39
6370,717,2156,GARANT,54
6371,4856,2157,GARANT,90
6372,1322,2157,GARANT,88
6373,1782,2158,GARANT,76
6374,4313,2158,GARANT,96
6375,4064,2158,GARANT,82
6376,1042,2159,GARANT,42
6377,465,2160,GARANT,92
6378,1299,2161,GARANT,56
6379,4346,2161,GARANT,50
6380,4280,2162,GARANT,75
6381,4394,2162,GARANT,75
6382,2623,2163,GARANT,85
6383,4884,2163,GARANT,90
6384,4463,2163,GARANT,88
6385,4136,2163,GARANT,95
6386,4245,2164,GARANT,66
6387,1980,2164,GARANT,45
6388,1834,2164,GARANT,41
6389,4944,2165,GARANT,49
6390,3691,2166,GARANT,97
6391,2772,2166,GARANT,98
6392,3442,2167,GARANT,92
6393,760,2167,GARANT,87
6394,3566,2167,GARANT,93
6395,4841,2167,GARANT,81
6396,1394,2167,GARANT,99
6397,4960,2167,GARANT,77
6398,1759,2167,GARANT,98
6399,874,2167,GARANT,93
6400,610,2168,GARANT,46
6401,910,2168,GARANT,37
6402,3878,2168,GARANT,51
6403,3025,2169,GARANT,87
6404,4223,2169,GARANT,80
6405,2508,2169,GARANT,89
6406,3636,2169,GARANT,81
6407,2884,2170,GARANT,50
6408,2163,2171,GARANT,39
6409,2798,2171,GARANT,38
6410,4415,2171,GARANT,56
6411,2008,2172,GARANT,54
6412,3067,2173,GARANT,98
6413,3692,2173,GARANT,99
6414,2795,2174,GARANT,79
6415,4969,2174,GARANT,90
6416,1193,2174,GARANT,80
6417,1338,2174,GARANT,95
6418,418,2175,GARANT,92
6419,2569,2175,GARANT,74
6420,2999,2176,GARANT,93
6421,3720,2177,GARANT,37
6422,2742,2177,GARANT,46
6423,1500,2177,GARANT,51
6424,705,2177,GARANT,55
6425,55,2178,GARANT,82
6426,2970,2178,GARANT,73
6427,4992,2178,GARANT,88
6428,1358,2178,GARANT,98
6429,864,2179,GARANT,98
6430,1404,2179,GARANT,82
6431,2128,2179,GARANT,99
6432,1293,2179,GARANT,99
6433,1810,2180,GARANT,79
6434,3123,2180,GARANT,91
6435,2020,2180,GARANT,87
6436,115,2181,GARANT,38
6437,243,2182,GARANT,97
6438,68,2182,GARANT,83
6439,3581,2182,GARANT,81
6440,2371,2182,GARANT,74
6441,3806,2182,GARANT,89
6442,4144,2182,GARANT,96
6443,1636,2183,GARANT,73
6444,1621,2183,GARANT,76
6445,2588,2183,GARANT,76
6446,4398,2183,GARANT,88
6447,1315,2184,GARANT,45
6448,4657,2184,GARANT,48
6449,3799,2184,GARANT,48
6450,2143,2184,GARANT,40
6451,751,2184,GARANT,52
6452,1705,2184,GARANT,51
6453,2857,2184,GARANT,42
6454,4145,2185,GARANT,38
6455,1347,2186,GARANT,92
6456,1449,2186,GARANT,78
6457,2180,2187,GARANT,76
6458,2068,2187,GARANT,82
6459,1449,2188,GARANT,93
6460,1527,2189,GARANT,37
6461,3237,2189,GARANT,50
6462,3305,2189,GARANT,42
6463,3123,2189,GARANT,61
6464,1339,2190,GARANT,56
6465,4152,2191,GARANT,39
6466,1195,2191,GARANT,40
6467,1467,2191,GARANT,41
6468,4508,2191,GARANT,50
6469,1777,2192,GARANT,91
6470,265,2192,GARANT,89
6471,4079,2193,GARANT,37
6472,3635,2194,GARANT,54
6473,3101,2194,GARANT,40
6474,4286,2194,GARANT,58
6475,1329,2194,GARANT,51
6476,1957,2195,GARANT,73
6477,3250,2195,GARANT,92
6478,3669,2195,GARANT,92
6479,442,2195,GARANT,90
6480,3740,2195,GARANT,77
6481,2253,2196,GARANT,97
6482,1940,2196,GARANT,93
6483,2742,2197,GARANT,43
6484,3419,2197,GARANT,41
6485,3123,2198,GARANT,90
6486,4068,2198,GARANT,97
6487,1467,2199,GARANT,62
6488,4622,2199,GARANT,53
6489,2888,2199,GARANT,50
6490,3219,2200,GARANT,81
6491,2192,2200,GARANT,90
6492,1686,2200,GARANT,80
6493,4090,2200,GARANT,83
6494,3441,2200,GARANT,72
6495,479,2201,GARANT,46
6496,4522,2201,GARANT,38
6497,606,2202,GARANT,94
6498,4514,2202,GARANT,85
6499,4400,2202,GARANT,83
6500,4670,2202,GARANT,78
6501,2246,2202,GARANT,82
6502,3921,2202,GARANT,73
6503,4173,2202,GARANT,72
6504,1552,2203,GARANT,88
6505,583,2203,GARANT,85
6506,4973,2203,GARANT,95
6507,81,2203,GARANT,88
6508,2759,2204,GARANT,41
6509,290,2204,GARANT,44
6510,3114,2205,GARANT,86
6511,3227,2205,GARANT,80
6512,1526,2205,GARANT,92
6513,3270,2205,GARANT,76
6514,1436,2205,GARANT,88
6515,4388,2205,GARANT,77
6516,944,2206,GARANT,47
6517,4238,2207,GARANT,51
6518,3319,2208,GARANT,40
6519,4492,2208,GARANT,46
6520,3809,2208,GARANT,42
6521,4816,2209,GARANT,61
6522,1176,2209,GARANT,52
6523,1567,2209,GARANT,40
6524,1003,2210,GARANT,73
6525,3809,2210,GARANT,90
6526,354,2210,GARANT,77
6527,773,2210,GARANT,83
6528,2104,2210,GARANT,80
6529,4740,2210,GARANT,77
6530,2731,2210,GARANT,84
6531,1364,2211,GARANT,62
6532,3870,2211,GARANT,46
6533,4829,2211,GARANT,57
6534,8,2211,GARANT,51
6535,2297,2212,GARANT,75
6536,2292,2213,GARANT,89
6537,2116,2213,GARANT,80
6538,1428,2213,GARANT,80
6539,1472,2213,GARANT,82
6540,3571,2213,GARANT,74
6541,191,2213,GARANT,86
6542,3218,2214,GARANT,51
6543,1332,2214,GARANT,44
6544,917,2214,GARANT,71
6545,3227,2215,GARANT,82
6546,3683,2215,GARANT,76
6547,553,2216,GARANT,87
6548,1772,2216,GARANT,92
6549,2382,2216,GARANT,81
6550,665,2216,GARANT,76
6551,3427,2217,GARANT,78
6552,2382,2217,GARANT,94
6553,4393,2217,GARANT,79
6554,481,2217,GARANT,93
6555,3124,2217,GARANT,81
6556,2762,2217,GARANT,77
6557,3397,2218,GARANT,92
6558,1467,2218,GARANT,85
6559,1559,2218,GARANT,72
6560,583,2218,GARANT,98
6561,2427,2218,GARANT,76
6562,300,2219,GARANT,49
6563,4989,2219,GARANT,49
6564,1647,2220,GARANT,43
6565,4992,2220,GARANT,52
6566,2860,2221,GARANT,39
6567,3906,2221,GARANT,60
6568,4060,2221,GARANT,50
6569,130,2221,GARANT,45
6570,25,2221,GARANT,37
6571,4890,2221,GARANT,63
6572,4729,2222,GARANT,75
6573,3243,2222,GARANT,97
6574,4800,2222,GARANT,80
6575,4017,2222,GARANT,90
6576,4650,2222,GARANT,76
6577,2979,2222,GARANT,72
6578,1673,2223,GARANT,72
6579,2316,2223,GARANT,94
6580,3506,2223,GARANT,80
6581,2246,2223,GARANT,82
6582,3884,2224,GARANT,41
6583,1158,2225,GARANT,74
6584,2634,2225,GARANT,95
6585,2349,2225,GARANT,77
6586,198,2226,GARANT,98
6587,3713,2226,GARANT,76
6588,344,2226,GARANT,75
6589,1634,2226,GARANT,94
6590,550,2227,GARANT,94
6591,212,2228,GARANT,53
6592,3787,2229,GARANT,42
6593,1400,2229,GARANT,41
6594,4905,2230,GARANT,85
6595,1375,2230,GARANT,78
6596,4173,2231,GARANT,83
6597,1664,2231,GARANT,92
6598,2703,2232,GARANT,90
6599,2354,2232,GARANT,73
6600,14,2232,GARANT,73
6601,2888,2232,GARANT,86
6602,3782,2232,GARANT,97
6603,1055,2232,GARANT,98
6604,4729,2233,GARANT,53
6605,3280,2234,GARANT,54
6606,2742,2234,GARANT,46
6607,705,2234,GARANT,40
6608,84,2235,GARANT,90
6609,2040,2235,GARANT,77
6610,595,2235,GARANT,73
6611,3078,2235,GARANT,91
6612,3028,2235,GARANT,75
6613,180,2236,GARANT,74
6614,3896,2236,GARANT,92
6615,1459,2236,GARANT,73
6616,1784,2237,GARANT,94
6617,966,2237,GARANT,94
6618,2161,2238,GARANT,46
6619,625,2239,GARANT,46
6620,4553,2240,GARANT,86
6621,3017,2240,GARANT,74
6622,1715,2240,GARANT,89
6623,2963,2240,GARANT,73
6624,2806,2240,GARANT,98
6625,3535,2241,GARANT,77
6626,4777,2241,GARANT,91
6627,465,2241,GARANT,75
6628,418,2242,GARANT,84
6629,2537,2242,GARANT,88
6630,2985,2242,GARANT,99
6631,3437,2242,GARANT,72
6632,394,2243,GARANT,38
6633,8,2244,GARANT,49
6634,1740,2244,GARANT,52
6635,1482,2244,GARANT,42
6636,4507,2244,GARANT,42
6637,1825,2245,GARANT,72
6638,4460,2245,GARANT,79
6639,4610,2245,GARANT,93
6640,569,2246,GARANT,89
6641,2316,2246,GARANT,89
6642,3786,2247,GARANT,49
6643,2708,2247,GARANT,37
6644,1439,2247,GARANT,40
6645,4612,2248,GARANT,90
6646,4483,2248,GARANT,78
6647,4310,2248,GARANT,81
6648,2308,2248,GARANT,96
6649,1825,2248,GARANT,79
6650,1562,2248,GARANT,80
6651,1157,2248,GARANT,72
6652,3026,2249,GARANT,79
6653,4450,2249,GARANT,76
6654,3283,2249,GARANT,86
6655,3264,2249,GARANT,75
6656,2405,2249,GARANT,89
6657,1889,2249,GARANT,96
6658,2500,2250,GARANT,51
6659,1822,2250,GARANT,38
6660,146,2251,GARANT,63
6661,779,2252,GARANT,50
6662,2027,2252,GARANT,67
6663,1768,2252,GARANT,47
6664,4300,2252,GARANT,40
6665,3876,2252,GARANT,47
6666,2755,2253,GARANT,39
6667,2092,2253,GARANT,57
6668,347,2253,GARANT,40
6669,3592,2254,GARANT,49
6670,2556,2255,GARANT,74
6671,2220,2255,GARANT,92
6672,1478,2255,GARANT,81
6673,426,2255,GARANT,77
6674,4955,2256,GARANT,41
6675,2955,2256,GARANT,53
6676,829,2256,GARANT,53
6677,2427,2256,GARANT,49
6678,895,2256,GARANT,41
6679,2163,2257,GARANT,76
6680,3280,2257,GARANT,87
6681,3355,2257,GARANT,84
6682,1353,2258,GARANT,54
6683,1045,2258,GARANT,47
6684,1013,2258,GARANT,42
6685,2247,2259,GARANT,84
6686,3549,2259,GARANT,73
6687,1223,2259,GARANT,95
6688,4549,2259,GARANT,98
6689,1368,2259,GARANT,75
6690,898,2259,GARANT,75
6691,4800,2260,GARANT,57
6692,4344,2260,GARANT,49
6693,4017,2260,GARANT,47
6694,3639,2260,GARANT,48
6695,1482,2261,GARANT,47
6696,2220,2262,GARANT,55
6697,4156,2262,GARANT,53
6698,4049,2262,GARANT,52
6699,2541,2263,GARANT,56
6700,4155,2263,GARANT,60
6701,1494,2264,GARANT,38
6702,1993,2264,GARANT,41
6703,3898,2264,GARANT,38
6704,1723,2264,GARANT,48
6705,3698,2265,GARANT,84
6706,1358,2265,GARANT,78
6707,2811,2265,GARANT,85
6708,1680,2265,GARANT,92
6709,6,2265,GARANT,74
6710,4841,2265,GARANT,90
6711,2588,2265,GARANT,72
6712,3219,2266,GARANT,37
6713,2292,2266,GARANT,54
6714,143,2267,GARANT,37
6715,2601,2268,GARANT,88
6716,1379,2268,GARANT,73
6717,4906,2268,GARANT,91
6718,2925,2268,GARANT,93
6719,3151,2268,GARANT,75
6720,2100,2268,GARANT,96
6721,1498,2269,GARANT,42
6722,4921,2269,GARANT,43
6723,200,2270,GARANT,40
6724,1478,2270,GARANT,61
6725,1621,2270,GARANT,73
6726,3339,2271,GARANT,46
6727,864,2272,GARANT,43
6728,1511,2273,GARANT,39
6729,2985,2274,GARANT,79
6730,4217,2274,GARANT,96
6731,1259,2274,GARANT,87
6732,1388,2274,GARANT,81
6733,3016,2274,GARANT,80
6734,982,2275,GARANT,79
6735,4733,2275,GARANT,79
6736,1916,2275,GARANT,89
6737,723,2275,GARANT,79
6738,722,2276,GARANT,45
6739,4675,2276,GARANT,53
6740,4740,2276,GARANT,38
6741,3751,2277,GARANT,78
6742,3071,2277,GARANT,90
6743,4300,2277,GARANT,76
6744,3612,2277,GARANT,77
6745,2789,2278,GARANT,50
6746,4536,2279,GARANT,47
6747,262,2280,GARANT,46
6748,646,2280,GARANT,42
6749,3722,2280,GARANT,47
6750,93,2281,GARANT,91
6751,2514,2281,GARANT,81
6752,4264,2281,GARANT,95
6753,1630,2281,GARANT,72
6754,708,2281,GARANT,75
6755,4948,2281,GARANT,88
6756,3297,2282,GARANT,47
6757,1234,2282,GARANT,37
6758,4214,2282,GARANT,58
6759,3479,2282,GARANT,57
6760,3729,2282,GARANT,47
6761,2228,2283,GARANT,40
6762,3578,2284,GARANT,87
6763,1975,2284,GARANT,88
6764,1624,2284,GARANT,98
6765,3614,2285,GARANT,92
6766,3379,2286,GARANT,84
6767,4770,2286,GARANT,77
6768,2772,2286,GARANT,73
6769,1361,2287,GARANT,88
6770,2565,2287,GARANT,98
6771,3207,2287,GARANT,83
6772,2088,2287,GARANT,89
6773,3665,2288,GARANT,37
6774,1170,2288,GARANT,61
6775,2743,2288,GARANT,51
6776,2702,2288,GARANT,42
6777,121,2289,GARANT,97
6778,2852,2289,GARANT,78
6779,3141,2289,GARANT,90
6780,4610,2289,GARANT,72
6781,1982,2290,GARANT,77
6782,2808,2290,GARANT,86
6783,2317,2290,GARANT,99
6784,2804,2291,GARANT,58
6785,2076,2291,GARANT,44
6786,519,2291,GARANT,57
6787,1604,2291,GARANT,43
6788,4523,2292,GARANT,58
6789,2729,2292,GARANT,45
6790,4529,2292,GARANT,52
6791,2342,2293,GARANT,87
6792,1732,2293,GARANT,87
6793,178,2293,GARANT,73
6794,1934,2293,GARANT,88
6795,2428,2293,GARANT,84
6796,1048,2293,GARANT,91
6797,2690,2293,GARANT,73
6798,1895,2293,GARANT,91
6799,3932,2294,GARANT,80
6800,4629,2294,GARANT,90
6801,2232,2294,GARANT,89
6802,4345,2294,GARANT,78
6803,613,2295,GARANT,84
6804,361,2295,GARANT,95
6805,4908,2295,GARANT,88
6806,4932,2295,GARANT,73
6807,3186,2295,GARANT,84
6808,1048,2296,GARANT,80
6809,2342,2296,GARANT,89
6810,665,2296,GARANT,89
6811,4166,2297,GARANT,72
6812,3969,2297,GARANT,89
6813,1166,2297,GARANT,92
6814,3266,2298,GARANT,54
6815,4163,2298,GARANT,59
6816,303,2299,GARANT,73
6817,3187,2300,GARANT,46
6818,1333,2300,GARANT,56
6819,1059,2300,GARANT,39
6820,2027,2301,GARANT,92
6821,943,2301,GARANT,99
6822,407,2301,GARANT,96
6823,514,2302,GARANT,83
6824,3328,2302,GARANT,86
6825,1166,2302,GARANT,75
6826,3516,2302,GARANT,85
6827,198,2302,GARANT,77
6828,2785,2303,GARANT,76
6829,2051,2304,GARANT,75
6830,4115,2304,GARANT,89
6831,4044,2304,GARANT,73
6832,1975,2304,GARANT,79
6833,3266,2305,GARANT,95
6834,1447,2305,GARANT,93
6835,3152,2305,GARANT,95
6836,590,2305,GARANT,99
6837,2205,2305,GARANT,79
6838,949,2306,GARANT,44
6839,4961,2306,GARANT,53
6840,4346,2307,GARANT,75
6841,2136,2307,GARANT,92
6842,2762,2307,GARANT,77
6843,1543,2307,GARANT,82
6844,1219,2307,GARANT,98
6845,871,2307,GARANT,91
6846,4612,2308,GARANT,37
6847,4088,2308,GARANT,62
6848,4089,2308,GARANT,44
6849,853,2308,GARANT,45
6850,613,2309,GARANT,49
6851,3891,2309,GARANT,62
6852,3713,2309,GARANT,52
6853,3685,2310,GARANT,57
6854,2003,2311,GARANT,37
6855,2501,2311,GARANT,46
6856,78,2311,GARANT,53
6857,1224,2312,GARANT,46
6858,2347,2313,GARANT,75
6859,751,2313,GARANT,73
6860,1013,2313,GARANT,99
6861,3194,2313,GARANT,98
6862,1234,2313,GARANT,88
6863,4475,2313,GARANT,81
6864,3771,2314,GARANT,69
6865,3903,2314,GARANT,39
6866,4247,2314,GARANT,49
6867,4576,2314,GARANT,56
6868,2925,2315,GARANT,48
6869,2778,2315,GARANT,39
6870,4282,2315,GARANT,43
6871,3285,2315,GARANT,41
6872,1901,2316,GARANT,54
6873,3441,2316,GARANT,48
6874,2959,2316,GARANT,70
6875,1247,2317,GARANT,44
6876,2680,2318,GARANT,89
6877,4555,2318,GARANT,88
6878,705,2318,GARANT,99
6879,3054,2318,GARANT,80
6880,3818,2318,GARANT,82
6881,1701,2319,GARANT,95
6882,4280,2319,GARANT,86
6883,1730,2319,GARANT,96
6884,734,2319,GARANT,92
6885,3059,2320,GARANT,95
6886,2001,2320,GARANT,95
6887,97,2320,GARANT,93
6888,365,2320,GARANT,89
6889,1004,2321,GARANT,48
6890,4852,2322,GARANT,93
6891,464,2322,GARANT,96
6892,1017,2323,GARANT,87
6893,275,2323,GARANT,74
6894,996,2323,GARANT,86
6895,2588,2323,GARANT,95
6896,727,2323,GARANT,92
6897,120,2324,GARANT,80
6898,912,2324,GARANT,75
6899,2943,2324,GARANT,97
6900,3331,2324,GARANT,95
6901,2980,2324,GARANT,73
6902,1651,2325,GARANT,95
6903,300,2325,GARANT,74
6904,4121,2326,GARANT,73
6905,4841,2326,GARANT,93
6906,3151,2326,GARANT,87
6907,324,2326,GARANT,83
6908,4238,2327,GARANT,97
6909,2241,2327,GARANT,95
6910,3580,2328,GARANT,73
6911,2843,2328,GARANT,89
6912,2582,2328,GARANT,93
6913,4382,2328,GARANT,87
6914,1454,2329,GARANT,99
6915,4885,2329,GARANT,91
6916,3126,2329,GARANT,74
6917,2029,2329,GARANT,77
6918,2731,2329,GARANT,95
6919,437,2330,GARANT,41
6920,4810,2330,GARANT,37
6921,3624,2330,GARANT,47
6922,3692,2330,GARANT,40
6923,1865,2331,GARANT,55
6924,390,2332,GARANT,80
6925,323,2333,GARANT,90
6926,4487,2333,GARANT,99
6927,4116,2333,GARANT,93
6928,4479,2333,GARANT,93
6929,3291,2334,GARANT,54
6930,4973,2335,GARANT,81
6931,2102,2335,GARANT,97
6932,1606,2336,GARANT,37
6933,1523,2336,GARANT,48
6934,653,2337,GARANT,79
6935,2762,2337,GARANT,96
6936,580,2337,GARANT,91
6937,3382,2338,GARANT,97
6938,3301,2338,GARANT,76
6939,2115,2338,GARANT,98
6940,4393,2338,GARANT,89
6941,4613,2338,GARANT,90
6942,244,2339,GARANT,97
6943,720,2339,GARANT,82
6944,1059,2339,GARANT,92
6945,146,2340,GARANT,52
6946,3252,2340,GARANT,43
6947,4305,2340,GARANT,41
6948,4200,2341,GARANT,80
6949,4583,2341,GARANT,82
6950,2911,2342,GARANT,45
6951,1993,2342,GARANT,59
6952,178,2342,GARANT,52
6953,8,2342,GARANT,40
6954,665,2342,GARANT,59
6955,4599,2343,GARANT,98
6956,2192,2343,GARANT,99
6957,129,2344,GARANT,45
6958,4881,2345,GARANT,41
6959,1029,2345,GARANT,44
6960,157,2345,GARANT,44
6961,3305,2346,GARANT,40
6962,2170,2346,GARANT,44
6963,1353,2347,GARANT,45
6964,3889,2348,GARANT,44
6965,1484,2349,GARANT,44
6966,3647,2350,GARANT,70
6967,747,2350,GARANT,38
6968,348,2350,GARANT,70
6969,1407,2350,GARANT,43
6970,2845,2350,GARANT,46
6971,918,2350,GARANT,53
6972,942,2351,GARANT,41
6973,4021,2351,GARANT,43
6974,2557,2351,GARANT,46
6975,2215,2351,GARANT,44
6976,1822,2352,GARANT,53
6977,292,2353,GARANT,91
6978,328,2353,GARANT,78
6979,4532,2353,GARANT,81
6980,3808,2353,GARANT,81
6981,4592,2353,GARANT,95
6982,2367,2354,GARANT,45
6983,3314,2355,GARANT,83
6984,4771,2355,GARANT,82
6985,4210,2355,GARANT,89
6986,3082,2355,GARANT,81
6987,4190,2356,GARANT,42
6988,3593,2356,GARANT,49
6989,4076,2356,GARANT,38
6990,3946,2356,GARANT,50
6991,844,2357,GARANT,50
6992,4534,2358,GARANT,95
6993,1464,2358,GARANT,99
6994,2866,2358,GARANT,81
6995,1432,2358,GARANT,82
6996,212,2358,GARANT,91
6997,3763,2358,GARANT,90
6998,2659,2359,GARANT,82
6999,3479,2359,GARANT,96
7000,454,2359,GARANT,82
7001,4996,2359,GARANT,96
7002,2400,2360,GARANT,48
7003,897,2361,GARANT,96
7004,2761,2361,GARANT,78
7005,590,2361,GARANT,92
7006,4292,2361,GARANT,96
7007,4885,2362,GARANT,94
7008,3935,2362,GARANT,94
7009,4997,2363,GARANT,84
7010,3751,2363,GARANT,94
7011,616,2363,GARANT,91
7012,1735,2364,GARANT,75
7013,910,2365,GARANT,75
7014,4475,2365,GARANT,93
7015,942,2366,GARANT,89
7016,2405,2366,GARANT,86
7017,1784,2366,GARANT,90
7018,4551,2367,GARANT,48
7019,1982,2368,GARANT,94
7020,3021,2368,GARANT,91
7021,3767,2368,GARANT,92
7022,2728,2368,GARANT,89
7023,2514,2368,GARANT,81
7024,3501,2368,GARANT,96
7025,3454,2368,GARANT,93
7026,4070,2368,GARANT,82
7027,390,2368,GARANT,81
7028,3692,2369,GARANT,55
7029,4017,2370,GARANT,86
7030,3840,2370,GARANT,74
7031,3251,2371,GARANT,91
7032,2860,2371,GARANT,92
7033,2879,2372,GARANT,94
7034,1195,2372,GARANT,80
7035,2128,2372,GARANT,77
7036,1645,2372,GARANT,81
7037,1437,2373,GARANT,83
7038,2623,2373,GARANT,91
7039,1374,2373,GARANT,95
7040,2349,2373,GARANT,92
7041,513,2373,GARANT,76
7042,2201,2373,GARANT,82
7043,2571,2373,GARANT,76
7044,2739,2374,GARANT,91
7045,3921,2374,GARANT,78
7046,1945,2374,GARANT,86
7047,2841,2374,GARANT,94
7048,2402,2374,GARANT,90
7049,4297,2375,GARANT,54
7050,1358,2375,GARANT,47
7051,4053,2375,GARANT,43
7052,2766,2376,GARANT,45
7053,2839,2376,GARANT,51
7054,3022,2377,GARANT,89
7055,2595,2377,GARANT,78
7056,248,2377,GARANT,97
7057,4345,2377,GARANT,96
7058,2729,2378,GARANT,96
7059,2529,2378,GARANT,74
7060,898,2378,GARANT,79
7061,1863,2379,GARANT,98
7062,1615,2379,GARANT,89
7063,1470,2380,GARANT,37
7064,3439,2381,GARANT,87
7065,650,2381,GARANT,84
7066,444,2381,GARANT,96
7067,3674,2381,GARANT,98
7068,4373,2381,GARANT,78
7069,4755,2381,GARANT,93
7070,2911,2382,GARANT,99
7071,4421,2382,GARANT,96
7072,187,2383,GARANT,46
7073,113,2383,GARANT,46
7074,4852,2383,GARANT,51
7075,827,2383,GARANT,40
7076,2191,2384,GARANT,64
7077,108,2385,GARANT,89
7078,4041,2385,GARANT,95
7079,2632,2385,GARANT,90
7080,2444,2385,GARANT,84
7081,2528,2385,GARANT,98
7082,1042,2386,GARANT,44
7083,2170,2387,GARANT,88
7084,2478,2387,GARANT,72
7085,1235,2387,GARANT,90
7086,3123,2387,GARANT,92
7087,4943,2388,GARANT,58
7088,3450,2388,GARANT,42
7089,3152,2388,GARANT,50
7090,1533,2389,GARANT,43
7091,1646,2390,GARANT,95
7092,2313,2391,GARANT,45
7093,3511,2392,GARANT,41
7094,437,2393,GARANT,75
7095,1055,2393,GARANT,77
7096,3044,2394,GARANT,89
7097,2744,2394,GARANT,80
7098,3140,2395,GARANT,37
7099,847,2395,GARANT,42
7100,2469,2395,GARANT,59
7101,982,2396,GARANT,74
7102,998,2396,GARANT,75
7103,2522,2396,GARANT,87
7104,3234,2396,GARANT,84
7105,1103,2396,GARANT,72
7106,3379,2397,GARANT,99
7107,1208,2397,GARANT,77
7108,1382,2397,GARANT,78
7109,937,2397,GARANT,85
7110,3832,2397,GARANT,91
7111,4847,2397,GARANT,82
7112,2315,2398,GARANT,82
7113,143,2398,GARANT,82
7114,1058,2398,GARANT,85
7115,675,2398,GARANT,92
7116,4164,2398,GARANT,98
7117,270,2398,GARANT,75
7118,4890,2398,GARANT,95
7119,2742,2399,GARANT,62
7120,1450,2400,GARANT,63
7121,2554,2400,GARANT,50
7122,2731,2400,GARANT,66
7123,4204,2400,GARANT,49
7124,2592,2400,GARANT,41
7125,115,2400,GARANT,53
7126,3275,2401,GARANT,51
7127,4036,2402,GARANT,80
7128,444,2402,GARANT,75
7129,4364,2402,GARANT,84
7130,2959,2402,GARANT,98
7131,306,2402,GARANT,77
7132,4286,2402,GARANT,87
7133,62,2403,GARANT,91
7134,561,2403,GARANT,93
7135,3909,2403,GARANT,95
7136,2352,2403,GARANT,79
7137,4138,2404,GARANT,71
7138,2567,2404,GARANT,44
7139,966,2405,GARANT,93
7140,942,2405,GARANT,92
7141,4842,2406,GARANT,40
7142,2746,2407,GARANT,74
7143,2707,2407,GARANT,86
7144,2939,2407,GARANT,79
7145,2744,2408,GARANT,42
7146,2957,2408,GARANT,42
7147,3137,2409,GARANT,52
7148,3891,2409,GARANT,59
7149,4166,2409,GARANT,52
7150,3713,2409,GARANT,45
7151,3970,2410,GARANT,96
7152,1139,2410,GARANT,80
7153,2767,2410,GARANT,85
7154,3635,2410,GARANT,72
7155,567,2411,GARANT,44
7156,3641,2411,GARANT,49
7157,4053,2411,GARANT,46
7158,1492,2412,GARANT,80
7159,2706,2412,GARANT,85
7160,730,2413,GARANT,86
7161,4104,2413,GARANT,92
7162,4444,2414,GARANT,47
7163,1235,2414,GARANT,40
7164,281,2415,GARANT,49
7165,493,2416,GARANT,54
7166,4929,2416,GARANT,38
7167,3078,2417,GARANT,78
7168,4273,2417,GARANT,80
7169,2836,2417,GARANT,78
7170,403,2417,GARANT,79
7171,953,2417,GARANT,87
7172,87,2418,GARANT,48
7173,1142,2418,GARANT,41
7174,2789,2419,GARANT,54
7175,1866,2420,GARANT,50
7176,3233,2420,GARANT,50
7177,3285,2420,GARANT,42
7178,4941,2420,GARANT,43
7179,4282,2420,GARANT,39
7180,1078,2421,GARANT,91
7181,3571,2421,GARANT,88
7182,4124,2421,GARANT,76
7183,2314,2421,GARANT,94
7184,4514,2421,GARANT,73
7185,2739,2421,GARANT,79
7186,650,2421,GARANT,73
7187,3150,2421,GARANT,90
7188,2959,2421,GARANT,82
7189,4057,2421,GARANT,90
7190,4263,2422,GARANT,47
7191,1776,2423,GARANT,78
7192,2352,2423,GARANT,86
7193,202,2424,GARANT,86
7194,2040,2424,GARANT,77
7195,3078,2424,GARANT,94
7196,2674,2424,GARANT,74
7197,334,2424,GARANT,83
7198,3097,2425,GARANT,80
7199,1549,2425,GARANT,96
7200,29,2425,GARANT,74
7201,662,2425,GARANT,99
7202,2677,2426,GARANT,37
7203,709,2426,GARANT,53
7204,1559,2427,GARANT,50
7205,4744,2427,GARANT,37
7206,3247,2427,GARANT,40
7207,887,2428,GARANT,44
7208,1061,2428,GARANT,53
7209,433,2429,GARANT,93
7210,587,2430,GARANT,54
7211,1170,2430,GARANT,55
7212,1396,2430,GARANT,48
7213,2884,2431,GARANT,40
7214,3899,2432,GARANT,80
7215,1704,2432,GARANT,82
7216,198,2432,GARANT,92
7217,2698,2432,GARANT,85
7218,4973,2433,GARANT,62
7219,904,2433,GARANT,43
7220,4810,2433,GARANT,52
7221,3247,2433,GARANT,43
7222,1131,2434,GARANT,44
7223,3097,2434,GARANT,42
7224,3678,2434,GARANT,64
7225,1647,2435,GARANT,81
7226,4144,2435,GARANT,76
7227,29,2436,GARANT,90
7228,4542,2436,GARANT,86
7229,426,2437,GARANT,87
7230,1015,2437,GARANT,95
7231,3207,2438,GARANT,81
7232,3337,2438,GARANT,90
7233,3535,2439,GARANT,49
7234,1939,2439,GARANT,53
7235,2955,2440,GARANT,73
7236,2191,2440,GARANT,82
7237,2859,2440,GARANT,98
7238,4444,2441,GARANT,64
7239,2170,2441,GARANT,62
7240,2884,2441,GARANT,41
7241,708,2442,GARANT,85
7242,3215,2442,GARANT,91
7243,4844,2442,GARANT,85
7244,4569,2443,GARANT,42
7245,4945,2443,GARANT,39
7246,3012,2443,GARANT,47
7247,447,2443,GARANT,46
7248,2024,2444,GARANT,93
7249,2955,2444,GARANT,98
7250,4152,2444,GARANT,73
7251,4391,2445,GARANT,39
7252,1838,2445,GARANT,39
7253,4263,2445,GARANT,57
7254,2536,2445,GARANT,40
7255,2462,2446,GARANT,44
7256,320,2446,GARANT,59
7257,488,2446,GARANT,42
7258,3225,2446,GARANT,41
7259,2687,2447,GARANT,39
7260,2610,2447,GARANT,45
7261,658,2448,GARANT,86
7262,223,2448,GARANT,76
7263,2475,2448,GARANT,89
7264,3215,2449,GARANT,60
7265,4948,2449,GARANT,52
7266,4215,2450,GARANT,68
7267,1962,2451,GARANT,61
7268,3886,2451,GARANT,45
7269,423,2452,GARANT,96
7270,1938,2453,GARANT,45
7271,3856,2454,GARANT,41
7272,4891,2455,GARANT,52
7273,3308,2455,GARANT,43
7274,4675,2456,GARANT,72
7275,491,2456,GARANT,89
7276,2772,2456,GARANT,75
7277,3379,2456,GARANT,73
7278,4977,2456,GARANT,76
7279,2144,2456,GARANT,95
7280,2592,2456,GARANT,92
7281,3319,2456,GARANT,98
7282,2330,2457,GARANT,99
7283,2440,2457,GARANT,97
7284,3548,2457,GARANT,75
7285,2891,2457,GARANT,96
7286,367,2458,GARANT,42
7287,4151,2459,GARANT,45
7288,248,2459,GARANT,44
7289,4345,2460,GARANT,94
7290,614,2460,GARANT,92
7291,376,2460,GARANT,87
7292,4648,2461,GARANT,77
7293,717,2461,GARANT,83
7294,1675,2461,GARANT,73
7295,2104,2461,GARANT,79
7296,575,2461,GARANT,79
7297,122,2462,GARANT,97
7298,4954,2462,GARANT,82
7299,4282,2463,GARANT,43
7300,2156,2464,GARANT,46
7301,4614,2464,GARANT,67
7302,703,2465,GARANT,79
7303,3382,2465,GARANT,78
7304,4104,2466,GARANT,43
7305,2103,2467,GARANT,56
7306,2071,2467,GARANT,37
7307,2189,2467,GARANT,49
7308,3948,2468,GARANT,49
7309,51,2468,GARANT,48
7310,3729,2468,GARANT,48
7311,3878,2468,GARANT,39
7312,4042,2468,GARANT,52
7313,4909,2469,GARANT,46
7314,3840,2470,GARANT,42
7315,2519,2471,GARANT,85
7316,2024,2471,GARANT,95
7317,2044,2471,GARANT,88
7318,248,2471,GARANT,80
7319,1339,2471,GARANT,84
7320,1997,2472,GARANT,44
7321,3379,2473,GARANT,45
7322,2029,2473,GARANT,65
7323,475,2474,GARANT,87
7324,200,2474,GARANT,95
7325,3866,2474,GARANT,78
7326,1143,2475,GARANT,72
7327,1534,2475,GARANT,73
7328,4729,2475,GARANT,75
7329,3372,2475,GARANT,87
7330,974,2476,GARANT,94
7331,464,2476,GARANT,96
7332,3558,2476,GARANT,89
7333,4381,2476,GARANT,83
7334,1196,2477,GARANT,76
7335,4573,2477,GARANT,83
7336,4189,2477,GARANT,81
7337,4568,2478,GARANT,38
7338,4359,2479,GARANT,45
7339,1376,2479,GARANT,38
7340,2253,2480,GARANT,45
7341,3895,2480,GARANT,47
7342,953,2481,GARANT,38
7343,113,2481,GARANT,45
7344,1356,2482,GARANT,54
7345,3171,2483,GARANT,57
7346,568,2483,GARANT,42
7347,1576,2483,GARANT,40
7348,4626,2483,GARANT,50
7349,334,2484,GARANT,73
7350,2014,2484,GARANT,72
7351,115,2484,GARANT,77
7352,441,2485,GARANT,44
7353,3935,2486,GARANT,75
7354,2496,2486,GARANT,91
7355,2913,2486,GARANT,90
7356,1454,2486,GARANT,96
7357,290,2487,GARANT,44
7358,479,2488,GARANT,56
7359,4406,2488,GARANT,40
7360,302,2489,GARANT,77
7361,725,2489,GARANT,72
7362,543,2489,GARANT,88
7363,3320,2489,GARANT,74
7364,4769,2489,GARANT,74
7365,3582,2490,GARANT,94
7366,2525,2491,GARANT,85
7367,481,2491,GARANT,78
7368,3928,2491,GARANT,81
7369,125,2491,GARANT,92
7370,3096,2491,GARANT,73
7371,465,2492,GARANT,45
7372,805,2492,GARANT,50
7373,112,2493,GARANT,39
7374,2891,2493,GARANT,46
7375,561,2493,GARANT,41
7376,2888,2493,GARANT,59
7377,2352,2494,GARANT,51
7378,4872,2495,GARANT,42
7379,3879,2495,GARANT,38
7380,1958,2496,GARANT,84
7381,2826,2496,GARANT,72
7382,3369,2497,GARANT,82
7383,597,2497,GARANT,86
7384,2812,2497,GARANT,92
7385,834,2497,GARANT,87
7386,4221,2497,GARANT,79
7387,4205,2497,GARANT,92
7388,2108,2498,GARANT,96
7389,4783,2498,GARANT,78
7390,4807,2498,GARANT,72
7391,704,2498,GARANT,73
7392,1743,2499,GARANT,98
7393,3225,2499,GARANT,89
7394,392,2499,GARANT,86
7395,1882,2499,GARANT,85
7396,1340,2500,GARANT,77
7397,4661,2500,GARANT,87
7398,2029,2501,GARANT,38
7399,187,2501,GARANT,45
7400,3538,2501,GARANT,46
7401,2383,2501,GARANT,42
7402,1857,2501,GARANT,42
7403,3625,2502,GARANT,75
7404,2841,2502,GARANT,96
7405,2346,2503,GARANT,44
7406,160,2504,GARANT,78
7407,273,2504,GARANT,86
7408,1492,2504,GARANT,75
7409,3141,2504,GARANT,76
7410,1486,2505,GARANT,99
7411,390,2506,GARANT,78
7412,1607,2506,GARANT,86
7413,1290,2506,GARANT,99
7414,18,2507,GARANT,98
7415,2558,2507,GARANT,73
7416,435,2507,GARANT,74
7417,1476,2507,GARANT,81
7418,3013,2507,GARANT,80
7419,3548,2507,GARANT,80
7420,1338,2507,GARANT,79
7421,1674,2508,GARANT,52
7422,4106,2509,GARANT,44
7423,1137,2509,GARANT,45
7424,1114,2510,GARANT,37
7425,4840,2510,GARANT,64
7426,3126,2510,GARANT,37
7427,773,2510,GARANT,56
7428,3889,2511,GARANT,77
7429,389,2511,GARANT,84
7430,3041,2511,GARANT,77
7431,3818,2512,GARANT,48
7432,702,2512,GARANT,55
7433,3744,2513,GARANT,45
7434,426,2513,GARANT,53
7435,2556,2513,GARANT,62
7436,3203,2513,GARANT,47
7437,1470,2513,GARANT,62
7438,3151,2513,GARANT,56
7439,2749,2514,GARANT,90
7440,1768,2514,GARANT,93
7441,3614,2515,GARANT,81
7442,4042,2516,GARANT,92
7443,3876,2516,GARANT,94
7444,1508,2516,GARANT,92
7445,1288,2517,GARANT,82
7446,4777,2517,GARANT,79
7447,4438,2517,GARANT,83
7448,1369,2517,GARANT,74
7449,2597,2518,GARANT,42
7450,2352,2518,GARANT,39
7451,2459,2518,GARANT,39
7452,108,2519,GARANT,79
7453,14,2519,GARANT,80
7454,4551,2519,GARANT,76
7455,3241,2519,GARANT,72
7456,2632,2519,GARANT,97
7457,1822,2519,GARANT,77
7458,3012,2520,GARANT,79
7459,4522,2520,GARANT,95
7460,3396,2520,GARANT,89
7461,3171,2520,GARANT,92
7462,2234,2520,GARANT,99
7463,1576,2520,GARANT,72
7464,3250,2521,GARANT,44
7465,3069,2521,GARANT,50
7466,4021,2522,GARANT,83
7467,1526,2522,GARANT,93
7468,4947,2523,GARANT,48
7469,2767,2523,GARANT,52
7470,3618,2524,GARANT,40
7471,2428,2525,GARANT,64
7472,1299,2525,GARANT,41
7473,4646,2525,GARANT,43
7474,1938,2526,GARANT,99
7475,2376,2526,GARANT,72
7476,199,2527,GARANT,45
7477,4928,2527,GARANT,56
7478,2726,2527,GARANT,49
7479,1659,2527,GARANT,37
7480,4041,2528,GARANT,45
7481,3721,2529,GARANT,90
7482,3903,2529,GARANT,77
7483,400,2529,GARANT,92
7484,159,2530,GARANT,92
7485,897,2530,GARANT,79
7486,3364,2531,GARANT,89
7487,3886,2531,GARANT,89
7488,251,2532,GARANT,39
7489,4111,2533,GARANT,78
7490,571,2533,GARANT,96
7491,854,2533,GARANT,87
7492,2409,2533,GARANT,93
7493,194,2533,GARANT,74
7494,1968,2534,GARANT,40
7495,2239,2534,GARANT,52
7496,3847,2534,GARANT,61
7497,2838,2534,GARANT,47
7498,651,2535,GARANT,52
7499,4945,2535,GARANT,45
7500,2234,2535,GARANT,39
7501,4884,2535,GARANT,38
7502,4925,2536,GARANT,39
7503,282,2536,GARANT,43
7504,2504,2536,GARANT,42
7505,2103,2536,GARANT,45
7506,2467,2536,GARANT,47
7507,1613,2536,GARANT,68
7508,2616,2537,GARANT,85
7509,809,2537,GARANT,80
7510,572,2537,GARANT,95
7511,3097,2538,GARANT,82
7512,1945,2539,GARANT,37
7513,332,2539,GARANT,44
7514,1280,2539,GARANT,48
7515,4573,2539,GARANT,53
7516,152,2539,GARANT,51
7517,426,2540,GARANT,54
7518,4164,2540,GARANT,46
7519,2516,2541,GARANT,72
7520,2347,2541,GARANT,92
7521,1705,2541,GARANT,82
7522,3378,2542,GARANT,88
7523,4585,2542,GARANT,78
7524,1305,2542,GARANT,76
7525,3331,2543,GARANT,86
7526,1494,2544,GARANT,52
7527,3146,2544,GARANT,42
7528,1799,2545,GARANT,77
7529,2293,2546,GARANT,51
7530,2065,2547,GARANT,83
7531,2206,2547,GARANT,97
7532,989,2548,GARANT,79
7533,3011,2548,GARANT,73
7534,606,2548,GARANT,87
7535,2722,2548,GARANT,90
7536,473,2548,GARANT,95
7537,2542,2549,GARANT,43
7538,702,2549,GARANT,63
7539,1360,2550,GARANT,78
7540,2285,2550,GARANT,85
7541,2065,2550,GARANT,84
7542,4479,2551,GARANT,44
7543,4760,2551,GARANT,67
7544,2673,2552,GARANT,39
7545,4844,2553,GARANT,40
7546,4042,2553,GARANT,40
7547,4179,2554,GARANT,78
7548,2329,2554,GARANT,81
7549,471,2555,GARANT,42
7550,270,2556,GARANT,37
7551,3203,2556,GARANT,47
7552,2215,2557,GARANT,46
7553,4104,2558,GARANT,90
7554,310,2558,GARANT,95
7555,2444,2558,GARANT,87
7556,4810,2558,GARANT,89
7557,62,2558,GARANT,76
7558,2292,2559,GARANT,42
7559,209,2560,GARANT,76
7560,3960,2560,GARANT,75
7561,726,2560,GARANT,86
7562,447,2561,GARANT,79
7563,4717,2562,GARANT,89
7564,4844,2562,GARANT,81
7565,3021,2562,GARANT,78
7566,1811,2563,GARANT,37
7567,717,2563,GARANT,54
7568,4024,2564,GARANT,77
7569,1031,2564,GARANT,84
7570,1879,2564,GARANT,80
7571,1702,2565,GARANT,37
7572,1403,2565,GARANT,59
7573,4421,2566,GARANT,48
7574,2687,2566,GARANT,50
7575,4448,2566,GARANT,52
7576,4856,2566,GARANT,50
7577,2937,2566,GARANT,41
7578,3722,2567,GARANT,37
7579,493,2567,GARANT,44
7580,4770,2568,GARANT,46
7581,2383,2568,GARANT,52
7582,3308,2568,GARANT,62
7583,1060,2568,GARANT,47
7584,4474,2569,GARANT,52
7585,1993,2569,GARANT,45
7586,777,2570,GARANT,90
7587,289,2570,GARANT,84
7588,3532,2570,GARANT,92
7589,2189,2570,GARANT,82
7590,4149,2571,GARANT,77
7591,396,2571,GARANT,76
7592,4031,2571,GARANT,85
7593,209,2571,GARANT,76
7594,138,2571,GARANT,94
7595,2325,2571,GARANT,73
7596,918,2572,GARANT,89
7597,2826,2572,GARANT,94
7598,181,2573,GARANT,73
7599,246,2574,GARANT,54
7600,2020,2574,GARANT,49
7601,3627,2574,GARANT,56
7602,3508,2575,GARANT,38
7603,940,2575,GARANT,44
7604,3443,2575,GARANT,40
7605,3113,2576,GARANT,48
7606,962,2577,GARANT,92
7607,2027,2577,GARANT,73
7608,1868,2577,GARANT,93
7609,3596,2578,GARANT,79
7610,4033,2578,GARANT,82
7611,2388,2578,GARANT,74
7612,4946,2578,GARANT,95
7613,895,2579,GARANT,87
7614,3886,2579,GARANT,86
7615,4996,2580,GARANT,45
7616,1107,2581,GARANT,69
7617,1388,2581,GARANT,45
7618,1646,2581,GARANT,39
7619,4429,2582,GARANT,44
7620,1934,2582,GARANT,50
7621,3301,2582,GARANT,41
7622,4581,2583,GARANT,97
7623,4155,2583,GARANT,97
7624,4787,2584,GARANT,69
7625,4975,2584,GARANT,45
7626,3082,2584,GARANT,60
7627,595,2584,GARANT,42
7628,480,2584,GARANT,57
7629,4211,2585,GARANT,80
7630,4234,2585,GARANT,98
7631,3383,2585,GARANT,93
7632,1570,2585,GARANT,84
7633,4810,2586,GARANT,94
7634,1045,2587,GARANT,98
7635,2506,2587,GARANT,95
7636,2474,2588,GARANT,88
7637,729,2588,GARANT,81
7638,3786,2589,GARANT,95
7639,328,2589,GARANT,74
7640,3721,2589,GARANT,84
7641,4375,2590,GARANT,45
7642,108,2590,GARANT,42
7643,1630,2591,GARANT,72
7644,3523,2591,GARANT,96
7645,803,2591,GARANT,81
7646,4245,2591,GARANT,73
7647,4844,2591,GARANT,96
7648,3319,2592,GARANT,59
7649,32,2592,GARANT,47
7650,309,2593,GARANT,57
7651,2622,2593,GARANT,44
7652,1810,2593,GARANT,51
7653,3601,2593,GARANT,44
7654,4361,2594,GARANT,85
7655,3155,2594,GARANT,88
7656,4953,2594,GARANT,78
7657,1277,2594,GARANT,82
7658,3624,2595,GARANT,96
7659,1404,2595,GARANT,75
7660,2853,2595,GARANT,88
7661,1863,2595,GARANT,77
7662,4151,2595,GARANT,95
7663,3664,2595,GARANT,88
7664,1332,2595,GARANT,83
7665,211,2596,GARANT,42
7666,1015,2596,GARANT,51
7667,2099,2596,GARANT,75
7668,2072,2596,GARANT,48
7669,193,2597,GARANT,98
7670,1404,2597,GARANT,86
7671,2739,2598,GARANT,85
7672,4247,2598,GARANT,92
7673,4470,2598,GARANT,82
7674,1237,2598,GARANT,83
7675,2935,2599,GARANT,43
7676,1674,2600,GARANT,49
7677,2269,2600,GARANT,46
7678,475,2601,GARANT,88
7679,3375,2601,GARANT,86
7680,4339,2601,GARANT,99
7681,4525,2601,GARANT,74
7682,4351,2601,GARANT,81
7683,2371,2601,GARANT,83
7684,1419,2602,GARANT,42
7685,4436,2603,GARANT,51
7686,3369,2603,GARANT,55
7687,4890,2604,GARANT,62
7688,4817,2605,GARANT,83
7689,3614,2605,GARANT,86
7690,2472,2605,GARANT,92
7691,3415,2605,GARANT,97
7692,3826,2605,GARANT,89
7693,4611,2605,GARANT,74
7694,3736,2605,GARANT,82
7695,2043,2606,GARANT,93
7696,1114,2606,GARANT,96
7697,2427,2607,GARANT,81
7698,1552,2607,GARANT,83
7699,4661,2607,GARANT,74
7700,2434,2607,GARANT,95
7701,2352,2607,GARANT,87
7702,1748,2607,GARANT,75
7703,3237,2608,GARANT,97
7704,2573,2608,GARANT,84
7705,547,2609,GARANT,47
7706,4653,2609,GARANT,50
7707,4350,2609,GARANT,51
7708,4357,2610,GARANT,82
7709,2929,2611,GARANT,84
7710,991,2612,GARANT,44
7711,915,2612,GARANT,40
7712,1771,2612,GARANT,44
7713,2514,2613,GARANT,75
7714,3194,2613,GARANT,84
7715,4428,2613,GARANT,79
7716,369,2613,GARANT,80
7717,4996,2613,GARANT,81
7718,3674,2614,GARANT,95
7719,1237,2614,GARANT,89
7720,902,2614,GARANT,82
7721,1167,2615,GARANT,90
7722,4318,2615,GARANT,79
7723,2109,2615,GARANT,86
7724,3096,2616,GARANT,44
7725,516,2616,GARANT,50
7726,4378,2617,GARANT,49
7727,1707,2618,GARANT,39
7728,2620,2618,GARANT,38
7729,1878,2618,GARANT,44
7730,3837,2619,GARANT,89
7731,755,2619,GARANT,77
7732,4373,2619,GARANT,86
7733,1196,2619,GARANT,76
7734,547,2619,GARANT,97
7735,4997,2620,GARANT,41
7736,1739,2620,GARANT,40
7737,2023,2620,GARANT,44
7738,1375,2620,GARANT,57
7739,2976,2621,GARANT,40
7740,3270,2621,GARANT,50
7741,4909,2621,GARANT,46
7742,1613,2622,GARANT,44
7743,1004,2622,GARANT,50
7744,740,2622,GARANT,47
7745,1913,2622,GARANT,45
7746,3189,2623,GARANT,62
7747,282,2624,GARANT,44
7748,3889,2624,GARANT,45
7749,2234,2625,GARANT,62
7750,3895,2626,GARANT,84
7751,675,2626,GARANT,72
7752,2601,2626,GARANT,87
7753,4049,2626,GARANT,96
7754,998,2627,GARANT,49
7755,1738,2627,GARANT,43
7756,1217,2627,GARANT,41
7757,198,2628,GARANT,72
7758,417,2628,GARANT,77
7759,199,2628,GARANT,92
7760,2717,2628,GARANT,98
7761,610,2629,GARANT,77
7762,2252,2629,GARANT,90
7763,700,2629,GARANT,77
7764,2027,2629,GARANT,72
7765,1715,2630,GARANT,52
7766,3970,2631,GARANT,86
7767,2708,2631,GARANT,85
7768,4604,2631,GARANT,86
7769,3055,2631,GARANT,98
7770,569,2631,GARANT,74
7771,2722,2631,GARANT,80
7772,948,2632,GARANT,75
7773,4345,2632,GARANT,89
7774,3240,2632,GARANT,75
7775,1793,2632,GARANT,89
7776,2736,2633,GARANT,91
7777,3508,2633,GARANT,83
7778,3955,2633,GARANT,79
7779,425,2633,GARANT,97
7780,107,2634,GARANT,79
7781,534,2634,GARANT,78
7782,1859,2634,GARANT,75
7783,2306,2634,GARANT,97
7784,651,2634,GARANT,97
7785,1967,2635,GARANT,58
7786,2504,2635,GARANT,51
7787,2085,2635,GARANT,45
7788,1527,2636,GARANT,67
7789,481,2637,GARANT,42
7790,2762,2637,GARANT,61
7791,4448,2637,GARANT,48
7792,2628,2638,GARANT,55
7793,2922,2638,GARANT,38
7794,3186,2638,GARANT,57
7795,1901,2639,GARANT,75
7796,2428,2640,GARANT,96
7797,1299,2640,GARANT,96
7798,3992,2640,GARANT,78
7799,2724,2640,GARANT,92
7800,2342,2640,GARANT,91
7801,4448,2640,GARANT,89
7802,4212,2641,GARANT,54
7803,4061,2641,GARANT,43
7804,4095,2641,GARANT,37
7805,4333,2642,GARANT,78
7806,107,2642,GARANT,76
7807,1071,2642,GARANT,91
7808,2634,2642,GARANT,85
7809,18,2643,GARANT,61
7810,3218,2643,GARANT,55
7811,1793,2643,GARANT,40
7812,3692,2643,GARANT,45
7813,610,2644,GARANT,80
7814,369,2644,GARANT,79
7815,4615,2644,GARANT,85
7816,2143,2644,GARANT,79
7817,1352,2644,GARANT,90
7818,4899,2645,GARANT,46
7819,3798,2645,GARANT,51
7820,3558,2646,GARANT,85
7821,405,2646,GARANT,92
7822,4072,2646,GARANT,86
7823,379,2646,GARANT,91
7824,4648,2646,GARANT,78
7825,657,2646,GARANT,92
7826,1865,2647,GARANT,42
7827,3844,2647,GARANT,52
7828,3385,2648,GARANT,79
7829,246,2648,GARANT,87
7830,2046,2649,GARANT,95
7831,1865,2649,GARANT,78
7832,4164,2650,GARANT,38
7833,3778,2651,GARANT,42
7834,2930,2652,GARANT,39
7835,4819,2652,GARANT,50
7836,3866,2653,GARANT,96
7837,3975,2653,GARANT,83
7838,277,2654,GARANT,46
7839,3044,2655,GARANT,93
7840,4963,2655,GARANT,91
7841,2789,2655,GARANT,88
7842,543,2655,GARANT,72
7843,198,2655,GARANT,97
7844,3914,2656,GARANT,79
7845,2027,2656,GARANT,85
7846,1290,2656,GARANT,83
7847,1575,2657,GARANT,91
7848,3695,2657,GARANT,74
7849,2181,2657,GARANT,99
7850,4242,2658,GARANT,40
7851,3895,2658,GARANT,39
7852,3570,2658,GARANT,43
7853,25,2658,GARANT,37
7854,4953,2659,GARANT,92
7855,4428,2659,GARANT,97
7856,1234,2659,GARANT,72
7857,3159,2660,GARANT,84
7858,84,2660,GARANT,79
7859,4975,2660,GARANT,82
7860,1526,2661,GARANT,41
7861,3267,2662,GARANT,90
7862,1451,2662,GARANT,95
7863,2830,2662,GARANT,76
7864,1402,2662,GARANT,95
7865,417,2662,GARANT,72
7866,3034,2663,GARANT,84
7867,1293,2663,GARANT,85
7868,840,2663,GARANT,82
7869,1161,2663,GARANT,88
7870,3276,2664,GARANT,97
7871,402,2664,GARANT,81
7872,1166,2665,GARANT,56
7873,2874,2666,GARANT,86
7874,4333,2667,GARANT,97
7875,3913,2667,GARANT,77
7876,314,2667,GARANT,97
7877,4845,2667,GARANT,79
7878,453,2668,GARANT,44
7879,3535,2668,GARANT,46
7880,3165,2668,GARANT,48
7881,4564,2668,GARANT,52
7882,3140,2668,GARANT,44
7883,4137,2668,GARANT,48
7884,3662,2669,GARANT,44
7885,36,2669,GARANT,49
7886,968,2670,GARANT,54
7887,4191,2670,GARANT,37
7888,1120,2670,GARANT,51
7889,930,2671,GARANT,46
7890,3729,2672,GARANT,49
7891,1045,2672,GARANT,54
7892,881,2673,GARANT,72
7893,2766,2673,GARANT,89
7894,3917,2673,GARANT,97
7895,3727,2673,GARANT,93
7896,1016,2673,GARANT,81
7897,1439,2673,GARANT,73
7898,4852,2674,GARANT,48
7899,1003,2674,GARANT,64
7900,2090,2674,GARANT,49
7901,1909,2675,GARANT,73
7902,4588,2675,GARANT,78
7903,721,2675,GARANT,81
7904,583,2676,GARANT,45
7905,4954,2677,GARANT,41
7906,962,2678,GARANT,80
7907,1353,2678,GARANT,72
7908,79,2678,GARANT,86
7909,1234,2678,GARANT,74
7910,1498,2678,GARANT,79
7911,2026,2679,GARANT,99
7912,1291,2679,GARANT,91
7913,3470,2679,GARANT,73
7914,2682,2680,GARANT,84
7915,2736,2680,GARANT,76
7916,2175,2681,GARANT,43
7917,553,2681,GARANT,70
7918,4884,2682,GARANT,88
7919,94,2683,GARANT,86
7920,4429,2683,GARANT,92
7921,1368,2684,GARANT,96
7922,892,2684,GARANT,78
7923,650,2684,GARANT,97
7924,3786,2684,GARANT,86
7925,3443,2685,GARANT,79
7926,365,2685,GARANT,95
7927,4884,2685,GARANT,72
7928,300,2685,GARANT,87
7929,465,2686,GARANT,92
7930,4801,2686,GARANT,79
7931,1107,2687,GARANT,96
7932,1364,2687,GARANT,78
7933,303,2687,GARANT,95
7934,4448,2687,GARANT,74
7935,3665,2687,GARANT,76
7936,571,2688,GARANT,82
7937,2109,2688,GARANT,95
7938,3428,2688,GARANT,76
7939,2796,2689,GARANT,55
7940,4474,2690,GARANT,50
7941,3408,2691,GARANT,78
7942,857,2691,GARANT,84
7943,2346,2692,GARANT,81
7944,542,2692,GARANT,75
7945,2551,2692,GARANT,98
7946,2957,2693,GARANT,84
7947,4729,2693,GARANT,91
7948,3544,2693,GARANT,88
7949,3728,2693,GARANT,86
7950,3109,2693,GARANT,89
7951,3706,2694,GARANT,56
7952,4354,2694,GARANT,58
7953,1395,2694,GARANT,42
7954,2728,2695,GARANT,72
7955,2592,2696,GARANT,97
7956,3121,2696,GARANT,79
7957,3041,2697,GARANT,82
7958,2108,2697,GARANT,78
7959,3095,2697,GARANT,77
7960,2142,2697,GARANT,98
7961,3873,2697,GARANT,83
7962,4881,2698,GARANT,72
7963,4769,2698,GARANT,81
7964,4106,2698,GARANT,98
7965,2979,2698,GARANT,89
7966,3523,2699,GARANT,45
7967,1029,2700,GARANT,76
7968,1569,2701,GARANT,47
7969,2399,2701,GARANT,56
7970,3768,2701,GARANT,37
7971,1101,2701,GARANT,37
7972,2382,2702,GARANT,49
7973,8,2702,GARANT,60
7974,36,2702,GARANT,55
7975,4646,2702,GARANT,43
7976,4421,2702,GARANT,52
7977,4448,2702,GARANT,54
7978,1239,2702,GARANT,48
7979,3603,2703,GARANT,40
7980,3336,2704,GARANT,79
7981,3744,2704,GARANT,91
7982,2371,2704,GARANT,84
7983,1395,2705,GARANT,56
7984,3931,2705,GARANT,62
7985,4899,2706,GARANT,46
7986,4990,2706,GARANT,39
7987,3809,2707,GARANT,44
7988,1600,2707,GARANT,47
7989,3847,2707,GARANT,42
7990,1188,2708,GARANT,43
7991,4529,2708,GARANT,46
7992,1296,2708,GARANT,51
7993,2502,2708,GARANT,42
7994,400,2708,GARANT,40
7995,201,2709,GARANT,83
7996,2597,2709,GARANT,72
7997,4209,2709,GARANT,75
7998,4973,2709,GARANT,79
7999,1971,2710,GARANT,44
8000,995,2710,GARANT,64
8001,4060,2711,GARANT,92
8002,243,2711,GARANT,74
8003,2854,2711,GARANT,96
8004,367,2711,GARANT,78
8005,2227,2712,GARANT,42
8006,423,2712,GARANT,39
8007,1029,2712,GARANT,58
8008,33,2713,GARANT,43
8009,2371,2713,GARANT,44
8010,3368,2713,GARANT,38
8011,2086,2714,GARANT,79
8012,2205,2714,GARANT,86
8013,1067,2714,GARANT,75
8014,1135,2715,GARANT,42
8015,4909,2715,GARANT,54
8016,3683,2715,GARANT,39
8017,550,2716,GARANT,80
8018,1903,2716,GARANT,77
8019,4166,2716,GARANT,98
8020,1130,2716,GARANT,72
8021,956,2717,GARANT,88
8022,3736,2717,GARANT,81
8023,49,2717,GARANT,72
8024,2058,2718,GARANT,89
8025,55,2718,GARANT,77
8026,4360,2718,GARANT,99
8027,3063,2718,GARANT,86
8028,2776,2719,GARANT,82
8029,778,2719,GARANT,82
8030,3635,2720,GARANT,90
8031,3550,2720,GARANT,89
8032,246,2721,GARANT,47
8033,2635,2721,GARANT,43
8034,4089,2721,GARANT,52
8035,3727,2722,GARANT,88
8036,1188,2722,GARANT,94
8037,2673,2722,GARANT,79
8038,2362,2723,GARANT,43
8039,493,2724,GARANT,50
8040,4714,2725,GARANT,47
8041,3595,2726,GARANT,57
8042,1336,2726,GARANT,43
8043,4000,2726,GARANT,49
8044,172,2727,GARANT,82
8045,3050,2727,GARANT,72
8046,3336,2727,GARANT,94
8047,2755,2727,GARANT,77
8048,3641,2727,GARANT,81
8049,3570,2727,GARANT,89
8050,324,2727,GARANT,74
8051,708,2728,GARANT,44
8052,943,2728,GARANT,64
8053,1608,2728,GARANT,47
8054,4573,2729,GARANT,42
8055,4529,2729,GARANT,39
8056,881,2729,GARANT,42
8057,1437,2730,GARANT,38
8058,3768,2730,GARANT,50
8059,3435,2730,GARANT,58
8060,3059,2730,GARANT,45
8061,4977,2731,GARANT,40
8062,3695,2731,GARANT,55
8063,3809,2731,GARANT,43
8064,2455,2732,GARANT,86
8065,1226,2732,GARANT,86
8066,4614,2732,GARANT,82
8067,581,2732,GARANT,88
8068,3832,2733,GARANT,49
8069,4840,2733,GARANT,41
8070,2674,2733,GARANT,54
8071,3665,2734,GARANT,66
8072,1178,2735,GARANT,45
8073,2314,2735,GARANT,37
8074,2292,2735,GARANT,43
8075,1471,2736,GARANT,40
8076,3764,2736,GARANT,38
8077,4297,2737,GARANT,43
8078,1470,2737,GARANT,45
8079,568,2738,GARANT,51
8080,4136,2738,GARANT,42
8081,4333,2738,GARANT,59
8082,4680,2738,GARANT,56
8083,1296,2739,GARANT,92
8084,3917,2739,GARANT,94
8085,4247,2739,GARANT,98
8086,2766,2739,GARANT,74
8087,1016,2739,GARANT,96
8088,4434,2739,GARANT,72
8089,2376,2739,GARANT,78
8090,1559,2740,GARANT,39
8091,3067,2740,GARANT,55
8092,2500,2740,GARANT,47
8093,2422,2741,GARANT,46
8094,1756,2742,GARANT,39
8095,3189,2742,GARANT,46
8096,2963,2743,GARANT,73
8097,577,2743,GARANT,81
8098,1864,2744,GARANT,99
8099,4446,2744,GARANT,90
8100,198,2744,GARANT,74
8101,2109,2744,GARANT,88
8102,3320,2744,GARANT,75
8103,4487,2745,GARANT,85
8104,2981,2745,GARANT,73
8105,4092,2746,GARANT,45
8106,2696,2746,GARANT,55
8107,918,2746,GARANT,40
8108,1450,2746,GARANT,61
8109,1592,2747,GARANT,72
8110,4692,2747,GARANT,94
8111,4463,2747,GARANT,81
8112,2871,2747,GARANT,84
8113,2403,2748,GARANT,88
8114,2352,2748,GARANT,93
8115,357,2749,GARANT,77
8116,4581,2749,GARANT,96
8117,4070,2749,GARANT,82
8118,1858,2749,GARANT,72
8119,1045,2749,GARANT,92
8120,1586,2750,GARANT,85
8121,496,2750,GARANT,85
8122,3520,2750,GARANT,88
8123,2650,2750,GARANT,97
8124,1020,2751,GARANT,63
8125,1309,2751,GARANT,54
8126,2919,2751,GARANT,45
8127,2399,2752,GARANT,52
8128,4856,2753,GARANT,73
8129,553,2753,GARANT,81
8130,2175,2753,GARANT,96
8131,2385,2754,GARANT,84
8132,692,2754,GARANT,84
8133,2474,2755,GARANT,43
8134,2650,2755,GARANT,38
8135,2783,2755,GARANT,62
8136,2048,2756,GARANT,63
8137,658,2756,GARANT,62
8138,655,2756,GARANT,43
8139,780,2757,GARANT,89
8140,4223,2757,GARANT,96
8141,1597,2757,GARANT,74
8142,3098,2757,GARANT,73
8143,3094,2757,GARANT,82
8144,4204,2758,GARANT,72
8145,2939,2758,GARANT,66
8146,3576,2758,GARANT,44
8147,1740,2759,GARANT,95
8148,2428,2759,GARANT,89
8149,1482,2759,GARANT,84
8150,4438,2760,GARANT,83
8151,159,2760,GARANT,82
8152,2046,2761,GARANT,83
8153,559,2761,GARANT,75
8154,1239,2762,GARANT,83
8155,88,2762,GARANT,82
8156,1231,2762,GARANT,72
8157,958,2762,GARANT,79
8158,587,2762,GARANT,93
8159,392,2763,GARANT,88
8160,3635,2763,GARANT,94
8161,2959,2763,GARANT,87
8162,3713,2764,GARANT,95
8163,944,2764,GARANT,94
8164,2297,2764,GARANT,74
8165,3048,2764,GARANT,99
8166,625,2765,GARANT,72
8167,4624,2765,GARANT,88
8168,918,2765,GARANT,94
8169,1855,2765,GARANT,81
8170,1269,2765,GARANT,88
8171,881,2766,GARANT,45
8172,1639,2767,GARANT,73
8173,3970,2767,GARANT,72
8174,4653,2767,GARANT,74
8175,1904,2768,GARANT,74
8176,1916,2768,GARANT,89
8177,589,2768,GARANT,86
8178,3827,2769,GARANT,55
8179,2104,2770,GARANT,75
8180,3285,2771,GARANT,44
8181,795,2771,GARANT,48
8182,84,2772,GARANT,45
8183,2144,2772,GARANT,50
8184,1114,2772,GARANT,43
8185,113,2772,GARANT,38
8186,3826,2773,GARANT,48
8187,2979,2773,GARANT,49
8188,4549,2774,GARANT,85
8189,2673,2774,GARANT,95
8190,394,2774,GARANT,82
8191,3870,2775,GARANT,37
8192,1061,2775,GARANT,58
8193,4390,2776,GARANT,47
8194,1310,2776,GARANT,55
8195,2043,2776,GARANT,55
8196,4475,2777,GARANT,49
8197,1283,2777,GARANT,37
8198,4906,2778,GARANT,73
8199,1257,2778,GARANT,88
8200,2917,2779,GARANT,97
8201,4832,2779,GARANT,90
8202,3221,2779,GARANT,80
8203,4010,2779,GARANT,90
8204,154,2779,GARANT,95
8205,1638,2780,GARANT,52
8206,2349,2781,GARANT,51
8207,2542,2781,GARANT,53
8208,4134,2781,GARANT,37
8209,1183,2781,GARANT,50
8210,1531,2782,GARANT,51
8211,94,2782,GARANT,49
8212,1774,2783,GARANT,74
8213,3085,2783,GARANT,97
8214,2513,2783,GARANT,97
8215,4891,2784,GARANT,73
8216,2486,2784,GARANT,86
8217,1823,2784,GARANT,95
8218,1855,2784,GARANT,73
8219,2696,2784,GARANT,77
8220,1600,2784,GARANT,86
8221,3614,2785,GARANT,48
8222,1166,2785,GARANT,44
8223,1732,2786,GARANT,73
8224,2835,2786,GARANT,80
8225,504,2787,GARANT,47
8226,3152,2787,GARANT,48
8227,3405,2787,GARANT,50
8228,201,2788,GARANT,86
8229,248,2788,GARANT,84
8230,3291,2789,GARANT,63
8231,3482,2790,GARANT,61
8232,3532,2791,GARANT,93
8233,1075,2791,GARANT,95
8234,1695,2791,GARANT,82
8235,4031,2792,GARANT,49
8236,1542,2792,GARANT,50
8237,193,2793,GARANT,92
8238,3067,2793,GARANT,88
8239,573,2794,GARANT,89
8240,874,2794,GARANT,87
8241,2398,2794,GARANT,93
8242,4920,2794,GARANT,77
8243,475,2794,GARANT,87
8244,4732,2795,GARANT,46
8245,664,2795,GARANT,48
8246,2362,2796,GARANT,64
8247,1958,2796,GARANT,46
8248,1333,2797,GARANT,90
8249,1200,2797,GARANT,85
8250,4166,2797,GARANT,82
8251,146,2797,GARANT,96
8252,1167,2797,GARANT,93
8253,3888,2798,GARANT,41
8254,2736,2798,GARANT,43
8255,427,2798,GARANT,43
8256,4746,2798,GARANT,48
8257,3579,2799,GARANT,41
8258,1903,2800,GARANT,51
8259,4207,2800,GARANT,47
8260,3966,2801,GARANT,93
8261,737,2801,GARANT,89
8262,1237,2801,GARANT,74
8263,1563,2801,GARANT,74
8264,444,2801,GARANT,92
8265,2684,2801,GARANT,83
8266,1110,2802,GARANT,52
8267,2826,2802,GARANT,43
8268,3380,2803,GARANT,88
8269,911,2803,GARANT,75
8270,568,2803,GARANT,72
8271,4916,2803,GARANT,82
8272,3405,2804,GARANT,99
8273,4656,2805,GARANT,57
8274,1322,2806,GARANT,62
8275,2296,2806,GARANT,41
8276,2161,2806,GARANT,39
8277,233,2807,GARANT,93
8278,2884,2807,GARANT,82
8279,2819,2807,GARANT,92
8280,79,2808,GARANT,90
8281,4300,2808,GARANT,92
8282,3094,2808,GARANT,74
8283,3672,2808,GARANT,93
8284,2442,2808,GARANT,88
8285,1327,2808,GARANT,94
8286,4810,2809,GARANT,43
8287,1332,2809,GARANT,43
8288,1879,2810,GARANT,46
8289,4581,2810,GARANT,53
8290,524,2811,GARANT,79
8291,143,2811,GARANT,78
8292,2920,2811,GARANT,81
8293,4960,2811,GARANT,96
8294,4555,2812,GARANT,40
8295,3768,2812,GARANT,38
8296,3592,2813,GARANT,50
8297,2634,2813,GARANT,47
8298,4964,2814,GARANT,74
8299,3511,2814,GARANT,75
8300,1652,2814,GARANT,79
8301,3180,2815,GARANT,94
8302,425,2815,GARANT,88
8303,1002,2815,GARANT,74
8304,2097,2815,GARANT,88
8305,809,2816,GARANT,47
8306,1878,2817,GARANT,98
8307,1705,2817,GARANT,99
8308,4155,2817,GARANT,82
8309,2772,2818,GARANT,48
8310,3357,2818,GARANT,55
8311,2387,2819,GARANT,39
8312,2076,2820,GARANT,81
8313,942,2820,GARANT,72
8314,1877,2820,GARANT,94
8315,1203,2821,GARANT,50
8316,969,2821,GARANT,38
8317,1671,2821,GARANT,51
8318,3231,2822,GARANT,78
8319,1432,2822,GARANT,75
8320,1486,2823,GARANT,49
8321,801,2823,GARANT,38
8322,4201,2823,GARANT,44
8323,4519,2823,GARANT,42
8324,454,2824,GARANT,40
8325,417,2825,GARANT,46
8326,1402,2825,GARANT,61
8327,2731,2826,GARANT,40
8328,1857,2826,GARANT,40
8329,1958,2826,GARANT,40
8330,1490,2827,GARANT,86
8331,3418,2827,GARANT,73
8332,2347,2827,GARANT,90
8333,3276,2827,GARANT,87
8334,2562,2827,GARANT,91
8335,1882,2828,GARANT,87
8336,1459,2828,GARANT,84
8337,541,2828,GARANT,81
8338,606,2828,GARANT,78
8339,2133,2829,GARANT,86
8340,4801,2829,GARANT,72
8341,4451,2830,GARANT,81
8342,3614,2830,GARANT,90
8343,4908,2830,GARANT,75
8344,4861,2831,GARANT,73
8345,4381,2831,GARANT,90
8346,2286,2831,GARANT,83
8347,423,2832,GARANT,94
8348,3614,2832,GARANT,98
8349,3639,2832,GARANT,98
8350,4376,2832,GARANT,83
8351,3364,2833,GARANT,79
8352,3985,2833,GARANT,89
8353,2142,2834,GARANT,89
8354,1419,2834,GARANT,89
8355,2412,2834,GARANT,81
8356,4646,2835,GARANT,44
8357,261,2835,GARANT,45
8358,3665,2835,GARANT,40
8359,827,2836,GARANT,56
8360,918,2836,GARANT,52
8361,626,2836,GARANT,44
8362,405,2836,GARANT,43
8363,480,2836,GARANT,60
8364,4117,2837,GARANT,97
8365,2703,2837,GARANT,72
8366,4269,2837,GARANT,88
8367,2496,2838,GARANT,68
8368,4771,2838,GARANT,54
8369,1958,2838,GARANT,59
8370,3480,2839,GARANT,48
8371,4057,2839,GARANT,53
8372,3903,2839,GARANT,37
8373,3702,2840,GARANT,57
8374,3589,2840,GARANT,47
8375,4286,2841,GARANT,52
8376,1533,2841,GARANT,43
8377,392,2841,GARANT,45
8378,2412,2842,GARANT,90
8379,3687,2843,GARANT,50
8380,1238,2844,GARANT,92
8381,4121,2844,GARANT,94
8382,3975,2844,GARANT,99
8383,3147,2844,GARANT,82
8384,1958,2845,GARANT,58
8385,3817,2846,GARANT,37
8386,1049,2846,GARANT,44
8387,3180,2846,GARANT,62
8388,2704,2847,GARANT,90
8389,2022,2847,GARANT,92
8390,240,2847,GARANT,92
8391,3994,2847,GARANT,96
8392,4675,2848,GARANT,81
8393,202,2848,GARANT,90
8394,379,2848,GARANT,79
8395,3347,2848,GARANT,88
8396,2845,2848,GARANT,93
8397,659,2849,GARANT,94
8398,2687,2849,GARANT,83
8399,1934,2849,GARANT,86
8400,2537,2849,GARANT,81
8401,954,2850,GARANT,39
8402,881,2851,GARANT,48
8403,1839,2851,GARANT,41
8404,1211,2852,GARANT,37
8405,2511,2852,GARANT,63
8406,4479,2852,GARANT,46
8407,542,2852,GARANT,44
8408,1822,2853,GARANT,73
8409,4964,2853,GARANT,91
8410,1467,2853,GARANT,83
8411,3657,2853,GARANT,98
8412,2755,2854,GARANT,38
8413,1263,2854,GARANT,49
8414,3453,2855,GARANT,91
8415,3252,2855,GARANT,73
8416,3516,2855,GARANT,72
8417,4489,2856,GARANT,96
8418,2613,2856,GARANT,90
8419,409,2856,GARANT,96
8420,1375,2856,GARANT,79
8421,3371,2856,GARANT,98
8422,2365,2856,GARANT,86
8423,2580,2856,GARANT,80
8424,2725,2856,GARANT,98
8425,1834,2857,GARANT,93
8426,3876,2857,GARANT,95
8427,3479,2857,GARANT,97
8428,3458,2857,GARANT,99
8429,3461,2858,GARANT,95
8430,4480,2858,GARANT,99
8431,2897,2858,GARANT,91
8432,4661,2859,GARANT,48
8433,3240,2859,GARANT,45
8434,1510,2859,GARANT,55
8435,4551,2859,GARANT,37
8436,3886,2859,GARANT,40
8437,4152,2859,GARANT,51
8438,130,2860,GARANT,85
8439,1257,2860,GARANT,80
8440,4960,2860,GARANT,87
8441,475,2860,GARANT,82
8442,1238,2860,GARANT,97
8443,1263,2860,GARANT,81
8444,1533,2861,GARANT,48
8445,755,2861,GARANT,52
8446,3859,2862,GARANT,88
8447,2070,2862,GARANT,83
8448,3151,2862,GARANT,74
8449,4525,2862,GARANT,87
8450,972,2862,GARANT,87
8451,4154,2863,GARANT,50
8452,730,2863,GARANT,53
8453,2451,2863,GARANT,39
8454,2703,2863,GARANT,39
8455,4012,2863,GARANT,59
8456,2978,2864,GARANT,92
8457,3913,2864,GARANT,96
8458,1909,2865,GARANT,66
8459,3618,2865,GARANT,54
8460,1479,2865,GARANT,67
8461,4450,2866,GARANT,58
8462,4823,2866,GARANT,41
8463,1498,2867,GARANT,87
8464,4042,2867,GARANT,72
8465,3454,2867,GARANT,94
8466,4349,2867,GARANT,77
8467,3853,2868,GARANT,51
8468,3955,2869,GARANT,72
8469,3609,2869,GARANT,89
8470,4895,2869,GARANT,73
8471,1511,2870,GARANT,82
8472,3867,2870,GARANT,99
8473,1758,2870,GARANT,99
8474,3380,2871,GARANT,40
8475,954,2871,GARANT,44
8476,3265,2871,GARANT,46
8477,3899,2872,GARANT,60
8478,218,2872,GARANT,47
8479,361,2872,GARANT,51
8480,47,2872,GARANT,39
8481,2797,2872,GARANT,37
8482,289,2873,GARANT,49
8483,4655,2873,GARANT,52
8484,1120,2874,GARANT,74
8485,1738,2874,GARANT,93
8486,4667,2874,GARANT,79
8487,2761,2875,GARANT,40
8488,3913,2876,GARANT,94
8489,677,2876,GARANT,95
8490,4419,2876,GARANT,92
8491,2736,2876,GARANT,82
8492,4483,2877,GARANT,96
8493,2570,2877,GARANT,92
8494,2033,2877,GARANT,92
8495,307,2878,GARANT,97
8496,2430,2878,GARANT,88
8497,820,2878,GARANT,86
8498,8,2878,GARANT,96
8499,3407,2878,GARANT,84
8500,3870,2878,GARANT,94
8501,435,2879,GARANT,43
8502,236,2880,GARANT,79
8503,2,2880,GARANT,88
8504,2534,2880,GARANT,87
8505,193,2881,GARANT,42
8506,4622,2881,GARANT,44
8507,4936,2881,GARANT,58
8508,2853,2881,GARANT,42
8509,18,2881,GARANT,47
8510,2044,2881,GARANT,60
8511,3723,2882,GARANT,92
8512,1209,2882,GARANT,95
8513,4785,2882,GARANT,86
8514,1967,2882,GARANT,86
8515,181,2882,GARANT,86
8516,68,2883,GARANT,72
8517,2626,2883,GARANT,86
8518,4960,2883,GARANT,86
8519,4920,2883,GARANT,94
8520,1794,2884,GARANT,52
8521,4576,2885,GARANT,85
8522,3219,2885,GARANT,74
8523,858,2886,GARANT,71
8524,2338,2886,GARANT,39
8525,1043,2886,GARANT,60
8526,3225,2887,GARANT,74
8527,1148,2887,GARANT,90
8528,3886,2888,GARANT,99
8529,4551,2888,GARANT,94
8530,967,2889,GARANT,55
8531,1511,2890,GARANT,77
8532,2273,2890,GARANT,75
8533,2715,2890,GARANT,76
8534,2557,2890,GARANT,89
8535,864,2891,GARANT,74
8536,3932,2891,GARANT,92
8537,1332,2891,GARANT,96
8538,927,2892,GARANT,97
8539,493,2892,GARANT,90
8540,64,2892,GARANT,77
8541,1866,2893,GARANT,74
8542,2104,2894,GARANT,51
8543,981,2895,GARANT,74
8544,4676,2895,GARANT,99
8545,2071,2896,GARANT,81
8546,1624,2896,GARANT,83
8547,2504,2896,GARANT,85
8548,1309,2897,GARANT,99
8549,4891,2897,GARANT,81
8550,658,2898,GARANT,45
8551,2109,2898,GARANT,61
8552,1167,2898,GARANT,52
8553,4944,2898,GARANT,37
8554,231,2899,GARANT,50
8555,644,2899,GARANT,40
8556,559,2900,GARANT,82
8557,1779,2900,GARANT,95
8558,4564,2900,GARANT,75
8559,4801,2900,GARANT,88
8560,1395,2901,GARANT,83
8561,2087,2901,GARANT,76
8562,4280,2901,GARANT,72
8563,240,2901,GARANT,79
8564,583,2902,GARANT,73
8565,1789,2903,GARANT,49
8566,1756,2903,GARANT,40
8567,534,2903,GARANT,63
8568,4031,2904,GARANT,66
8569,4522,2904,GARANT,39
8570,3476,2905,GARANT,86
8571,4761,2905,GARANT,81
8572,2108,2906,GARANT,39
8573,124,2906,GARANT,72
8574,3607,2906,GARANT,61
8575,458,2907,GARANT,90
8576,3878,2907,GARANT,78
8577,2920,2908,GARANT,37
8578,1395,2908,GARANT,38
8579,1895,2909,GARANT,86
8580,1046,2910,GARANT,94
8581,1855,2910,GARANT,84
8582,4092,2910,GARANT,78
8583,1910,2911,GARANT,51
8584,4996,2912,GARANT,83
8585,616,2912,GARANT,79
8586,4828,2912,GARANT,93
8587,4023,2912,GARANT,79
8588,4155,2912,GARANT,83
8589,3934,2912,GARANT,96
8590,697,2913,GARANT,98
8591,3023,2913,GARANT,92
8592,3735,2913,GARANT,76
8593,3695,2913,GARANT,77
8594,1114,2913,GARANT,75
8595,495,2913,GARANT,99
8596,1470,2914,GARANT,44
8597,1799,2915,GARANT,85
8598,3673,2915,GARANT,88
8599,2841,2916,GARANT,45
8600,4228,2916,GARANT,49
8601,2708,2916,GARANT,38
8602,3896,2916,GARANT,58
8603,4532,2916,GARANT,54
8604,3215,2917,GARANT,61
8605,174,2918,GARANT,79
8606,2845,2919,GARANT,85
8607,1060,2919,GARANT,81
8608,169,2919,GARANT,78
8609,3809,2919,GARANT,72
8610,4076,2919,GARANT,81
8611,3906,2920,GARANT,79
8612,4060,2920,GARANT,88
8613,4283,2920,GARANT,73
8614,3866,2920,GARANT,79
8615,1621,2920,GARANT,73
8616,4906,2920,GARANT,89
8617,4896,2921,GARANT,37
8618,3114,2921,GARANT,37
8619,998,2921,GARANT,45
8620,1877,2921,GARANT,39
8621,2065,2922,GARANT,76
8622,4485,2923,GARANT,98
8623,2683,2923,GARANT,88
8624,3253,2923,GARANT,91
8625,262,2923,GARANT,86
8626,4044,2924,GARANT,94
8627,2981,2924,GARANT,97
8628,2778,2925,GARANT,62
8629,1730,2925,GARANT,42
8630,2087,2926,GARANT,38
8631,3312,2926,GARANT,43
8632,4432,2927,GARANT,52
8633,967,2927,GARANT,69
8634,1453,2928,GARANT,90
8635,3988,2928,GARANT,83
8636,3261,2928,GARANT,72
8637,1269,2929,GARANT,63
8638,4920,2930,GARANT,37
8639,2690,2931,GARANT,96
8640,894,2931,GARANT,80
8641,4829,2931,GARANT,99
8642,4436,2932,GARANT,80
8643,4058,2932,GARANT,84
8644,4221,2932,GARANT,95
8645,2125,2932,GARANT,80
8646,4918,2932,GARANT,84
8647,2097,2932,GARANT,90
8648,4656,2933,GARANT,46
8649,704,2934,GARANT,48
8650,4889,2934,GARANT,45
8651,2089,2934,GARANT,53
8652,166,2934,GARANT,57
8653,1774,2935,GARANT,42
8654,2396,2936,GARANT,40
8655,3535,2936,GARANT,41
8656,3114,2936,GARANT,43
8657,572,2937,GARANT,85
8658,887,2937,GARANT,79
8659,3642,2938,GARANT,37
8660,4058,2938,GARANT,37
8661,639,2939,GARANT,88
8662,2003,2939,GARANT,81
8663,3379,2939,GARANT,78
8664,3769,2939,GARANT,83
8665,403,2939,GARANT,94
8666,4265,2939,GARANT,87
8667,3461,2939,GARANT,76
8668,1474,2940,GARANT,81
8669,3728,2940,GARANT,81
8670,3595,2940,GARANT,80
8671,2979,2940,GARANT,77
8672,2744,2940,GARANT,74
8673,3639,2940,GARANT,72
8674,4946,2941,GARANT,42
8675,4450,2941,GARANT,63
8676,2616,2942,GARANT,46
8677,4421,2942,GARANT,45
8678,3665,2942,GARANT,48
8679,572,2942,GARANT,45
8680,3286,2942,GARANT,45
8681,1482,2942,GARANT,60
8682,3892,2942,GARANT,58
8683,3898,2942,GARANT,45
8684,4553,2942,GARANT,45
8685,2189,2943,GARANT,47
8686,1004,2943,GARANT,41
8687,711,2943,GARANT,49
8688,859,2943,GARANT,46
8689,4899,2943,GARANT,58
8690,3144,2944,GARANT,81
8691,2163,2944,GARANT,76
8692,3012,2944,GARANT,83
8693,4031,2944,GARANT,72
8694,4717,2945,GARANT,50
8695,375,2946,GARANT,83
8696,1674,2946,GARANT,92
8697,3215,2946,GARANT,77
8698,2429,2946,GARANT,86
8699,2281,2947,GARANT,72
8700,943,2947,GARANT,86
8701,1327,2947,GARANT,87
8702,718,2948,GARANT,92
8703,880,2948,GARANT,90
8704,4220,2948,GARANT,82
8705,597,2949,GARANT,50
8706,38,2949,GARANT,51
8707,1672,2949,GARANT,50
8708,443,2950,GARANT,96
8709,4785,2950,GARANT,99
8710,4568,2950,GARANT,88
8711,1527,2950,GARANT,84
8712,1156,2950,GARANT,95
8713,2125,2951,GARANT,82
8714,3559,2951,GARANT,82
8715,1717,2952,GARANT,78
8716,402,2952,GARANT,73
8717,1902,2952,GARANT,99
8718,1352,2952,GARANT,89
8719,1615,2953,GARANT,80
8720,692,2953,GARANT,87
8721,3069,2953,GARANT,81
8722,2551,2954,GARANT,45
8723,2494,2955,GARANT,38
8724,1191,2956,GARANT,48
8725,3615,2956,GARANT,38
8726,2789,2957,GARANT,42
8727,361,2957,GARANT,44
8728,2475,2957,GARANT,37
8729,1634,2957,GARANT,45
8730,3969,2957,GARANT,44
8731,1395,2958,GARANT,67
8732,4841,2958,GARANT,38
8733,2920,2958,GARANT,38
8734,524,2958,GARANT,42
8735,1188,2959,GARANT,91
8736,4090,2959,GARANT,91
8737,400,2959,GARANT,82
8738,1945,2959,GARANT,81
8739,4495,2959,GARANT,72
8740,2841,2960,GARANT,99
8741,4392,2960,GARANT,88
8742,4990,2961,GARANT,83
8743,3087,2961,GARANT,87
8744,343,2962,GARANT,52
8745,94,2963,GARANT,44
8746,4346,2963,GARANT,39
8747,687,2964,GARANT,61
8748,1388,2964,GARANT,44
8749,2929,2965,GARANT,50
8750,2772,2965,GARANT,60
8751,2473,2965,GARANT,42
8752,4892,2965,GARANT,41
8753,3841,2965,GARANT,37
8754,4770,2965,GARANT,37
8755,3305,2966,GARANT,61
8756,4851,2966,GARANT,44
8757,3041,2966,GARANT,47
8758,2648,2966,GARANT,55
8759,4258,2966,GARANT,48
8760,4349,2967,GARANT,73
8761,4538,2967,GARANT,91
8762,4475,2967,GARANT,92
8763,4669,2967,GARANT,79
8764,962,2967,GARANT,77
8765,1017,2968,GARANT,47
8766,894,2969,GARANT,84
8767,858,2969,GARANT,76
8768,2474,2970,GARANT,41
8769,3975,2970,GARANT,40
8770,523,2971,GARANT,45
8771,2457,2971,GARANT,47
8772,3067,2971,GARANT,41
8773,3352,2972,GARANT,47
8774,367,2972,GARANT,56
8775,3570,2972,GARANT,49
8776,122,2973,GARANT,42
8777,933,2974,GARANT,44
8778,1292,2974,GARANT,44
8779,3827,2974,GARANT,38
8780,1086,2975,GARANT,60
8781,3989,2976,GARANT,99
8782,4823,2976,GARANT,80
8783,723,2976,GARANT,78
8784,3867,2976,GARANT,77
8785,3234,2976,GARANT,82
8786,3736,2977,GARANT,43
8787,3048,2977,GARANT,45
8788,2922,2977,GARANT,37
8789,3845,2977,GARANT,43
8790,4918,2978,GARANT,61
8791,1651,2978,GARANT,53
8792,2736,2978,GARANT,42
8793,3341,2978,GARANT,39
8794,4149,2978,GARANT,58
8795,2297,2979,GARANT,48
8796,1541,2979,GARANT,48
8797,4166,2979,GARANT,57
8798,4760,2980,GARANT,87
8799,629,2980,GARANT,80
8800,2387,2980,GARANT,91
8801,3123,2981,GARANT,94
8802,181,2981,GARANT,85
8803,3305,2981,GARANT,99
8804,673,2981,GARANT,96
8805,17,2982,GARANT,77
8806,4154,2983,GARANT,46
8807,3832,2984,GARANT,99
8808,2836,2984,GARANT,89
8809,2568,2984,GARANT,86
8810,2404,2985,GARANT,80
8811,3992,2985,GARANT,81
8812,2775,2985,GARANT,90
8813,2558,2986,GARANT,50
8814,2888,2986,GARANT,42
8815,129,2986,GARANT,47
8816,1568,2987,GARANT,38
8817,2180,2987,GARANT,41
8818,2020,2987,GARANT,59
8819,4538,2988,GARANT,97
8820,3459,2988,GARANT,81
8821,357,2988,GARANT,93
8822,4372,2988,GARANT,85
8823,4050,2988,GARANT,98
8824,2659,2988,GARANT,77
8825,160,2989,GARANT,39
8826,3941,2989,GARANT,50
8827,2973,2990,GARANT,37
8828,650,2990,GARANT,39
8829,133,2991,GARANT,99
8830,1485,2991,GARANT,81
8831,3067,2991,GARANT,82
8832,4509,2992,GARANT,43
8833,3241,2992,GARANT,37
8834,1322,2993,GARANT,79
8835,4217,2993,GARANT,88
8836,4485,2993,GARANT,81
8837,84,2994,GARANT,41
8838,4492,2994,GARANT,42
8839,1020,2994,GARANT,62
8840,4177,2995,GARANT,70
8841,3458,2995,GARANT,53
8842,1234,2995,GARANT,70
8843,3751,2995,GARANT,41
8844,433,2995,GARANT,39
8845,1878,2996,GARANT,81
8846,3215,2996,GARANT,86
8847,3035,2996,GARANT,85
8848,3636,2996,GARANT,76
8849,3292,2997,GARANT,42
8850,226,2997,GARANT,52
8851,307,2997,GARANT,52
8852,3301,2997,GARANT,46
8853,665,2997,GARANT,38
8854,3784,2998,GARANT,68
8855,607,2998,GARANT,38
8856,355,2999,GARANT,46
8857,4347,2999,GARANT,45
8858,389,2999,GARANT,56
8859,4263,2999,GARANT,60
8860,1527,2999,GARANT,65
8861,4114,3000,GARANT,38
8862,4664,3000,GARANT,54
8863,491,3001,GARANT,81
8864,2770,3001,GARANT,96
8865,747,3001,GARANT,77
8866,1721,3001,GARANT,77
8867,1110,3001,GARANT,75
8868,4228,3002,GARANT,46
8869,3960,3003,GARANT,76
8870,2752,3003,GARANT,90
8871,3337,3003,GARANT,99
8872,3369,3003,GARANT,91
8873,206,3003,GARANT,74
8874,3075,3004,GARANT,97
8875,1896,3004,GARANT,90
8876,1050,3004,GARANT,84
8877,3833,3005,GARANT,90
8878,488,3005,GARANT,96
8879,4576,3005,GARANT,85
8880,1627,3005,GARANT,86
8881,3991,3006,GARANT,84
8882,171,3006,GARANT,74
8883,4023,3006,GARANT,94
8884,3848,3006,GARANT,75
8885,888,3006,GARANT,83
8886,1234,3006,GARANT,82
8887,2744,3007,GARANT,42
8888,1198,3007,GARANT,53
8889,550,3007,GARANT,37
8890,2061,3008,GARANT,92
8891,2891,3008,GARANT,81
8892,1539,3008,GARANT,88
8893,730,3008,GARANT,95
8894,4530,3009,GARANT,49
8895,189,3009,GARANT,45
8896,4872,3009,GARANT,60
8897,87,3010,GARANT,44
8898,2421,3010,GARANT,51
8899,3518,3010,GARANT,60
8900,1472,3010,GARANT,37
8901,989,3011,GARANT,48
8902,314,3012,GARANT,92
8903,104,3013,GARANT,85
8904,2044,3013,GARANT,99
8905,4631,3013,GARANT,94
8906,3603,3013,GARANT,87
8907,1451,3014,GARANT,76
8908,4881,3014,GARANT,82
8909,1693,3014,GARANT,75
8910,1160,3014,GARANT,89
8911,854,3014,GARANT,74
8912,4376,3014,GARANT,84
8913,1638,3015,GARANT,49
8914,1289,3015,GARANT,44
8915,2775,3016,GARANT,87
8916,1396,3016,GARANT,98
8917,4474,3016,GARANT,77
8918,2702,3016,GARANT,99
8919,1912,3016,GARANT,72
8920,481,3016,GARANT,90
8921,4408,3017,GARANT,39
8922,700,3018,GARANT,50
8923,2620,3018,GARANT,37
8924,2371,3019,GARANT,79
8925,3015,3019,GARANT,96
8926,996,3019,GARANT,73
8927,1638,3019,GARANT,80
8928,3520,3019,GARANT,87
8929,93,3020,GARANT,43
8930,1684,3020,GARANT,42
8931,3501,3021,GARANT,46
8932,2269,3021,GARANT,52
8933,2613,3021,GARANT,55
8934,1340,3022,GARANT,51
8935,1603,3022,GARANT,40
8936,561,3022,GARANT,47
8937,193,3022,GARANT,38
8938,108,3022,GARANT,41
8939,2919,3023,GARANT,43
8940,474,3023,GARANT,53
8941,2802,3023,GARANT,37
8942,4885,3023,GARANT,42
8943,3453,3024,GARANT,88
8944,543,3024,GARANT,85
8945,4430,3024,GARANT,82
8946,4062,3024,GARANT,91
8947,1353,3025,GARANT,75
8948,93,3025,GARANT,79
8949,1657,3025,GARANT,90
8950,2405,3026,GARANT,85
8951,3474,3026,GARANT,93
8952,1838,3027,GARANT,95
8953,2089,3027,GARANT,77
8954,777,3027,GARANT,74
8955,4852,3028,GARANT,76
8956,4252,3028,GARANT,93
8957,2029,3028,GARANT,97
8958,4693,3029,GARANT,97
8959,2399,3029,GARANT,80
8960,364,3029,GARANT,95
8961,4364,3030,GARANT,87
8962,320,3030,GARANT,95
8963,1329,3030,GARANT,87
8964,3506,3030,GARANT,76
8965,304,3031,GARANT,49
8966,332,3031,GARANT,63
8967,4728,3031,GARANT,46
8968,2246,3032,GARANT,83
8969,2066,3032,GARANT,81
8970,2851,3032,GARANT,81
8971,2835,3033,GARANT,82
8972,2886,3033,GARANT,98
8973,917,3034,GARANT,73
8974,2457,3034,GARANT,75
8975,1100,3034,GARANT,94
8976,1973,3035,GARANT,49
8977,2706,3036,GARANT,45
8978,3970,3037,GARANT,41
8979,552,3037,GARANT,37
8980,2708,3037,GARANT,57
8981,98,3038,GARANT,48
8982,2371,3038,GARANT,52
8983,1156,3039,GARANT,97
8984,1303,3039,GARANT,77
8985,124,3039,GARANT,75
8986,940,3040,GARANT,78
8987,3768,3040,GARANT,96
8988,4333,3040,GARANT,98
8989,4554,3040,GARANT,84
8990,2999,3041,GARANT,44
8991,1492,3041,GARANT,56
8992,2884,3041,GARANT,52
8993,4990,3041,GARANT,44
8994,389,3041,GARANT,58
8995,4163,3042,GARANT,98
8996,2874,3042,GARANT,81
8997,1511,3042,GARANT,76
8998,1364,3043,GARANT,40
8999,3407,3043,GARANT,39
9000,2297,3044,GARANT,45
9001,854,3044,GARANT,62
9002,2615,3044,GARANT,63
9003,4238,3045,GARANT,56
9004,103,3045,GARANT,37
9005,160,3046,GARANT,60
9006,4776,3046,GARANT,52
9007,3873,3046,GARANT,39
9008,3055,3047,GARANT,97
9009,3150,3047,GARANT,86
9010,1078,3047,GARANT,94
9011,3728,3048,GARANT,80
9012,3614,3048,GARANT,92
9013,510,3048,GARANT,76
9014,2898,3048,GARANT,89
9015,3291,3048,GARANT,82
9016,4106,3048,GARANT,84
9017,1320,3049,GARANT,60
9018,800,3049,GARANT,59
9019,4536,3049,GARANT,40
9020,3350,3050,GARANT,84
9021,1050,3051,GARANT,74
9022,779,3051,GARANT,74
9023,2583,3051,GARANT,77
9024,897,3052,GARANT,79
9025,3618,3052,GARANT,85
9026,995,3052,GARANT,92
9027,2627,3052,GARANT,77
9028,3615,3053,GARANT,99
9029,2841,3053,GARANT,76
9030,1377,3053,GARANT,88
9031,4959,3053,GARANT,98
9032,4680,3054,GARANT,37
9033,4149,3054,GARANT,44
9034,3340,3055,GARANT,41
9035,3387,3056,GARANT,39
9036,3910,3057,GARANT,46
9037,3731,3058,GARANT,45
9038,3439,3058,GARANT,51
9039,569,3058,GARANT,38
9040,4463,3059,GARANT,72
9041,2125,3059,GARANT,84
9042,4989,3059,GARANT,74
9043,2399,3059,GARANT,82
9044,457,3060,GARANT,78
9045,2001,3060,GARANT,97
9046,1799,3060,GARANT,96
9047,3739,3060,GARANT,94
9048,4333,3060,GARANT,91
9049,3523,3061,GARANT,56
9050,780,3061,GARANT,60
9051,3476,3061,GARANT,48
9052,222,3062,GARANT,92
9053,3126,3062,GARANT,93
9054,3078,3062,GARANT,82
9055,1721,3062,GARANT,88
9056,2239,3062,GARANT,81
9057,2350,3062,GARANT,87
9058,1011,3063,GARANT,89
9059,1444,3063,GARANT,79
9060,1974,3063,GARANT,74
9061,2783,3063,GARANT,92
9062,4841,3063,GARANT,79
9063,2839,3064,GARANT,38
9064,2400,3065,GARANT,92
9065,2929,3065,GARANT,94
9066,4311,3066,GARANT,52
9067,480,3066,GARANT,53
9068,1616,3066,GARANT,42
9069,3240,3067,GARANT,55
9070,2588,3068,GARANT,85
9071,734,3068,GARANT,88
9072,3603,3069,GARANT,50
9073,81,3069,GARANT,37
9074,2597,3069,GARANT,46
9075,4587,3070,GARANT,88
9076,4920,3070,GARANT,81
9077,25,3070,GARANT,91
9078,903,3070,GARANT,72
9079,943,3071,GARANT,98
9080,3799,3071,GARANT,79
9081,2613,3071,GARANT,81
9082,4010,3071,GARANT,82
9083,2569,3072,GARANT,53
9084,4095,3073,GARANT,84
9085,1767,3073,GARANT,82
9086,2163,3073,GARANT,86
9087,229,3073,GARANT,85
9088,2232,3074,GARANT,37
9089,1449,3075,GARANT,81
9090,2023,3075,GARANT,82
9091,4538,3075,GARANT,86
9092,2441,3076,GARANT,42
9093,1182,3076,GARANT,39
9094,4612,3077,GARANT,72
9095,2706,3077,GARANT,76
9096,4037,3077,GARANT,82
9097,1453,3077,GARANT,73
9098,4089,3077,GARANT,83
9099,1110,3078,GARANT,95
9100,84,3078,GARANT,85
9101,657,3078,GARANT,75
9102,113,3079,GARANT,77
9103,4693,3080,GARANT,84
9104,4989,3080,GARANT,79
9105,3713,3081,GARANT,74
9106,510,3081,GARANT,72
9107,4451,3081,GARANT,90
9108,3685,3081,GARANT,97
9109,1341,3082,GARANT,40
9110,3319,3082,GARANT,45
9111,2504,3083,GARANT,53
9112,2712,3084,GARANT,56
9113,3312,3085,GARANT,85
9114,130,3085,GARANT,74
9115,2599,3085,GARANT,87
9116,3202,3086,GARANT,88
9117,2138,3087,GARANT,99
9118,2511,3087,GARANT,89
9119,3467,3087,GARANT,82
9120,4776,3087,GARANT,90
9121,4274,3087,GARANT,92
9122,2999,3088,GARANT,72
9123,2852,3088,GARANT,75
9124,3021,3089,GARANT,91
9125,2620,3089,GARANT,80
9126,375,3089,GARANT,90
9127,3405,3090,GARANT,41
9128,2366,3090,GARANT,58
9129,3474,3090,GARANT,45
9130,3989,3090,GARANT,43
9131,2457,3091,GARANT,73
9132,4345,3091,GARANT,85
9133,3097,3091,GARANT,97
9134,1720,3092,GARANT,89
9135,118,3092,GARANT,96
9136,375,3092,GARANT,87
9137,1705,3092,GARANT,73
9138,2227,3093,GARANT,98
9139,674,3093,GARANT,80
9140,848,3093,GARANT,75
9141,1005,3093,GARANT,88
9142,3891,3093,GARANT,91
9143,3875,3093,GARANT,92
9144,1807,3094,GARANT,40
9145,4489,3094,GARANT,62
9146,888,3094,GARANT,41
9147,3467,3095,GARANT,75
9148,3972,3095,GARANT,74
9149,1126,3095,GARANT,82
9150,3124,3096,GARANT,51
9151,108,3097,GARANT,79
9152,1813,3097,GARANT,92
9153,4744,3097,GARANT,89
9154,2494,3097,GARANT,81
9155,4012,3097,GARANT,75
9156,713,3098,GARANT,52
9157,911,3099,GARANT,79
9158,2234,3099,GARANT,98
9159,3380,3099,GARANT,82
9160,926,3099,GARANT,90
9161,1073,3099,GARANT,99
9162,2349,3099,GARANT,87
9163,4555,3099,GARANT,80
9164,2211,3100,GARANT,86
9165,1107,3100,GARANT,73
9166,1174,3100,GARANT,75
9167,3016,3100,GARANT,72
9168,1292,3100,GARANT,96
9169,3002,3101,GARANT,90
9170,3531,3101,GARANT,80
9171,3341,3102,GARANT,78
9172,3355,3102,GARANT,91
9173,4436,3102,GARANT,97
9174,192,3103,GARANT,80
9175,2870,3103,GARANT,81
9176,3263,3103,GARANT,95
9177,1497,3103,GARANT,97
9178,4392,3104,GARANT,43
9179,4532,3104,GARANT,47
9180,330,3105,GARANT,80
9181,575,3105,GARANT,75
9182,228,3105,GARANT,84
9183,354,3105,GARANT,80
9184,4892,3105,GARANT,96
9185,4745,3105,GARANT,73
9186,3506,3106,GARANT,48
9187,2992,3107,GARANT,75
9188,4542,3107,GARANT,83
9189,4936,3107,GARANT,75
9190,3034,3107,GARANT,75
9191,4732,3107,GARANT,89
9192,582,3108,GARANT,78
9193,1909,3108,GARANT,72
9194,96,3108,GARANT,97
9195,4896,3108,GARANT,87
9196,4588,3108,GARANT,90
9197,192,3108,GARANT,92
9198,159,3108,GARANT,94
9199,1939,3108,GARANT,75
9200,1511,3108,GARANT,91
9201,4166,3109,GARANT,87
9202,658,3109,GARANT,97
9203,3933,3109,GARANT,83
9204,2744,3109,GARANT,98
9205,1579,3109,GARANT,72
9206,613,3109,GARANT,88
9207,4989,3110,GARANT,46
9208,3786,3111,GARANT,89
9209,1472,3111,GARANT,84
9210,180,3111,GARANT,82
9211,3340,3111,GARANT,97
9212,4573,3111,GARANT,94
9213,87,3111,GARANT,94
9214,1010,3111,GARANT,89
9215,4659,3112,GARANT,96
9216,3514,3112,GARANT,80
9217,2474,3113,GARANT,72
9218,3336,3113,GARANT,41
9219,2366,3114,GARANT,60
9220,2063,3114,GARANT,47
9221,2046,3114,GARANT,65
9222,3339,3115,GARANT,73
9223,4959,3115,GARANT,74
9224,4855,3115,GARANT,72
9225,2766,3115,GARANT,83
9226,3055,3115,GARANT,84
9227,4393,3116,GARANT,72
9228,4893,3116,GARANT,91
9229,4068,3117,GARANT,75
9230,309,3117,GARANT,83
9231,1624,3117,GARANT,93
9232,4505,3117,GARANT,83
9233,4037,3117,GARANT,73
9234,3798,3117,GARANT,74
9235,3151,3118,GARANT,45
9236,1765,3118,GARANT,50
9237,1940,3118,GARANT,37
9238,1303,3119,GARANT,83
9239,4386,3119,GARANT,94
9240,1695,3119,GARANT,80
9241,2478,3119,GARANT,91
9242,724,3120,GARANT,53
9243,3538,3120,GARANT,61
9244,4745,3120,GARANT,53
9245,4204,3121,GARANT,87
9246,1421,3121,GARANT,81
9247,3768,3122,GARANT,46
9248,2219,3122,GARANT,44
9249,281,3123,GARANT,41
9250,2974,3124,GARANT,62
9251,553,3124,GARANT,53
9252,4856,3124,GARANT,52
9253,1921,3125,GARANT,81
9254,218,3125,GARANT,76
9255,4852,3126,GARANT,87
9256,4675,3126,GARANT,98
9257,187,3126,GARANT,82
9258,4390,3126,GARANT,85
9259,2722,3127,GARANT,87
9260,3352,3128,GARANT,58
9261,4535,3128,GARANT,44
9262,4476,3129,GARANT,50
9263,3280,3129,GARANT,37
9264,2830,3130,GARANT,82
9265,27,3130,GARANT,91
9266,2472,3130,GARANT,94
9267,4672,3131,GARANT,56
9268,2601,3131,GARANT,63
9269,3140,3132,GARANT,54
9270,2627,3132,GARANT,44
9271,2008,3132,GARANT,42
9272,307,3133,GARANT,72
9273,3301,3133,GARANT,97
9274,172,3134,GARANT,81
9275,2860,3134,GARANT,91
9276,3774,3135,GARANT,91
9277,392,3135,GARANT,79
9278,2526,3135,GARANT,73
9279,1631,3135,GARANT,82
9280,4829,3136,GARANT,80
9281,4752,3136,GARANT,91
9282,3291,3137,GARANT,94
9283,4106,3137,GARANT,78
9284,1372,3137,GARANT,86
9285,4829,3138,GARANT,73
9286,2244,3138,GARANT,77
9287,1050,3139,GARANT,43
9288,3693,3139,GARANT,41
9289,1045,3139,GARANT,49
9290,3878,3139,GARANT,51
9291,4996,3139,GARANT,41
9292,4200,3140,GARANT,76
9293,919,3140,GARANT,84
9294,2511,3141,GARANT,37
9295,3331,3141,GARANT,53
9296,2170,3141,GARANT,42
9297,389,3141,GARANT,57
9298,4990,3141,GARANT,59
9299,4408,3142,GARANT,90
9300,3205,3142,GARANT,98
9301,2238,3142,GARANT,76
9302,2917,3143,GARANT,43
9303,2154,3143,GARANT,51
9304,4061,3144,GARANT,93
9305,2201,3144,GARANT,82
9306,1799,3144,GARANT,89
9307,3341,3144,GARANT,86
9308,2752,3145,GARANT,99
9309,1158,3145,GARANT,76
9310,4031,3145,GARANT,98
9311,3337,3145,GARANT,83
9312,1322,3146,GARANT,85
9313,178,3146,GARANT,86
9314,1043,3146,GARANT,79
9315,2569,3146,GARANT,98
9316,826,3146,GARANT,97
9317,2437,3147,GARANT,99
9318,1730,3147,GARANT,99
9319,3070,3147,GARANT,90
9320,2626,3147,GARANT,84
9321,2573,3148,GARANT,95
9322,4089,3148,GARANT,72
9323,3532,3148,GARANT,95
9324,3798,3148,GARANT,85
9325,1520,3149,GARANT,90
9326,3147,3149,GARANT,82
9327,1866,3149,GARANT,82
9328,267,3150,GARANT,72
9329,392,3150,GARANT,83
9330,2766,3150,GARANT,83
9331,4677,3150,GARANT,78
9332,2376,3150,GARANT,78
9333,1368,3150,GARANT,88
9334,1774,3151,GARANT,80
9335,3312,3151,GARANT,95
9336,1457,3152,GARANT,88
9337,4858,3152,GARANT,76
9338,489,3152,GARANT,86
9339,4943,3152,GARANT,87
9340,4641,3153,GARANT,47
9341,3261,3153,GARANT,44
9342,233,3153,GARANT,39
9343,2108,3153,GARANT,51
9344,4037,3153,GARANT,44
9345,2428,3154,GARANT,46
9346,826,3154,GARANT,50
9347,957,3155,GARANT,90
9348,2027,3155,GARANT,88
9349,1739,3155,GARANT,81
9350,3194,3155,GARANT,72
9351,2108,3156,GARANT,40
9352,1900,3156,GARANT,52
9353,4044,3156,GARANT,43
9354,3724,3156,GARANT,45
9355,2089,3156,GARANT,41
9356,1497,3157,GARANT,78
9357,1288,3157,GARANT,79
9358,3695,3158,GARANT,73
9359,115,3158,GARANT,87
9360,801,3159,GARANT,95
9361,3691,3159,GARANT,93
9362,2156,3159,GARANT,84
9363,2029,3159,GARANT,77
9364,2749,3160,GARANT,43
9365,4264,3160,GARANT,51
9366,1110,3161,GARANT,73
9367,2802,3161,GARANT,83
9368,3935,3161,GARANT,95
9369,4852,3161,GARANT,83
9370,4517,3162,GARANT,46
9371,476,3163,GARANT,82
9372,1083,3163,GARANT,97
9373,2811,3163,GARANT,82
9374,611,3163,GARANT,93
9375,3085,3163,GARANT,95
9376,2201,3164,GARANT,76
9377,1576,3164,GARANT,89
9378,1457,3165,GARANT,73
9379,4147,3166,GARANT,86
9380,1857,3167,GARANT,55
9381,2707,3167,GARANT,49
9382,3558,3167,GARANT,42
9383,14,3168,GARANT,61
9384,2232,3168,GARANT,40
9385,1300,3168,GARANT,43
9386,423,3169,GARANT,48
9387,157,3169,GARANT,54
9388,2104,3170,GARANT,87
9389,2473,3170,GARANT,93
9390,2181,3170,GARANT,88
9391,4147,3170,GARANT,90
9392,4586,3170,GARANT,78
9393,3946,3170,GARANT,91
9394,3145,3171,GARANT,48
9395,7,3171,GARANT,53
9396,2540,3172,GARANT,96
9397,3038,3172,GARANT,72
9398,1379,3172,GARANT,87
9399,4066,3173,GARANT,84
9400,4406,3173,GARANT,94
9401,1183,3173,GARANT,77
9402,4555,3173,GARANT,88
9403,4296,3174,GARANT,97
9404,2088,3174,GARANT,73
9405,4585,3174,GARANT,88
9406,528,3174,GARANT,86
9407,140,3175,GARANT,80
9408,1586,3176,GARANT,84
9409,2653,3176,GARANT,95
9410,1621,3176,GARANT,92
9411,4535,3176,GARANT,92
9412,1060,3177,GARANT,90
9413,1164,3177,GARANT,85
9414,2911,3178,GARANT,38
9415,1231,3178,GARANT,48
9416,8,3178,GARANT,43
9417,3870,3178,GARANT,60
9418,3379,3179,GARANT,50
9419,405,3179,GARANT,39
9420,1600,3179,GARANT,45
9421,1095,3179,GARANT,38
9422,4945,3180,GARANT,98
9423,3589,3180,GARANT,84
9424,364,3180,GARANT,78
9425,447,3180,GARANT,94
9426,334,3181,GARANT,48
9427,3190,3181,GARANT,53
9428,4828,3182,GARANT,58
9429,1508,3182,GARANT,42
9430,3071,3182,GARANT,39
9431,4389,3182,GARANT,44
9432,1879,3182,GARANT,57
9433,2230,3183,GARANT,77
9434,2079,3183,GARANT,96
9435,3222,3183,GARANT,77
9436,2580,3183,GARANT,91
9437,396,3184,GARANT,38
9438,3888,3184,GARANT,56
9439,1288,3185,GARANT,40
9440,1712,3185,GARANT,52
9441,2133,3185,GARANT,67
9442,2686,3185,GARANT,60
9443,4729,3186,GARANT,46
9444,956,3186,GARANT,40
9445,1005,3186,GARANT,43
9446,1372,3186,GARANT,42
9447,4166,3187,GARANT,99
9448,1997,3187,GARANT,91
9449,4446,3187,GARANT,95
9450,3291,3187,GARANT,87
9451,4881,3187,GARANT,78
9452,1696,3188,GARANT,91
9453,107,3188,GARANT,86
9454,4333,3188,GARANT,76
9455,4031,3189,GARANT,47
9456,1859,3189,GARANT,53
9457,4262,3190,GARANT,42
9458,3023,3190,GARANT,62
9459,675,3191,GARANT,92
9460,172,3191,GARANT,78
9461,4339,3191,GARANT,96
9462,144,3191,GARANT,82
9463,423,3192,GARANT,79
9464,4881,3192,GARANT,77
9465,3554,3193,GARANT,69
9466,3876,3194,GARANT,96
9467,1608,3194,GARANT,91
9468,2135,3194,GARANT,75
9469,1031,3194,GARANT,92
9470,4195,3195,GARANT,91
9471,1889,3195,GARANT,80
9472,4801,3195,GARANT,99
9473,192,3195,GARANT,94
9474,919,3195,GARANT,96
9475,3202,3195,GARANT,91
9476,3347,3196,GARANT,88
9477,1060,3196,GARANT,94
9478,2719,3196,GARANT,87
9479,1421,3196,GARANT,72
9480,3159,3196,GARANT,82
9481,4910,3197,GARANT,91
9482,2145,3197,GARANT,91
9483,3070,3197,GARANT,89
9484,2740,3198,GARANT,40
9485,4631,3198,GARANT,47
9486,1552,3198,GARANT,64
9487,2199,3198,GARANT,38
9488,1293,3198,GARANT,62
9489,2643,3198,GARANT,51
9490,4899,3199,GARANT,50
9491,3076,3199,GARANT,52
9492,1045,3200,GARANT,97
9493,3914,3200,GARANT,84
9494,751,3200,GARANT,83
9495,3991,3200,GARANT,88
9496,747,3201,GARANT,50
9497,657,3201,GARANT,55
9498,4909,3202,GARANT,44
9499,1939,3202,GARANT,54
9500,3570,3203,GARANT,48
9501,1774,3203,GARANT,62
9502,454,3204,GARANT,54
9503,1895,3205,GARANT,91
9504,1396,3206,GARANT,88
9505,2094,3206,GARANT,81
9506,1084,3207,GARANT,79
9507,1375,3208,GARANT,69
9508,3418,3208,GARANT,41
9509,1707,3208,GARANT,47
9510,4021,3209,GARANT,80
9511,1856,3209,GARANT,97
9512,4534,3209,GARANT,83
9513,1566,3209,GARANT,92
9514,355,3210,GARANT,84
9515,3171,3211,GARANT,90
9516,479,3211,GARANT,72
9517,1266,3211,GARANT,75
9518,2634,3211,GARANT,97
9519,1467,3212,GARANT,42
9520,2352,3212,GARANT,45
9521,1086,3212,GARANT,41
9522,112,3212,GARANT,47
9523,3635,3213,GARANT,79
9524,2851,3213,GARANT,91
9525,4144,3214,GARANT,77
9526,2704,3214,GARANT,97
9527,2221,3214,GARANT,73
9528,1283,3215,GARANT,43
9529,3876,3215,GARANT,48
9530,3799,3215,GARANT,63
9531,1291,3216,GARANT,51
9532,826,3216,GARANT,61
9533,1485,3217,GARANT,78
9534,3886,3218,GARANT,62
9535,4345,3218,GARANT,53
9536,265,3219,GARANT,45
9537,3771,3219,GARANT,53
9538,3830,3219,GARANT,47
9539,3311,3219,GARANT,44
9540,4359,3220,GARANT,73
9541,3338,3220,GARANT,75
9542,4490,3220,GARANT,85
9543,454,3221,GARANT,92
9544,3693,3221,GARANT,84
9545,1606,3221,GARANT,72
9546,4546,3221,GARANT,77
9547,4177,3221,GARANT,88
9548,3371,3221,GARANT,91
9549,4245,3222,GARANT,49
9550,217,3222,GARANT,65
9551,4966,3223,GARANT,43
9552,143,3223,GARANT,40
9553,4959,3224,GARANT,79
9554,4247,3224,GARANT,74
9555,2462,3224,GARANT,87
9556,4659,3225,GARANT,75
9557,174,3225,GARANT,90
9558,265,3225,GARANT,93
9559,2841,3225,GARANT,98
9560,541,3225,GARANT,79
9561,2529,3225,GARANT,72
9562,505,3226,GARANT,44
9563,1406,3226,GARANT,40
9564,3639,3226,GARANT,40
9565,3266,3227,GARANT,47
9566,538,3227,GARANT,39
9567,489,3227,GARANT,49
9568,3114,3227,GARANT,37
9569,1720,3228,GARANT,94
9570,1523,3228,GARANT,82
9571,918,3229,GARANT,79
9572,3348,3229,GARANT,85
9573,3159,3229,GARANT,74
9574,2568,3229,GARANT,84
9575,4614,3229,GARANT,83
9576,358,3230,GARANT,61
9577,3336,3230,GARANT,42
9578,611,3230,GARANT,41
9579,4608,3231,GARANT,44
9580,1693,3232,GARANT,93
9581,3291,3232,GARANT,85
9582,2832,3232,GARANT,77
9583,200,3233,GARANT,93
9584,4941,3233,GARANT,96
9585,1416,3233,GARANT,82
9586,1647,3233,GARANT,91
9587,3202,3234,GARANT,51
9588,3914,3235,GARANT,51
9589,4761,3235,GARANT,42
9590,1804,3236,GARANT,90
9591,2386,3236,GARANT,98
9592,1636,3236,GARANT,77
9593,2071,3237,GARANT,89
9594,4754,3238,GARANT,95
9595,137,3238,GARANT,86
9596,844,3238,GARANT,82
9597,4660,3239,GARANT,53
9598,4960,3239,GARANT,49
9599,611,3239,GARANT,48
9600,1476,3240,GARANT,44
9601,3886,3240,GARANT,38
9602,4345,3241,GARANT,49
9603,4551,3241,GARANT,63
9604,4588,3242,GARANT,93
9605,4896,3242,GARANT,92
9606,4376,3243,GARANT,37
9607,2700,3243,GARANT,44
9608,199,3243,GARANT,44
9609,4017,3243,GARANT,47
9610,4729,3243,GARANT,59
9611,1552,3244,GARANT,83
9612,2740,3244,GARANT,90
9613,3198,3244,GARANT,83
9614,4215,3244,GARANT,94
9615,4661,3244,GARANT,88
9616,396,3245,GARANT,95
9617,425,3245,GARANT,77
9618,1305,3245,GARANT,77
9619,3715,3245,GARANT,84
9620,949,3245,GARANT,72
9621,940,3245,GARANT,91
9622,4211,3246,GARANT,41
9623,1649,3246,GARANT,48
9624,81,3247,GARANT,55
9625,3240,3247,GARANT,54
9626,4151,3247,GARANT,56
9627,323,3248,GARANT,94
9628,859,3248,GARANT,79
9629,3119,3248,GARANT,73
9630,1505,3248,GARANT,75
9631,1076,3248,GARANT,93
9632,967,3249,GARANT,48
9633,202,3249,GARANT,42
9634,870,3249,GARANT,51
9635,354,3249,GARANT,42
9636,2929,3249,GARANT,48
9637,4885,3249,GARANT,37
9638,692,3250,GARANT,43
9639,3548,3250,GARANT,51
9640,2100,3251,GARANT,74
9641,3312,3251,GARANT,77
9642,2615,3252,GARANT,86
9643,3014,3252,GARANT,75
9644,958,3253,GARANT,92
9645,4592,3254,GARANT,72
9646,2116,3254,GARANT,96
9647,1226,3255,GARANT,84
9648,4519,3255,GARANT,99
9649,3126,3255,GARANT,91
9650,2913,3255,GARANT,79
9651,4395,3255,GARANT,72
9652,134,3256,GARANT,46
9653,2863,3256,GARANT,49
9654,4151,3256,GARANT,44
9655,4059,3257,GARANT,90
9656,1957,3258,GARANT,82
9657,2191,3258,GARANT,79
9658,2128,3258,GARANT,74
9659,1559,3258,GARANT,98
9660,3364,3258,GARANT,75
9661,1467,3258,GARANT,79
9662,1429,3258,GARANT,91
9663,4351,3259,GARANT,91
9664,2268,3259,GARANT,76
9665,567,3259,GARANT,94
9666,3172,3259,GARANT,86
9667,2704,3259,GARANT,95
9668,3994,3259,GARANT,74
9669,1774,3259,GARANT,73
9670,2018,3260,GARANT,89
9671,1369,3260,GARANT,76
9672,2627,3260,GARANT,86
9673,3789,3260,GARANT,72
9674,1262,3261,GARANT,44
9675,3580,3262,GARANT,43
9676,3096,3262,GARANT,48
9677,4393,3262,GARANT,53
9678,4328,3263,GARANT,50
9679,4438,3263,GARANT,38
9680,2283,3264,GARANT,45
9681,4790,3264,GARANT,44
9682,1890,3265,GARANT,40
9683,4436,3265,GARANT,54
9684,1894,3266,GARANT,84
9685,3026,3266,GARANT,83
9686,942,3266,GARANT,97
9687,2063,3266,GARANT,97
9688,3044,3267,GARANT,93
9689,3713,3267,GARANT,77
9690,4017,3267,GARANT,98
9691,3506,3268,GARANT,39
9692,4659,3268,GARANT,39
9693,4464,3269,GARANT,90
9694,2283,3270,GARANT,44
9695,4497,3270,GARANT,44
9696,809,3271,GARANT,87
9697,3687,3271,GARANT,98
9698,1353,3272,GARANT,74
9699,1657,3272,GARANT,96
9700,2570,3273,GARANT,73
9701,694,3273,GARANT,81
9702,1794,3273,GARANT,75
9703,2649,3274,GARANT,85
9704,1217,3274,GARANT,78
9705,3383,3274,GARANT,98
9706,4973,3275,GARANT,87
9707,104,3275,GARANT,97
9708,4828,3276,GARANT,79
9709,1902,3276,GARANT,72
9710,3914,3276,GARANT,93
9711,64,3277,GARANT,91
9712,1934,3277,GARANT,87
9713,927,3277,GARANT,94
9714,1732,3278,GARANT,55
9715,3870,3278,GARANT,39
9716,646,3279,GARANT,88
9717,1084,3280,GARANT,99
9718,2325,3280,GARANT,92
9719,425,3280,GARANT,90
9720,358,3281,GARANT,82
9721,971,3281,GARANT,72
9722,2778,3281,GARANT,78
9723,2437,3281,GARANT,93
9724,869,3282,GARANT,91
9725,1357,3282,GARANT,81
9726,3140,3283,GARANT,89
9727,3405,3283,GARANT,77
9728,1567,3283,GARANT,98
9729,598,3284,GARANT,83
9730,2143,3284,GARANT,78
9731,3905,3284,GARANT,85
9732,3476,3284,GARANT,82
9733,4475,3284,GARANT,92
9734,1548,3285,GARANT,46
9735,4941,3285,GARANT,49
9736,3922,3286,GARANT,67
9737,2853,3287,GARANT,41
9738,29,3287,GARANT,37
9739,3410,3288,GARANT,48
9740,1675,3289,GARANT,76
9741,2746,3289,GARANT,94
9742,1421,3289,GARANT,84
9743,2,3289,GARANT,91
9744,4334,3289,GARANT,93
9745,2040,3289,GARANT,73
9746,2472,3290,GARANT,43
9747,4769,3290,GARANT,41
9748,382,3290,GARANT,37
9749,956,3290,GARANT,65
9750,4166,3291,GARANT,68
9751,2628,3291,GARANT,72
9752,818,3291,GARANT,68
9753,114,3291,GARANT,45
9754,1372,3291,GARANT,50
9755,2762,3292,GARANT,95
9756,4241,3292,GARANT,84
9757,2002,3292,GARANT,98
9758,3580,3292,GARANT,77
9759,3554,3293,GARANT,92
9760,1123,3293,GARANT,99
9761,1329,3293,GARANT,87
9762,2440,3294,GARANT,91
9763,4509,3294,GARANT,83
9764,2013,3294,GARANT,93
9765,4806,3295,GARANT,97
9766,3705,3295,GARANT,91
9767,3736,3295,GARANT,98
9768,32,3296,GARANT,55
9769,2618,3297,GARANT,42
9770,233,3298,GARANT,88
9771,2033,3298,GARANT,80
9772,4470,3299,GARANT,91
9773,3011,3299,GARANT,96
9774,415,3299,GARANT,90
9775,389,3300,GARANT,78
9776,3041,3300,GARANT,93
9777,2422,3300,GARANT,98
9778,2170,3300,GARANT,76
9779,160,3300,GARANT,75
9780,1895,3301,GARANT,44
9781,1772,3301,GARANT,53
9782,4448,3301,GARANT,41
9783,541,3302,GARANT,79
9784,4864,3302,GARANT,72
9785,2236,3302,GARANT,77
9786,2774,3302,GARANT,99
9787,1078,3302,GARANT,82
9788,2143,3303,GARANT,53
9789,3934,3303,GARANT,48
9790,4957,3304,GARANT,74
9791,2434,3304,GARANT,93
9792,24,3304,GARANT,94
9793,1492,3305,GARANT,86
9794,4990,3305,GARANT,89
9795,4961,3306,GARANT,88
9796,926,3306,GARANT,91
9797,2891,3307,GARANT,80
9798,193,3307,GARANT,90
9799,2754,3307,GARANT,93
9800,491,3308,GARANT,87
9801,4179,3308,GARANT,96
9802,4587,3309,GARANT,77
9803,734,3309,GARANT,88
9804,2182,3309,GARANT,78
9805,358,3309,GARANT,76
9806,1425,3310,GARANT,92
9807,286,3310,GARANT,74
9808,1062,3310,GARANT,96
9809,4897,3310,GARANT,84
9810,178,3310,GARANT,72
9811,4327,3311,GARANT,84
9812,320,3311,GARANT,95
9813,2766,3311,GARANT,81
9814,2556,3312,GARANT,78
9815,4920,3312,GARANT,94
9816,990,3312,GARANT,92
9817,3744,3312,GARANT,73
9818,3548,3313,GARANT,60
9819,1131,3313,GARANT,40
9820,3250,3313,GARANT,37
9821,2444,3313,GARANT,63
9822,115,3314,GARANT,54
9823,3769,3314,GARANT,49
9824,1058,3315,GARANT,54
9825,4819,3315,GARANT,50
9826,4347,3316,GARANT,77
9827,2943,3316,GARANT,82
9828,2950,3316,GARANT,87
9829,1505,3316,GARANT,90
9830,1332,3317,GARANT,49
9831,4517,3317,GARANT,44
9832,4702,3317,GARANT,56
9833,687,3318,GARANT,92
9834,4485,3318,GARANT,75
9835,3386,3318,GARANT,98
9836,1114,3319,GARANT,50
9837,3028,3319,GARANT,58
9838,3713,3320,GARANT,49
9839,658,3320,GARANT,67
9840,2056,3321,GARANT,75
9841,1652,3321,GARANT,42
9842,3547,3321,GARANT,61
9843,1700,3322,GARANT,41
9844,1756,3322,GARANT,38
9845,4693,3322,GARANT,51
9846,3054,3322,GARANT,53
9847,4637,3322,GARANT,37
9848,3519,3323,GARANT,96
9849,848,3323,GARANT,98
9850,4792,3323,GARANT,73
9851,1534,3323,GARANT,83
9852,1903,3323,GARANT,93
9853,3319,3324,GARANT,77
9854,2845,3324,GARANT,99
9855,2054,3324,GARANT,97
9856,3120,3324,GARANT,97
9857,4492,3324,GARANT,72
9858,3946,3324,GARANT,77
9859,4328,3325,GARANT,94
9860,1511,3325,GARANT,73
9861,2001,3326,GARANT,80
9862,2871,3326,GARANT,74
9863,229,3326,GARANT,84
9864,4036,3327,GARANT,80
9865,1882,3327,GARANT,76
9866,1166,3328,GARANT,80
9867,1130,3328,GARANT,81
9868,1336,3328,GARANT,93
9869,3219,3329,GARANT,51
9870,3425,3329,GARANT,37
9871,3165,3330,GARANT,49
9872,4696,3330,GARANT,53
9873,1511,3330,GARANT,37
9874,4990,3331,GARANT,55
9875,1053,3332,GARANT,45
9876,715,3332,GARANT,38
9877,4136,3333,GARANT,42
9878,4555,3333,GARANT,56
9879,448,3333,GARANT,46
9880,3180,3333,GARANT,43
9881,2541,3334,GARANT,78
9882,2564,3334,GARANT,91
9883,2810,3334,GARANT,86
9884,4389,3334,GARANT,78
9885,3094,3334,GARANT,80
9886,4872,3335,GARANT,79
9887,4530,3335,GARANT,89
9888,1397,3335,GARANT,93
9889,1463,3335,GARANT,79
9890,1621,3336,GARANT,91
9891,1866,3336,GARANT,87
9892,2860,3336,GARANT,77
9893,990,3336,GARANT,80
9894,928,3336,GARANT,97
9895,1651,3337,GARANT,40
9896,1855,3338,GARANT,90
9897,3841,3338,GARANT,91
9898,2696,3338,GARANT,99
9899,4523,3339,GARANT,62
9900,989,3339,GARANT,38
9901,1756,3341,GARANT,39
9902,4152,3342,GARANT,99
9903,3452,3343,GARANT,38
9904,3410,3343,GARANT,43
9905,981,3344,GARANT,88
9906,809,3344,GARANT,87
9907,826,3344,GARANT,74
9908,4749,3344,GARANT,97
9909,3124,3344,GARANT,89
9910,997,3345,GARANT,88
9911,3407,3345,GARANT,87
9912,1215,3345,GARANT,82
9913,3898,3345,GARANT,79
9914,4646,3345,GARANT,93
9915,4382,3345,GARANT,86
9916,1002,3346,GARANT,50
9917,149,3347,GARANT,44
9918,2592,3347,GARANT,37
9919,1941,3348,GARANT,46
9920,480,3348,GARANT,43
9921,4669,3349,GARANT,51
9922,4867,3349,GARANT,44
9923,1807,3349,GARANT,48
9924,3151,3350,GARANT,52
9925,1940,3350,GARANT,41
9926,1934,3351,GARANT,89
9927,1759,3352,GARANT,94
9928,809,3353,GARANT,45
9929,2993,3353,GARANT,67
9930,4893,3353,GARANT,37
9931,3928,3353,GARANT,43
9932,273,3354,GARANT,75
9933,3141,3354,GARANT,97
9934,4317,3354,GARANT,97
9935,813,3354,GARANT,86
9936,3749,3354,GARANT,89
9937,4068,3354,GARANT,77
9938,2325,3355,GARANT,51
9939,2084,3356,GARANT,98
9940,801,3356,GARANT,81
9941,113,3356,GARANT,76
9942,4892,3356,GARANT,95
9943,1082,3356,GARANT,91
9944,2858,3357,GARANT,37
9945,4529,3358,GARANT,58
9946,1241,3359,GARANT,99
9947,1629,3359,GARANT,92
9948,1959,3360,GARANT,90
9949,1563,3360,GARANT,95
9950,3186,3361,GARANT,80
9951,4834,3361,GARANT,91
9952,2048,3361,GARANT,75
9953,4908,3361,GARANT,93
9954,3414,3362,GARANT,54
9955,4397,3362,GARANT,57
9956,3231,3362,GARANT,56
9957,1033,3363,GARANT,78
9958,425,3363,GARANT,73
9959,3720,3363,GARANT,95
9960,705,3363,GARANT,88
9961,534,3363,GARANT,83
9962,3960,3363,GARANT,94
9963,4702,3364,GARANT,80
9964,1615,3364,GARANT,81
9965,367,3365,GARANT,97
9966,903,3365,GARANT,79
9967,1940,3365,GARANT,75
9968,3944,3365,GARANT,91
9969,675,3365,GARANT,76
9970,65,3365,GARANT,98
9971,2201,3366,GARANT,55
9972,3443,3366,GARANT,46
9973,651,3366,GARANT,39
9974,1049,3366,GARANT,55
9975,2590,3367,GARANT,49
9976,874,3368,GARANT,89
9977,4587,3368,GARANT,80
9978,2854,3368,GARANT,97
9979,4476,3369,GARANT,39
9980,69,3369,GARANT,48
9981,528,3369,GARANT,39
9982,4952,3369,GARANT,58
9983,4637,3369,GARANT,42
9984,1239,3370,GARANT,38
9985,2293,3370,GARANT,52
9986,2537,3370,GARANT,41
9987,3194,3371,GARANT,37
9988,3672,3371,GARANT,63
9989,1707,3371,GARANT,41
9990,4489,3371,GARANT,62
9991,199,3372,GARANT,72
9992,4757,3372,GARANT,76
9993,4969,3373,GARANT,42
9994,1429,3373,GARANT,42
9995,1900,3374,GARANT,72
9996,4694,3374,GARANT,82
9997,524,3375,GARANT,47
9998,2458,3375,GARANT,44
9999,476,3375,GARANT,51
10000,3847,3376,GARANT,74
10001,2383,3376,GARANT,82
10002,169,3376,GARANT,73
10003,2496,3376,GARANT,83
10004,595,3376,GARANT,75
10005,4124,3377,GARANT,92
10006,3439,3377,GARANT,95
10007,392,3377,GARANT,91
10008,3917,3377,GARANT,77
10009,2812,3378,GARANT,48
10010,3804,3379,GARANT,48
10011,2802,3379,GARANT,39
10012,1101,3380,GARANT,90
10013,3907,3380,GARANT,72
10014,2819,3381,GARANT,86
10015,1919,3381,GARANT,73
10016,443,3381,GARANT,93
10017,4274,3381,GARANT,83
10018,4507,3382,GARANT,53
10019,4777,3383,GARANT,49
10020,3405,3383,GARANT,50
10021,3480,3384,GARANT,37
10022,4573,3384,GARANT,49
10023,2791,3385,GARANT,40
10024,4568,3385,GARANT,49
10025,4752,3386,GARANT,77
10026,2942,3386,GARANT,92
10027,3722,3386,GARANT,81
10028,4484,3387,GARANT,52
10029,2469,3387,GARANT,56
10030,1971,3387,GARANT,48
10031,662,3388,GARANT,80
10032,4936,3388,GARANT,92
10033,3548,3389,GARANT,97
10034,1338,3389,GARANT,90
10035,1830,3389,GARANT,95
10036,2027,3390,GARANT,38
10037,4223,3390,GARANT,56
10038,3693,3390,GARANT,46
10039,3742,3391,GARANT,49
10040,4628,3391,GARANT,59
10041,3847,3392,GARANT,46
10042,1166,3393,GARANT,44
10043,2500,3394,GARANT,65
10044,2393,3394,GARANT,55
10045,165,3394,GARANT,53
10046,2859,3394,GARANT,54
10047,1864,3395,GARANT,61
10048,1629,3395,GARANT,37
10049,502,3396,GARANT,86
10050,3054,3396,GARANT,74
10051,3355,3396,GARANT,76
10052,310,3397,GARANT,54
10053,2037,3398,GARANT,47
10054,1975,3399,GARANT,97
10055,323,3399,GARANT,81
10056,3382,3400,GARANT,42
10057,1043,3400,GARANT,45
10058,4856,3400,GARANT,43
10059,3664,3401,GARANT,98
10060,4732,3401,GARANT,75
10061,2239,3402,GARANT,45
10062,3382,3403,GARANT,49
10063,8,3403,GARANT,47
10064,1895,3403,GARANT,58
10065,3072,3403,GARANT,44
10066,3687,3403,GARANT,54
10067,1543,3403,GARANT,45
10068,4207,3404,GARANT,46
10069,3361,3404,GARANT,53
10070,198,3404,GARANT,37
10071,1567,3405,GARANT,98
10072,99,3405,GARANT,75
10073,1894,3405,GARANT,99
10074,3408,3405,GARANT,76
10075,1878,3406,GARANT,48
10076,4734,3406,GARANT,59
10077,858,3407,GARANT,88
10078,1934,3407,GARANT,93
10079,3301,3407,GARANT,95
10080,462,3407,GARANT,84
10081,2974,3407,GARANT,83
10082,3264,3408,GARANT,89
10083,1939,3408,GARANT,74
10084,4874,3408,GARANT,95
10085,4598,3408,GARANT,80
10086,1539,3409,GARANT,81
10087,81,3409,GARANT,76
10088,1487,3409,GARANT,99
10089,917,3409,GARANT,86
10090,2564,3410,GARANT,82
10091,4615,3410,GARANT,74
10092,4264,3410,GARANT,92
10093,1619,3410,GARANT,93
10094,2023,3410,GARANT,99
10095,273,3411,GARANT,55
10096,181,3411,GARANT,42
10097,2635,3411,GARANT,42
10098,4650,3412,GARANT,73
10099,3875,3412,GARANT,98
10100,2334,3412,GARANT,96
10101,3742,3412,GARANT,77
10102,4206,3412,GARANT,91
10103,71,3412,GARANT,87
10104,3320,3412,GARANT,94
10105,3845,3412,GARANT,85
10106,1198,3413,GARANT,77
10107,417,3413,GARANT,89
10108,4817,3413,GARANT,74
10109,3498,3413,GARANT,88
10110,667,3413,GARANT,77
10111,1167,3413,GARANT,91
10112,1904,3414,GARANT,75
10113,590,3414,GARANT,83
10114,2046,3414,GARANT,92
10115,2388,3414,GARANT,76
10116,944,3415,GARANT,87
10117,4622,3416,GARANT,81
10118,2607,3416,GARANT,95
10119,1055,3417,GARANT,46
10120,2459,3417,GARANT,39
10121,1353,3418,GARANT,46
10122,2580,3418,GARANT,47
10123,2749,3418,GARANT,48
10124,628,3419,GARANT,77
10125,138,3419,GARANT,72
10126,314,3419,GARANT,91
10127,4516,3420,GARANT,83
10128,4344,3420,GARANT,92
10129,4024,3421,GARANT,60
10130,3787,3422,GARANT,77
10131,2580,3423,GARANT,86
10132,3182,3423,GARANT,94
10133,426,3424,GARANT,90
10134,4121,3424,GARANT,75
10135,1940,3424,GARANT,97
10136,68,3424,GARANT,76
10137,4057,3425,GARANT,79
10138,888,3426,GARANT,91
10139,4488,3426,GARANT,85
10140,1993,3427,GARANT,84
10141,1388,3427,GARANT,82
10142,2382,3427,GARANT,97
10143,4856,3427,GARANT,96
10144,481,3427,GARANT,80
10145,3728,3428,GARANT,87
10146,1222,3428,GARANT,80
10147,550,3428,GARANT,81
10148,2173,3429,GARANT,42
10149,2102,3429,GARANT,43
10150,2595,3429,GARANT,62
10151,1248,3430,GARANT,60
10152,1053,3431,GARANT,96
10153,2068,3431,GARANT,79
10154,3355,3432,GARANT,43
10155,2798,3432,GARANT,57
10156,2772,3433,GARANT,78
10157,3543,3434,GARANT,53
10158,744,3434,GARANT,38
10159,4061,3435,GARANT,83
10160,1702,3435,GARANT,82
10161,1997,3436,GARANT,54
10162,2775,3437,GARANT,48
10163,1934,3437,GARANT,46
10164,493,3437,GARANT,46
10165,2382,3437,GARANT,58
10166,958,3437,GARANT,50
10167,452,3437,GARANT,47
10168,3870,3438,GARANT,80
10169,2702,3438,GARANT,76
10170,1378,3438,GARANT,82
10171,552,3439,GARANT,99
10172,1533,3439,GARANT,88
10173,3480,3439,GARANT,84
10174,3554,3439,GARANT,87
10175,400,3439,GARANT,90
10176,493,3440,GARANT,58
10177,2039,3440,GARANT,53
10178,1901,3441,GARANT,48
10179,2502,3441,GARANT,53
10180,306,3441,GARANT,65
10181,3285,3442,GARANT,83
10182,200,3442,GARANT,72
10183,2540,3442,GARANT,90
10184,2736,3443,GARANT,44
10185,3764,3443,GARANT,48
10186,3955,3443,GARANT,49
10187,4350,3444,GARANT,99
10188,4400,3444,GARANT,94
10189,2247,3444,GARANT,86
10190,2860,3445,GARANT,76
10191,3172,3445,GARANT,88
10192,2420,3445,GARANT,95
10193,3203,3445,GARANT,98
10194,4936,3446,GARANT,37
10195,4060,3447,GARANT,80
10196,795,3447,GARANT,80
10197,3375,3447,GARANT,96
10198,4297,3447,GARANT,91
10199,3233,3447,GARANT,98
10200,3343,3448,GARANT,44
10201,735,3448,GARANT,49
10202,2684,3449,GARANT,82
10203,3425,3449,GARANT,89
10204,1296,3449,GARANT,80
10205,638,3450,GARANT,40
10206,1649,3450,GARANT,48
10207,4435,3450,GARANT,55
10208,3398,3450,GARANT,55
10209,4694,3451,GARANT,97
10210,4386,3451,GARANT,77
10211,1692,3451,GARANT,73
10212,459,3451,GARANT,78
10213,1449,3452,GARANT,72
10214,4177,3452,GARANT,86
10215,3291,3453,GARANT,55
10216,3182,3454,GARANT,48
10217,4867,3454,GARANT,40
10218,736,3454,GARANT,54
10219,1684,3454,GARANT,53
10220,1551,3454,GARANT,64
10221,2618,3454,GARANT,46
10222,2562,3454,GARANT,54
10223,3980,3455,GARANT,87
10224,1161,3455,GARANT,87
10225,4810,3455,GARANT,88
10226,2859,3455,GARANT,76
10227,18,3455,GARANT,77
10228,154,3456,GARANT,84
10229,4372,3456,GARANT,84
10230,3182,3456,GARANT,95
10231,3767,3457,GARANT,90
10232,3751,3458,GARANT,39
10233,1490,3458,GARANT,46
10234,1982,3458,GARANT,39
10235,1878,3459,GARANT,65
10236,4031,3460,GARANT,61
10237,1941,3461,GARANT,39
10238,4692,3462,GARANT,58
10239,747,3463,GARANT,76
10240,3402,3463,GARANT,93
10241,3172,3464,GARANT,80
10242,33,3464,GARANT,81
10243,2145,3464,GARANT,83
10244,4394,3464,GARANT,96
10245,3825,3464,GARANT,72
10246,497,3464,GARANT,84
10247,2835,3465,GARANT,57
10248,3017,3465,GARANT,51
10249,1241,3466,GARANT,37
10250,510,3466,GARANT,49
10251,1406,3466,GARANT,50
10252,3875,3466,GARANT,43
10253,4944,3466,GARANT,42
10254,4769,3466,GARANT,39
10255,2922,3466,GARANT,45
10256,423,3466,GARANT,64
10257,4776,3467,GARANT,45
10258,653,3468,GARANT,59
10259,1110,3469,GARANT,99
10260,2456,3469,GARANT,77
10261,1341,3469,GARANT,98
10262,1170,3470,GARANT,96
10263,2430,3470,GARANT,90
10264,2993,3470,GARANT,87
10265,88,3470,GARANT,97
10266,2340,3471,GARANT,90
10267,2726,3471,GARANT,90
10268,1541,3471,GARANT,95
10269,1005,3471,GARANT,90
10270,2724,3472,GARANT,86
10271,82,3472,GARANT,82
10272,226,3472,GARANT,86
10273,3124,3472,GARANT,86
10274,3941,3473,GARANT,82
10275,1505,3473,GARANT,84
10276,1182,3473,GARANT,94
10277,4192,3473,GARANT,83
10278,4033,3474,GARANT,72
10279,998,3474,GARANT,79
10280,2008,3474,GARANT,78
10281,2722,3475,GARANT,94
10282,2402,3475,GARANT,84
10283,369,3476,GARANT,48
10284,1459,3477,GARANT,39
10285,4173,3477,GARANT,63
10286,358,3478,GARANT,43
10287,63,3478,GARANT,46
10288,4042,3479,GARANT,76
10289,2620,3479,GARANT,95
10290,4057,3480,GARANT,87
10291,2766,3480,GARANT,93
10292,3205,3481,GARANT,95
10293,2430,3481,GARANT,98
10294,3512,3481,GARANT,73
10295,1358,3482,GARANT,94
10296,516,3483,GARANT,40
10297,3763,3484,GARANT,52
10298,1889,3484,GARANT,61
10299,1369,3484,GARANT,65
10300,2890,3484,GARANT,48
10301,4525,3485,GARANT,97
10302,1866,3485,GARANT,72
10303,4339,3485,GARANT,97
10304,2860,3485,GARANT,89
10305,2482,3485,GARANT,72
10306,710,3485,GARANT,76
10307,4387,3485,GARANT,73
10308,2726,3486,GARANT,82
10309,47,3486,GARANT,97
10310,114,3486,GARANT,95
10311,3826,3486,GARANT,94
10312,667,3486,GARANT,96
10313,3231,3487,GARANT,83
10314,3579,3487,GARANT,81
10315,1570,3487,GARANT,80
10316,3114,3487,GARANT,88
10317,1051,3488,GARANT,38
10318,1071,3488,GARANT,44
10319,4771,3489,GARANT,86
10320,4311,3489,GARANT,81
10321,1611,3490,GARANT,79
10322,2866,3490,GARANT,93
10323,2668,3490,GARANT,80
10324,4823,3490,GARANT,88
10325,2046,3490,GARANT,72
10326,2683,3491,GARANT,89
10327,4485,3491,GARANT,78
10328,687,3491,GARANT,99
10329,2610,3491,GARANT,72
10330,444,3492,GARANT,41
10331,2529,3492,GARANT,40
10332,3339,3493,GARANT,38
10333,1148,3493,GARANT,68
10334,1900,3494,GARANT,92
10335,4785,3494,GARANT,85
10336,2085,3494,GARANT,82
10337,715,3494,GARANT,73
10338,4152,3495,GARANT,73
10339,3726,3496,GARANT,78
10340,3124,3496,GARANT,98
10341,3403,3496,GARANT,92
10342,1526,3497,GARANT,88
10343,3362,3497,GARANT,83
10344,212,3497,GARANT,97
10345,1217,3497,GARANT,99
10346,4767,3497,GARANT,72
10347,3910,3497,GARANT,89
10348,1005,3498,GARANT,49
10349,4040,3498,GARANT,39
10350,548,3498,GARANT,60
10351,1059,3498,GARANT,66
10352,4769,3498,GARANT,47
10353,3989,3499,GARANT,38
10354,800,3499,GARANT,39
10355,966,3499,GARANT,58
10356,1511,3499,GARANT,57
10357,306,3500,GARANT,77
10358,3002,3500,GARANT,72
10359,1280,3500,GARANT,80
10360,4755,3500,GARANT,99
10361,4247,3500,GARANT,81
10362,2763,3500,GARANT,86
10363,4714,3501,GARANT,46
10364,3641,3502,GARANT,97
10365,2601,3502,GARANT,97
10366,3790,3503,GARANT,39
10367,3768,3503,GARANT,65
10368,3514,3504,GARANT,81
10369,3311,3504,GARANT,81
10370,3480,3504,GARANT,79
10371,4058,3505,GARANT,87
10372,3642,3505,GARANT,78
10373,3960,3505,GARANT,94
10374,606,3506,GARANT,81
10375,3531,3506,GARANT,96
10376,3765,3506,GARANT,85
10377,1487,3507,GARANT,97
10378,4375,3507,GARANT,97
10379,1510,3507,GARANT,84
10380,1101,3508,GARANT,98
10381,4419,3508,GARANT,76
10382,1993,3509,GARANT,38
10383,2204,3509,GARANT,37
10384,1752,3510,GARANT,45
10385,3276,3510,GARANT,45
10386,4488,3510,GARANT,38
10387,4551,3511,GARANT,46
10388,2444,3511,GARANT,50
10389,4152,3511,GARANT,52
10390,3603,3511,GARANT,38
10391,826,3512,GARANT,94
10392,1425,3512,GARANT,89
10393,3278,3512,GARANT,98
10394,4582,3512,GARANT,94
10395,2338,3512,GARANT,83
10396,2054,3513,GARANT,98
10397,799,3513,GARANT,86
10398,3179,3513,GARANT,72
10399,3023,3513,GARANT,79
10400,1296,3514,GARANT,61
10401,3554,3514,GARANT,57
10402,122,3514,GARANT,57
10403,552,3514,GARANT,37
10404,2708,3514,GARANT,44
10405,3059,3515,GARANT,75
10406,1696,3515,GARANT,80
10407,2698,3516,GARANT,80
10408,49,3516,GARANT,86
10409,4306,3516,GARANT,88
10410,1825,3517,GARANT,48
10411,2387,3517,GARANT,44
10412,777,3517,GARANT,51
10413,1203,3517,GARANT,40
10414,2462,3518,GARANT,88
10415,2708,3518,GARANT,98
10416,3480,3518,GARANT,72
10417,2717,3519,GARANT,56
10418,2979,3519,GARANT,57
10419,143,3520,GARANT,48
10420,1693,3521,GARANT,96
10421,1579,3521,GARANT,84
10422,980,3521,GARANT,74
10423,1448,3522,GARANT,93
10424,4952,3522,GARANT,90
10425,4183,3522,GARANT,90
10426,3155,3523,GARANT,37
10427,1902,3523,GARANT,44
10428,421,3523,GARANT,45
10429,1878,3523,GARANT,57
10430,4334,3524,GARANT,87
10431,3735,3524,GARANT,73
10432,801,3524,GARANT,80
10433,1616,3524,GARANT,99
10434,2156,3524,GARANT,90
10435,3082,3524,GARANT,83
10436,4945,3525,GARANT,78
10437,174,3526,GARANT,92
10438,3480,3526,GARANT,79
10439,4350,3526,GARANT,76
10440,1148,3526,GARANT,76
10441,880,3527,GARANT,50
10442,3639,3528,GARANT,42
10443,3452,3529,GARANT,89
10444,4245,3529,GARANT,73
10445,3075,3529,GARANT,75
10446,4828,3529,GARANT,89
10447,3941,3530,GARANT,87
10448,1975,3530,GARANT,91
10449,4276,3530,GARANT,76
10450,4460,3530,GARANT,92
10451,394,3531,GARANT,47
10452,4576,3531,GARANT,60
10453,389,3532,GARANT,40
10454,2422,3532,GARANT,37
10455,554,3533,GARANT,77
10456,3187,3533,GARANT,91
10457,3395,3533,GARANT,81
10458,3722,3534,GARANT,73
10459,3922,3534,GARANT,80
10460,2775,3534,GARANT,97
10461,1043,3534,GARANT,83
10462,3762,3534,GARANT,96
10463,958,3534,GARANT,86
10464,1447,3535,GARANT,86
10465,1526,3535,GARANT,72
10466,4777,3535,GARANT,89
10467,1939,3535,GARANT,75
10468,489,3535,GARANT,85
10469,2522,3535,GARANT,79
10470,3202,3535,GARANT,82
10471,73,3536,GARANT,56
10472,2613,3536,GARANT,73
10473,910,3536,GARANT,66
10474,97,3537,GARANT,38
10475,405,3538,GARANT,44
10476,1110,3538,GARANT,45
10477,2473,3538,GARANT,54
10478,4966,3539,GARANT,78
10479,190,3539,GARANT,77
10480,1444,3539,GARANT,77
10481,1458,3539,GARANT,99
10482,1759,3539,GARANT,89
10483,3251,3539,GARANT,75
10484,1015,3539,GARANT,83
10485,2388,3540,GARANT,72
10486,3383,3540,GARANT,80
10487,1800,3540,GARANT,88
10488,4812,3540,GARANT,96
10489,4896,3540,GARANT,83
10490,528,3541,GARANT,78
10491,1569,3541,GARANT,80
10492,926,3541,GARANT,76
10493,940,3542,GARANT,90
10494,2623,3542,GARANT,73
10495,3012,3542,GARANT,95
10496,2090,3543,GARANT,80
10497,1164,3543,GARANT,82
10498,1269,3543,GARANT,97
10499,4938,3543,GARANT,81
10500,4611,3544,GARANT,45
10501,4333,3545,GARANT,42
10502,396,3545,GARANT,62
10503,2452,3546,GARANT,90
10504,1997,3546,GARANT,84
10505,2444,3547,GARANT,60
10506,3603,3548,GARANT,80
10507,3218,3548,GARANT,78
10508,4551,3548,GARANT,74
10509,306,3549,GARANT,73
10510,1743,3549,GARANT,88
10511,4919,3549,GARANT,84
10512,869,3549,GARANT,82
10513,547,3550,GARANT,85
10514,3916,3550,GARANT,72
10515,4039,3550,GARANT,78
10516,3674,3550,GARANT,94
10517,3988,3551,GARANT,57
10518,3176,3552,GARANT,91
10519,795,3552,GARANT,75
10520,1765,3552,GARANT,89
10521,3075,3553,GARANT,39
10522,3876,3553,GARANT,44
10523,1551,3553,GARANT,67
10524,4470,3554,GARANT,43
10525,2673,3554,GARANT,48
10526,1078,3554,GARANT,53
10527,3523,3555,GARANT,40
10528,700,3555,GARANT,48
10529,1902,3555,GARANT,51
10530,3909,3556,GARANT,38
10531,3824,3556,GARANT,49
10532,1497,3557,GARANT,37
10533,1067,3557,GARANT,39
10534,149,3558,GARANT,53
10535,379,3558,GARANT,50
10536,4095,3559,GARANT,51
10537,3660,3560,GARANT,41
10538,2382,3561,GARANT,87
10539,1364,3561,GARANT,77
10540,36,3561,GARANT,90
10541,125,3561,GARANT,74
10542,3665,3561,GARANT,88
10543,2431,3562,GARANT,78
10544,813,3562,GARANT,85
10545,1838,3562,GARANT,86
10546,697,3563,GARANT,46
10547,967,3563,GARANT,41
10548,629,3564,GARANT,83
10549,1335,3564,GARANT,78
10550,2706,3564,GARANT,85
10551,1075,3564,GARANT,91
10552,1794,3564,GARANT,81
10553,2415,3564,GARANT,75
10554,2001,3565,GARANT,40
10555,2653,3566,GARANT,45
10556,704,3567,GARANT,87
10557,246,3567,GARANT,88
10558,1798,3567,GARANT,89
10559,3723,3568,GARANT,85
10560,704,3568,GARANT,82
10561,4089,3568,GARANT,74
10562,3632,3568,GARANT,82
10563,120,3568,GARANT,91
10564,68,3569,GARANT,44
10565,2380,3570,GARANT,77
10566,2935,3570,GARANT,73
10567,400,3571,GARANT,48
10568,2959,3571,GARANT,62
10569,4919,3571,GARANT,40
10570,191,3571,GARANT,39
10571,2729,3571,GARANT,44
10572,3933,3572,GARANT,80
10573,2649,3573,GARANT,42
10574,4159,3574,GARANT,92
10575,1173,3574,GARANT,93
10576,3393,3574,GARANT,86
10577,2273,3575,GARANT,37
10578,4696,3575,GARANT,48
10579,4381,3576,GARANT,99
10580,3190,3576,GARANT,82
10581,474,3576,GARANT,75
10582,4771,3576,GARANT,82
10583,800,3577,GARANT,78
10584,159,3577,GARANT,86
10585,2504,3578,GARANT,61
10586,1624,3578,GARANT,51
10587,3305,3578,GARANT,55
10588,2170,3578,GARANT,50
10589,4658,3578,GARANT,52
10590,3331,3578,GARANT,42
10591,559,3579,GARANT,79
10592,3407,3580,GARANT,67
10593,2546,3580,GARANT,38
10594,1647,3581,GARANT,48
10595,243,3581,GARANT,37
10596,3906,3581,GARANT,48
10597,3203,3581,GARANT,60
10598,2046,3582,GARANT,72
10599,3618,3582,GARANT,90
10600,3270,3582,GARANT,76
10601,3884,3583,GARANT,92
10602,4415,3584,GARANT,45
10603,3029,3584,GARANT,46
10604,3739,3585,GARANT,40
10605,1846,3585,GARANT,51
10606,3589,3585,GARANT,39
10607,3146,3586,GARANT,93
10608,3992,3586,GARANT,72
10609,3580,3586,GARANT,94
10610,2582,3586,GARANT,86
10611,3301,3586,GARANT,84
10612,1934,3586,GARANT,94
10613,3662,3586,GARANT,77
10614,4070,3587,GARANT,81
10615,713,3587,GARANT,96
10616,1003,3588,GARANT,77
10617,1113,3588,GARANT,85
10618,1736,3590,GARANT,78
10619,854,3590,GARANT,97
10620,2769,3591,GARANT,44
10621,48,3591,GARANT,57
10622,466,3592,GARANT,54
10623,4134,3592,GARANT,42
10624,1309,3593,GARANT,49
10625,630,3593,GARANT,69
10626,3222,3594,GARANT,47
10627,4155,3594,GARANT,58
10628,1693,3595,GARANT,92
10629,1903,3595,GARANT,75
10630,4191,3596,GARANT,97
10631,4909,3596,GARANT,74
10632,2874,3596,GARANT,89
10633,638,3596,GARANT,98
10634,942,3596,GARANT,79
10635,4783,3597,GARANT,87
10636,3451,3597,GARANT,85
10637,3712,3598,GARANT,46
10638,389,3599,GARANT,47
10639,3451,3599,GARANT,38
10640,559,3600,GARANT,43
10641,970,3601,GARANT,52
10642,2467,3601,GARANT,68
10643,2136,3602,GARANT,76
10644,3670,3602,GARANT,80
10645,4079,3602,GARANT,72
10646,2494,3603,GARANT,48
10647,2888,3603,GARANT,37
10648,1959,3604,GARANT,37
10649,669,3604,GARANT,42
10650,2690,3605,GARANT,38
10651,4760,3606,GARANT,75
10652,1235,3606,GARANT,85
10653,3724,3606,GARANT,75
10654,1007,3607,GARANT,78
10655,2721,3607,GARANT,74
10656,2896,3607,GARANT,83
10657,1475,3607,GARANT,96
10658,3889,3607,GARANT,94
10659,4400,3608,GARANT,78
10660,4205,3609,GARANT,76
10661,1448,3609,GARANT,87
10662,3685,3610,GARANT,41
10663,2800,3610,GARANT,43
10664,2744,3610,GARANT,58
10665,1634,3610,GARANT,46
10666,2922,3610,GARANT,42
10667,2412,3611,GARANT,52
10668,2618,3612,GARANT,88
10669,1608,3612,GARANT,75
10670,1375,3612,GARANT,83
10671,718,3613,GARANT,59
10672,725,3614,GARANT,98
10673,1166,3614,GARANT,92
10674,554,3614,GARANT,99
10675,1078,3615,GARANT,83
10676,3970,3615,GARANT,77
10677,2959,3615,GARANT,93
10678,87,3615,GARANT,72
10679,4036,3615,GARANT,79
10680,4585,3616,GARANT,97
10681,4463,3616,GARANT,99
10682,4136,3616,GARANT,82
10683,4988,3616,GARANT,81
10684,3115,3617,GARANT,72
10685,4848,3618,GARANT,52
10686,2884,3619,GARANT,98
10687,1794,3619,GARANT,80
10688,2511,3619,GARANT,96
10689,2624,3619,GARANT,94
10690,1053,3619,GARANT,93
10691,3523,3620,GARANT,42
10692,4508,3621,GARANT,74
10693,134,3621,GARANT,53
10694,1732,3622,GARANT,74
10695,1895,3622,GARANT,93
10696,2937,3622,GARANT,93
10697,3382,3622,GARANT,99
10698,4217,3622,GARANT,88
10699,4444,3623,GARANT,73
10700,3724,3623,GARANT,86
10701,4760,3623,GARANT,86
10702,904,3624,GARANT,92
10703,4661,3624,GARANT,72
10704,165,3624,GARANT,90
10705,2740,3624,GARANT,87
10706,415,3625,GARANT,88
10707,3055,3625,GARANT,95
10708,2316,3625,GARANT,81
10709,394,3625,GARANT,87
10710,3477,3626,GARANT,79
10711,3771,3626,GARANT,98
10712,923,3627,GARANT,88
10713,3385,3627,GARANT,72
10714,969,3627,GARANT,83
10715,567,3628,GARANT,81
10716,573,3628,GARANT,97
10717,2780,3628,GARANT,81
10718,3580,3629,GARANT,48
10719,64,3629,GARANT,50
10720,2935,3630,GARANT,47
10721,3190,3631,GARANT,52
10722,4199,3632,GARANT,50
10723,1182,3632,GARANT,38
10724,2859,3633,GARANT,93
10725,4009,3633,GARANT,76
10726,4936,3633,GARANT,79
10727,1878,3634,GARANT,77
10728,779,3634,GARANT,79
10729,547,3635,GARANT,92
10730,3384,3635,GARANT,82
10731,2959,3635,GARANT,88
10732,881,3635,GARANT,80
10733,4514,3635,GARANT,72
10734,4653,3635,GARANT,99
10735,1191,3635,GARANT,80
10736,1045,3636,GARANT,87
10737,1149,3636,GARANT,94
10738,1868,3636,GARANT,99
10739,4265,3637,GARANT,83
10740,2826,3637,GARANT,72
10741,291,3637,GARANT,86
10742,2239,3637,GARANT,83
10743,379,3637,GARANT,95
10744,1973,3638,GARANT,55
10745,2313,3638,GARANT,50
10746,1902,3638,GARANT,45
10747,2442,3638,GARANT,47
10748,3014,3639,GARANT,51
10749,3713,3639,GARANT,70
10750,2628,3639,GARANT,42
10751,755,3640,GARANT,96
10752,1280,3640,GARANT,72
10753,143,3641,GARANT,49
10754,3859,3641,GARANT,48
10755,1840,3642,GARANT,54
10756,127,3642,GARANT,48
10757,4066,3642,GARANT,48
10758,1448,3642,GARANT,44
10759,4936,3643,GARANT,48
10760,4379,3644,GARANT,48
10761,129,3644,GARANT,40
10762,3241,3644,GARANT,42
10763,2863,3644,GARANT,51
10764,746,3645,GARANT,81
10765,2565,3645,GARANT,76
10766,3715,3645,GARANT,79
10767,4604,3646,GARANT,55
10768,4036,3646,GARANT,49
10769,3425,3646,GARANT,46
10770,464,3647,GARANT,42
10771,113,3647,GARANT,44
10772,581,3647,GARANT,44
10773,2456,3647,GARANT,38
10774,3847,3647,GARANT,50
10775,837,3648,GARANT,91
10776,222,3649,GARANT,79
10777,2836,3649,GARANT,95
10778,3804,3649,GARANT,86
10779,157,3650,GARANT,44
10780,1200,3650,GARANT,45
10781,3874,3651,GARANT,74
10782,3368,3651,GARANT,91
10783,3706,3651,GARANT,78
10784,1011,3651,GARANT,77
10785,1804,3651,GARANT,86
10786,476,3651,GARANT,87
10787,1204,3652,GARANT,87
10788,1505,3653,GARANT,98
10789,1421,3654,GARANT,96
10790,722,3654,GARANT,74
10791,747,3654,GARANT,83
10792,4519,3654,GARANT,76
10793,3832,3654,GARANT,91
10794,1691,3655,GARANT,43
10795,1695,3656,GARANT,47
10796,4694,3656,GARANT,49
10797,3782,3657,GARANT,78
10798,4622,3657,GARANT,83
10799,345,3658,GARANT,94
10800,4334,3658,GARANT,84
10801,3338,3658,GARANT,78
10802,4262,3658,GARANT,82
10803,1238,3659,GARANT,86
10804,1061,3660,GARANT,89
10805,3301,3660,GARANT,83
10806,3407,3660,GARANT,84
10807,4906,3661,GARANT,79
10808,3146,3662,GARANT,86
10809,4582,3662,GARANT,78
10810,834,3663,GARANT,96
10811,4555,3663,GARANT,92
10812,2325,3663,GARANT,83
10813,3443,3663,GARANT,92
10814,1266,3663,GARANT,72
10815,378,3663,GARANT,81
10816,3542,3663,GARANT,84
10817,2853,3664,GARANT,85
10818,1300,3664,GARANT,92
10819,3547,3664,GARANT,98
10820,4421,3665,GARANT,43
10821,1912,3665,GARANT,61
10822,3722,3665,GARANT,50
10823,1525,3666,GARANT,37
10824,4138,3666,GARANT,48
10825,2806,3666,GARANT,38
10826,3892,3667,GARANT,37
10827,1490,3668,GARANT,37
10828,79,3668,GARANT,54
10829,736,3668,GARANT,44
10830,2528,3669,GARANT,98
10831,2955,3669,GARANT,94
10832,2427,3669,GARANT,98
10833,4622,3669,GARANT,78
10834,4151,3669,GARANT,72
10835,2690,3670,GARANT,45
10836,2314,3671,GARANT,59
10837,1357,3671,GARANT,53
10838,4599,3671,GARANT,53
10839,2749,3672,GARANT,57
10840,751,3672,GARANT,40
10841,479,3673,GARANT,80
10842,365,3673,GARANT,79
10843,3903,3674,GARANT,41
10844,4436,3675,GARANT,42
10845,3955,3675,GARANT,47
10846,2571,3675,GARANT,48
10847,3584,3675,GARANT,52
10848,4693,3675,GARANT,51
10849,172,3676,GARANT,41
10850,4356,3676,GARANT,42
10851,3442,3676,GARANT,44
10852,1771,3676,GARANT,40
10853,2084,3677,GARANT,48
10854,2054,3677,GARANT,38
10855,657,3677,GARANT,62
10856,967,3677,GARANT,52
10857,1485,3678,GARANT,61
10858,51,3679,GARANT,86
10859,2347,3679,GARANT,81
10860,910,3679,GARANT,99
10861,3303,3679,GARANT,85
10862,3479,3679,GARANT,82
10863,1149,3679,GARANT,90
10864,3824,3680,GARANT,60
10865,3194,3681,GARANT,87
10866,28,3681,GARANT,89
10867,3075,3681,GARANT,83
10868,1130,3682,GARANT,99
10869,1634,3682,GARANT,79
10870,3498,3682,GARANT,85
10871,2744,3682,GARANT,90
10872,1626,3682,GARANT,76
10873,1079,3683,GARANT,56
10874,4769,3684,GARANT,48
10875,2527,3684,GARANT,37
10876,1921,3684,GARANT,40
10877,1372,3684,GARANT,40
10878,3639,3685,GARANT,67
10879,4566,3685,GARANT,64
10880,3806,3686,GARANT,86
10881,1895,3687,GARANT,38
10882,4217,3687,GARANT,40
10883,2024,3688,GARANT,99
10884,4117,3688,GARANT,95
10885,134,3688,GARANT,75
10886,1487,3688,GARANT,93
10887,193,3688,GARANT,74
10888,81,3688,GARANT,77
10889,4696,3689,GARANT,39
10890,3844,3689,GARANT,46
10891,3271,3690,GARANT,80
10892,2782,3690,GARANT,93
10893,2592,3691,GARANT,50
10894,4262,3691,GARANT,50
10895,2776,3691,GARANT,44
10896,1434,3691,GARANT,40
10897,2891,3692,GARANT,64
10898,4629,3692,GARANT,45
10899,4052,3692,GARANT,46
10900,2427,3692,GARANT,39
10901,2699,3693,GARANT,56
10902,4928,3694,GARANT,92
10903,2527,3694,GARANT,79
10904,4545,3694,GARANT,99
10905,411,3695,GARANT,55
10906,149,3695,GARANT,48
10907,697,3695,GARANT,54
10908,2060,3695,GARANT,38
10909,827,3695,GARANT,41
10910,4586,3695,GARANT,37
10911,4770,3695,GARANT,53
10912,918,3695,GARANT,45
10913,4082,3696,GARANT,75
10914,3874,3696,GARANT,82
10915,131,3696,GARANT,83
10916,4147,3697,GARANT,98
10917,426,3698,GARANT,46
10918,4308,3699,GARANT,44
10919,1485,3700,GARANT,65
10920,2367,3700,GARANT,37
10921,310,3700,GARANT,38
10922,4752,3701,GARANT,94
10923,2911,3701,GARANT,92
10924,4406,3702,GARANT,59
10925,702,3702,GARANT,49
10926,1084,3702,GARANT,47
10927,125,3703,GARANT,85
10928,2338,3703,GARANT,72
10929,3323,3704,GARANT,72
10930,3891,3704,GARANT,91
10931,4017,3704,GARANT,75
10932,4159,3705,GARANT,50
10933,2297,3705,GARANT,40
10934,3251,3706,GARANT,90
10935,98,3706,GARANT,91
10936,2092,3706,GARANT,95
10937,3579,3707,GARANT,43
10938,396,3708,GARANT,43
10939,4522,3708,GARANT,38
10940,364,3708,GARANT,50
10941,1437,3708,GARANT,41
10942,954,3708,GARANT,42
10943,4918,3708,GARANT,41
10944,677,3708,GARANT,58
10945,4317,3709,GARANT,78
10946,3298,3709,GARANT,74
10947,2020,3709,GARANT,89
10948,3368,3710,GARANT,41
10949,4283,3710,GARANT,64
10950,4060,3710,GARANT,51
10951,2513,3710,GARANT,54
10952,1326,3711,GARANT,48
10953,1095,3711,GARANT,56
10954,4967,3712,GARANT,89
10955,4566,3712,GARANT,84
10956,1861,3713,GARANT,50
10957,3705,3713,GARANT,43
10958,3186,3713,GARANT,45
10959,871,3714,GARANT,86
10960,894,3714,GARANT,93
10961,94,3714,GARANT,95
10962,4507,3714,GARANT,72
10963,3369,3715,GARANT,74
10964,1696,3715,GARANT,81
10965,2682,3715,GARANT,97
10966,2306,3715,GARANT,83
10967,479,3715,GARANT,96
10968,1562,3716,GARANT,84
10969,459,3716,GARANT,80
10970,2721,3716,GARANT,97
10971,1671,3716,GARANT,87
10972,4436,3717,GARANT,47
10973,1702,3717,GARANT,48
10974,1403,3717,GARANT,47
10975,300,3717,GARANT,37
10976,4589,3717,GARANT,49
10977,502,3717,GARANT,45
10978,1096,3718,GARANT,44
10979,736,3718,GARANT,62
10980,3205,3719,GARANT,82
10981,3146,3719,GARANT,89
10982,48,3719,GARANT,80
10983,7,3720,GARANT,58
10984,365,3720,GARANT,44
10985,2673,3721,GARANT,79
10986,400,3721,GARANT,83
10987,3072,3722,GARANT,48
10988,4935,3723,GARANT,90
10989,1975,3723,GARANT,85
10990,443,3723,GARANT,82
10991,2884,3723,GARANT,72
10992,4612,3723,GARANT,86
10993,4088,3724,GARANT,79
10994,4308,3724,GARANT,82
10995,4641,3724,GARANT,86
10996,3141,3724,GARANT,77
10997,4935,3724,GARANT,77
10998,233,3724,GARANT,84
10999,3870,3725,GARANT,62
11000,4469,3725,GARANT,52
11001,3892,3726,GARANT,87
11002,4429,3726,GARANT,85
11003,2002,3726,GARANT,77
11004,3407,3726,GARANT,80
11005,2376,3727,GARANT,54
11006,3674,3727,GARANT,39
11007,1439,3727,GARANT,52
11008,1474,3728,GARANT,81
11009,2717,3728,GARANT,91
11010,3187,3728,GARANT,75
11011,1372,3728,GARANT,90
11012,1096,3729,GARANT,73
11013,1608,3729,GARANT,91
11014,3161,3730,GARANT,75
11015,3179,3730,GARANT,77
11016,3576,3730,GARANT,87
11017,581,3730,GARANT,81
11018,4189,3731,GARANT,84
11019,3727,3731,GARANT,92
11020,191,3731,GARANT,98
11021,1851,3731,GARANT,94
11022,2677,3731,GARANT,88
11023,1959,3731,GARANT,95
11024,616,3732,GARANT,52
11025,4445,3732,GARANT,53
11026,1045,3732,GARANT,56
11027,4479,3733,GARANT,72
11028,124,3733,GARANT,74
11029,2706,3733,GARANT,79
11030,2999,3733,GARANT,94
11031,88,3734,GARANT,86
11032,3386,3734,GARANT,83
11033,4586,3735,GARANT,45
11034,2898,3736,GARANT,43
11035,167,3737,GARANT,53
11036,2617,3738,GARANT,82
11037,595,3738,GARANT,98
11038,937,3738,GARANT,74
11039,2836,3738,GARANT,94
11040,2306,3739,GARANT,44
11041,534,3739,GARANT,48
11042,1756,3739,GARANT,48
11043,904,3740,GARANT,87
11044,1339,3740,GARANT,99
11045,1863,3740,GARANT,80
11046,4957,3741,GARANT,86
11047,730,3741,GARANT,85
11048,1059,3742,GARANT,92
11049,2800,3742,GARANT,92
11050,4729,3742,GARANT,92
11051,1360,3742,GARANT,77
11052,2554,3743,GARANT,54
11053,2084,3743,GARANT,58
11054,1382,3743,GARANT,56
11055,4060,3744,GARANT,57
11056,4890,3744,GARANT,41
11057,3531,3745,GARANT,99
11058,22,3745,GARANT,82
11059,3833,3746,GARANT,85
11060,4036,3746,GARANT,85
11061,296,3746,GARANT,84
11062,1910,3747,GARANT,95
11063,646,3747,GARANT,76
11064,587,3747,GARANT,87
11065,4929,3747,GARANT,89
11066,3722,3747,GARANT,95
11067,2838,3748,GARANT,89
11068,1007,3749,GARANT,60
11069,4823,3750,GARANT,94
11070,4530,3750,GARANT,99
11071,1894,3750,GARANT,76
11072,4245,3751,GARANT,39
11073,2027,3751,GARANT,45
11074,4844,3751,GARANT,39
11075,3625,3752,GARANT,79
11076,1717,3753,GARANT,89
11077,1879,3753,GARANT,79
11078,1050,3753,GARANT,90
11079,217,3753,GARANT,74
11080,187,3754,GARANT,60
11081,3543,3754,GARANT,54
11082,149,3755,GARANT,83
11083,495,3755,GARANT,88
11084,167,3755,GARANT,72
11085,1968,3755,GARANT,91
11086,474,3755,GARANT,85
11087,4072,3756,GARANT,89
11088,3658,3756,GARANT,80
11089,4770,3756,GARANT,76
11090,2879,3757,GARANT,49
11091,2371,3758,GARANT,72
11092,4920,3758,GARANT,91
11093,990,3758,GARANT,73
11094,3251,3758,GARANT,87
11095,267,3759,GARANT,99
11096,3745,3759,GARANT,84
11097,1142,3759,GARANT,79
11098,2421,3759,GARANT,73
11099,1839,3759,GARANT,78
11100,610,3760,GARANT,75
11101,1691,3760,GARANT,82
11102,1707,3760,GARANT,91
11103,2564,3760,GARANT,77
11104,4785,3761,GARANT,92
11105,2348,3761,GARANT,73
11106,4610,3761,GARANT,92
11107,2308,3761,GARANT,76
11108,452,3762,GARANT,38
11109,1649,3763,GARANT,50
11110,1033,3764,GARANT,45
11111,925,3764,GARANT,50
11112,2316,3765,GARANT,73
11113,1686,3765,GARANT,96
11114,4392,3765,GARANT,72
11115,3218,3766,GARANT,42
11116,4997,3767,GARANT,50
11117,2618,3767,GARANT,52
11118,1767,3768,GARANT,41
11119,2399,3768,GARANT,52
11120,1049,3768,GARANT,44
11121,1799,3768,GARANT,40
11122,4693,3768,GARANT,65
11123,3265,3768,GARANT,52
11124,2057,3769,GARANT,75
11125,4519,3769,GARANT,76
11126,3469,3769,GARANT,80
11127,1164,3769,GARANT,76
11128,1823,3769,GARANT,90
11129,1917,3770,GARANT,72
11130,1158,3770,GARANT,76
11131,1859,3770,GARANT,97
11132,4884,3770,GARANT,99
11133,502,3770,GARANT,85
11134,392,3771,GARANT,46
11135,2427,3772,GARANT,88
11136,3692,3772,GARANT,81
11137,104,3772,GARANT,84
11138,2128,3772,GARANT,89
11139,471,3773,GARANT,89
11140,1975,3773,GARANT,92
11141,4889,3773,GARANT,78
11142,3798,3773,GARANT,75
11143,4899,3773,GARANT,85
11144,3786,3774,GARANT,48
11145,3903,3774,GARANT,53
11146,2858,3775,GARANT,82
11147,3691,3775,GARANT,85
11148,3159,3775,GARANT,89
11149,2379,3776,GARANT,75
11150,1485,3776,GARANT,98
11151,2494,3776,GARANT,89
11152,1332,3776,GARANT,91
11153,2433,3776,GARANT,78
11154,614,3776,GARANT,83
11155,2694,3777,GARANT,79
11156,1011,3777,GARANT,79
11157,1358,3777,GARANT,92
11158,2422,3778,GARANT,49
11159,2304,3778,GARANT,48
11160,705,3779,GARANT,49
11161,2798,3779,GARANT,46
11162,4884,3779,GARANT,56
11163,3669,3780,GARANT,44
11164,2330,3780,GARANT,59
11165,1539,3780,GARANT,52
11166,1813,3780,GARANT,55
11167,154,3781,GARANT,72
11168,3876,3781,GARANT,95
11169,4964,3782,GARANT,45
11170,3340,3783,GARANT,46
11171,4592,3783,GARANT,42
11172,2192,3783,GARANT,75
11173,1060,3784,GARANT,60
11174,1020,3784,GARANT,67
11175,1204,3785,GARANT,40
11176,3851,3785,GARANT,47
11177,121,3785,GARANT,45
11178,4604,3786,GARANT,47
11179,3921,3786,GARANT,40
11180,1959,3786,GARANT,48
11181,3517,3787,GARANT,75
11182,2108,3787,GARANT,75
11183,635,3787,GARANT,72
11184,4115,3787,GARANT,92
11185,4533,3787,GARANT,99
11186,4861,3788,GARANT,53
11187,4946,3789,GARANT,72
11188,4021,3789,GARANT,92
11189,1120,3789,GARANT,75
11190,4884,3790,GARANT,55
11191,4522,3790,GARANT,55
11192,1800,3791,GARANT,74
11193,1865,3791,GARANT,72
11194,3579,3791,GARANT,82
11195,465,3791,GARANT,99
11196,4060,3792,GARANT,97
11197,4992,3792,GARANT,72
11198,3886,3793,GARANT,94
11199,3878,3794,GARANT,79
11200,1799,3795,GARANT,98
11201,364,3795,GARANT,89
11202,3956,3795,GARANT,94
11203,3164,3795,GARANT,93
11204,4585,3796,GARANT,48
11205,3888,3796,GARANT,56
11206,805,3797,GARANT,78
11207,1757,3797,GARANT,81
11208,1916,3797,GARANT,78
11209,3300,3798,GARANT,75
11210,4068,3798,GARANT,90
11211,4783,3798,GARANT,72
11212,1492,3798,GARANT,97
11213,2252,3799,GARANT,87
11214,343,3799,GARANT,93
11215,1283,3799,GARANT,98
11216,1739,3799,GARANT,77
11217,3193,3800,GARANT,85
11218,2306,3801,GARANT,37
11219,4746,3801,GARANT,42
11220,1696,3801,GARANT,45
11221,1846,3801,GARANT,48
11222,3123,3802,GARANT,76
11223,4275,3802,GARANT,78
11224,1020,3803,GARANT,72
11225,1507,3803,GARANT,88
11226,3348,3803,GARANT,97
11227,3695,3804,GARANT,59
11228,1114,3804,GARANT,44
11229,4076,3804,GARANT,43
11230,491,3804,GARANT,53
11231,915,3805,GARANT,82
11232,2556,3805,GARANT,77
11233,4355,3805,GARANT,79
11234,1804,3805,GARANT,88
11235,2058,3805,GARANT,83
11236,4966,3806,GARANT,46
11237,2221,3806,GARANT,58
11238,475,3807,GARANT,92
11239,3352,3807,GARANT,78
11240,4180,3807,GARANT,82
11241,611,3807,GARANT,76
11242,3442,3807,GARANT,78
11243,2526,3808,GARANT,92
11244,4327,3808,GARANT,85
11245,4529,3808,GARANT,80
11246,4480,3809,GARANT,41
11247,918,3809,GARANT,37
11248,390,3810,GARANT,59
11249,3501,3810,GARANT,50
11250,3712,3811,GARANT,55
11251,4650,3811,GARANT,43
11252,4648,3812,GARANT,74
11253,2919,3812,GARANT,91
11254,2836,3812,GARANT,72
11255,202,3812,GARANT,90
11256,4265,3812,GARANT,77
11257,273,3813,GARANT,44
11258,2069,3814,GARANT,80
11259,4957,3814,GARANT,97
11260,2632,3814,GARANT,98
11261,1146,3814,GARANT,99
11262,2136,3815,GARANT,85
11263,226,3815,GARANT,76
11264,826,3815,GARANT,85
11265,962,3816,GARANT,48
11266,598,3816,GARANT,40
11267,3189,3817,GARANT,66
11268,4436,3817,GARANT,51
11269,365,3818,GARANT,87
11270,4895,3818,GARANT,83
11271,925,3818,GARANT,74
11272,4664,3819,GARANT,51
11273,2068,3819,GARANT,43
11274,479,3820,GARANT,42
11275,4419,3820,GARANT,47
11276,4229,3821,GARANT,91
11277,589,3821,GARANT,74
11278,1078,3822,GARANT,76
11279,2839,3822,GARANT,82
11280,3896,3822,GARANT,74
11281,3771,3822,GARANT,98
11282,547,3822,GARANT,90
11283,2729,3822,GARANT,74
11284,1329,3822,GARANT,94
11285,4364,3822,GARANT,82
11286,444,3823,GARANT,78
11287,4151,3824,GARANT,60
11288,2853,3824,GARANT,49
11289,2058,3825,GARANT,72
11290,3859,3825,GARANT,85
11291,2588,3825,GARANT,95
11292,2650,3825,GARANT,97
11293,2626,3825,GARANT,81
11294,4650,3826,GARANT,43
11295,3187,3826,GARANT,49
11296,3742,3826,GARANT,42
11297,980,3826,GARANT,51
11298,2775,3827,GARANT,48
11299,2296,3827,GARANT,51
11300,307,3827,GARANT,41
11301,1143,3828,GARANT,45
11302,4532,3829,GARANT,52
11303,3037,3829,GARANT,65
11304,3917,3830,GARANT,41
11305,869,3830,GARANT,48
11306,1080,3830,GARANT,53
11307,4599,3830,GARANT,49
11308,2374,3830,GARANT,48
11309,4476,3831,GARANT,51
11310,4066,3831,GARANT,37
11311,1542,3831,GARANT,63
11312,4770,3832,GARANT,47
11313,3966,3833,GARANT,75
11314,400,3833,GARANT,75
11315,3650,3834,GARANT,42
11316,600,3834,GARANT,54
11317,1198,3834,GARANT,43
11318,2065,3834,GARANT,38
11319,571,3834,GARANT,56
11320,1406,3834,GARANT,42
11321,3372,3834,GARANT,41
11322,4908,3835,GARANT,47
11323,2379,3836,GARANT,92
11324,2500,3836,GARANT,85
11325,2493,3836,GARANT,98
11326,306,3837,GARANT,86
11327,199,3838,GARANT,96
11328,3014,3838,GARANT,73
11329,3130,3838,GARANT,84
11330,198,3838,GARANT,99
11331,1634,3838,GARANT,72
11332,3048,3838,GARANT,82
11333,3500,3839,GARANT,76
11334,4173,3839,GARANT,83
11335,2194,3839,GARANT,94
11336,2959,3839,GARANT,72
11337,3055,3839,GARANT,90
11338,1224,3840,GARANT,77
11339,223,3840,GARANT,95
11340,47,3840,GARANT,88
11341,4111,3840,GARANT,81
11342,890,3840,GARANT,92
11343,2929,3841,GARANT,43
11344,79,3842,GARANT,44
11345,2856,3842,GARANT,39
11346,28,3843,GARANT,83
11347,1597,3843,GARANT,95
11348,4874,3844,GARANT,91
11349,3884,3844,GARANT,72
11350,519,3844,GARANT,93
11351,1903,3845,GARANT,49
11352,2708,3846,GARANT,43
11353,3308,3847,GARANT,66
11354,1507,3847,GARANT,47
11355,3181,3847,GARANT,41
11356,3479,3848,GARANT,78
11357,3303,3848,GARANT,76
11358,1597,3848,GARANT,93
11359,4889,3849,GARANT,60
11360,309,3849,GARANT,50
11361,3298,3849,GARANT,45
11362,2852,3849,GARANT,57
11363,3180,3850,GARANT,69
11364,3956,3850,GARANT,55
11365,355,3851,GARANT,66
11366,3833,3852,GARANT,79
11367,815,3852,GARANT,84
11368,152,3852,GARANT,89
11369,3002,3852,GARANT,86
11370,180,3852,GARANT,93
11371,138,3853,GARANT,53
11372,1230,3853,GARANT,58
11373,1799,3853,GARANT,41
11374,3673,3853,GARANT,43
11375,1973,3854,GARANT,48
11376,4027,3854,GARANT,45
11377,4714,3854,GARANT,42
11378,3744,3855,GARANT,46
11379,131,3855,GARANT,46
11380,3806,3855,GARANT,51
11381,903,3855,GARANT,41
11382,4339,3855,GARANT,46
11383,4920,3855,GARANT,38
11384,328,3856,GARANT,64
11385,400,3856,GARANT,61
11386,3615,3856,GARANT,69
11387,569,3856,GARANT,62
11388,4728,3856,GARANT,42
11389,2839,3856,GARANT,57
11390,3037,3856,GARANT,43
11391,4079,3857,GARANT,78
11392,2630,3857,GARANT,99
11393,118,3858,GARANT,76
11394,751,3858,GARANT,81
11395,700,3858,GARANT,76
11396,4203,3859,GARANT,85
11397,1717,3860,GARANT,83
11398,4867,3860,GARANT,85
11399,2313,3860,GARANT,97
11400,220,3860,GARANT,85
11401,3830,3861,GARANT,38
11402,2430,3862,GARANT,53
11403,4138,3862,GARANT,44
11404,4357,3862,GARANT,48
11405,1425,3862,GARANT,42
11406,3747,3862,GARANT,51
11407,1283,3863,GARANT,78
11408,4921,3863,GARANT,72
11409,1707,3863,GARANT,89
11410,1982,3863,GARANT,95
11411,1043,3864,GARANT,44
11412,2695,3865,GARANT,75
11413,1096,3865,GARANT,76
11414,3636,3865,GARANT,77
11415,3235,3865,GARANT,81
11416,2728,3865,GARANT,96
11417,4264,3865,GARANT,72
11418,3744,3866,GARANT,98
11419,3233,3866,GARANT,77
11420,2704,3866,GARANT,90
11421,2283,3867,GARANT,43
11422,3534,3868,GARANT,46
11423,3516,3869,GARANT,39
11424,1198,3869,GARANT,50
11425,3044,3869,GARANT,67
11426,3437,3870,GARANT,41
11427,1912,3870,GARANT,54
11428,3072,3870,GARANT,67
11429,581,3871,GARANT,51
11430,1832,3871,GARANT,44
11431,3347,3871,GARANT,39
11432,4445,3872,GARANT,37
11433,3182,3872,GARANT,53
11434,3222,3872,GARANT,40
11435,1684,3872,GARANT,44
11436,3517,3873,GARANT,81
11437,281,3873,GARANT,78
11438,2981,3873,GARANT,98
11439,2415,3873,GARANT,96
11440,3988,3873,GARANT,87
11441,4114,3873,GARANT,83
11442,2108,3873,GARANT,92
11443,2970,3874,GARANT,86
11444,2109,3875,GARANT,99
11445,361,3875,GARANT,73
11446,2472,3875,GARANT,72
11447,1608,3876,GARANT,44
11448,2591,3876,GARANT,53
11449,1951,3877,GARANT,77
11450,1226,3877,GARANT,88
11451,4828,3878,GARANT,93
11452,2613,3878,GARANT,75
11453,1290,3878,GARANT,84
11454,1464,3879,GARANT,91
11455,1909,3879,GARANT,95
11456,1526,3879,GARANT,85
11457,3459,3880,GARANT,77
11458,3767,3880,GARANT,88
11459,3194,3880,GARANT,84
11460,4664,3881,GARANT,93
11461,1004,3881,GARANT,87
11462,4550,3881,GARANT,79
11463,2635,3881,GARANT,93
11464,1355,3882,GARANT,48
11465,2739,3883,GARANT,49
11466,2960,3883,GARANT,46
11467,815,3883,GARANT,50
11468,1103,3884,GARANT,87
11469,2766,3885,GARANT,91
11470,2007,3885,GARANT,80
11471,2494,3886,GARANT,79
11472,310,3886,GARANT,87
11473,3657,3886,GARANT,86
11474,1162,3887,GARANT,78
11475,1839,3887,GARANT,81
11476,902,3887,GARANT,98
11477,1542,3888,GARANT,79
11478,3189,3888,GARANT,94
11479,2325,3888,GARANT,90
11480,457,3888,GARANT,86
11481,365,3888,GARANT,75
11482,3164,3888,GARANT,77
11483,209,3888,GARANT,77
11484,3300,3889,GARANT,46
11485,2478,3889,GARANT,52
11486,1811,3890,GARANT,72
11487,4769,3891,GARANT,53
11488,1494,3892,GARANT,96
11489,1322,3892,GARANT,72
11490,452,3892,GARANT,79
11491,806,3892,GARANT,76
11492,1967,3893,GARANT,99
11493,1014,3893,GARANT,78
11494,4935,3893,GARANT,77
11495,4276,3893,GARANT,89
11496,4655,3893,GARANT,87
11497,3145,3894,GARANT,78
11498,3029,3894,GARANT,90
11499,4952,3894,GARANT,74
11500,677,3894,GARANT,72
11501,3960,3894,GARANT,74
11502,4589,3894,GARANT,82
11503,1358,3895,GARANT,99
11504,3727,3896,GARANT,38
11505,2890,3897,GARANT,96
11506,4025,3897,GARANT,89
11507,1779,3897,GARANT,99
11508,3789,3897,GARANT,98
11509,4858,3897,GARANT,87
11510,1378,3898,GARANT,49
11511,4507,3898,GARANT,57
11512,4979,3899,GARANT,75
11513,3187,3899,GARANT,88
11514,3728,3899,GARANT,99
11515,1315,3900,GARANT,99
11516,3182,3900,GARANT,74
11517,2541,3900,GARANT,75
11518,4828,3900,GARANT,93
11519,4489,3900,GARANT,88
11520,1857,3901,GARANT,83
11521,4787,3901,GARANT,76
11522,4395,3901,GARANT,83
11523,3180,3902,GARANT,45
11524,3896,3903,GARANT,74
11525,2376,3903,GARANT,76
11526,4057,3903,GARANT,74
11527,2897,3904,GARANT,48
11528,474,3904,GARANT,48
11529,3636,3905,GARANT,42
11530,4953,3905,GARANT,58
11531,1980,3905,GARANT,47
11532,1149,3905,GARANT,45
11533,2513,3906,GARANT,91
11534,3744,3906,GARANT,89
11535,3144,3907,GARANT,44
11536,3341,3907,GARANT,44
11537,1051,3907,GARANT,43
11538,903,3908,GARANT,98
11539,2694,3908,GARANT,96
11540,2925,3908,GARANT,84
11541,2650,3908,GARANT,91
11542,776,3908,GARANT,84
11543,3547,3909,GARANT,74
11544,559,3910,GARANT,54
11545,982,3910,GARANT,56
11546,3140,3910,GARANT,41
11547,1457,3910,GARANT,61
11548,2135,3911,GARANT,75
11549,1312,3911,GARANT,72
11550,4010,3911,GARANT,85
11551,910,3911,GARANT,86
11552,4729,3912,GARANT,95
11553,4344,3912,GARANT,83
11554,1696,3913,GARANT,80
11555,1448,3913,GARANT,97
11556,677,3913,GARANT,95
11557,4569,3913,GARANT,95
11558,3035,3914,GARANT,95
11559,217,3914,GARANT,94
11560,2508,3914,GARANT,98
11561,392,3915,GARANT,40
11562,4576,3916,GARANT,88
11563,415,3916,GARANT,86
11564,191,3917,GARANT,45
11565,400,3917,GARANT,43
11566,3340,3917,GARANT,51
11567,4247,3917,GARANT,57
11568,547,3917,GARANT,55
11569,1296,3917,GARANT,45
11570,2529,3917,GARANT,48
11571,180,3917,GARANT,53
11572,2992,3918,GARANT,85
11573,4810,3918,GARANT,80
11574,2434,3918,GARANT,74
11575,4551,3918,GARANT,95
11576,1534,3919,GARANT,44
11577,2295,3919,GARANT,65
11578,4206,3919,GARANT,56
11579,1329,3920,GARANT,44
11580,1124,3920,GARANT,49
11581,1162,3921,GARANT,91
11582,1016,3921,GARANT,74
11583,659,3922,GARANT,41
11584,4829,3922,GARANT,43
11585,4349,3923,GARANT,98
11586,1375,3923,GARANT,84
11587,2429,3923,GARANT,86
11588,154,3923,GARANT,88
11589,231,3923,GARANT,79
11590,1498,3923,GARANT,90
11591,4505,3924,GARANT,49
11592,3428,3925,GARANT,43
11593,2109,3925,GARANT,55
11594,2482,3926,GARANT,86
11595,579,3926,GARANT,98
11596,4567,3927,GARANT,56
11597,1142,3927,GARANT,52
11598,473,3927,GARANT,47
11599,659,3928,GARANT,89
11600,82,3928,GARANT,74
11601,2816,3928,GARANT,76
11602,262,3928,GARANT,72
11603,3016,3928,GARANT,82
11604,1490,3929,GARANT,46
11605,3143,3929,GARANT,48
11606,888,3929,GARANT,37
11607,2742,3930,GARANT,39
11608,2399,3930,GARANT,51
11609,3609,3930,GARANT,56
11610,3435,3930,GARANT,43
11611,1071,3930,GARANT,47
11612,524,3931,GARANT,86
11613,190,3931,GARANT,84
11614,2920,3931,GARANT,94
11615,3038,3931,GARANT,99
11616,2597,3932,GARANT,52
11617,2354,3932,GARANT,46
11618,1293,3932,GARANT,48
11619,3187,3933,GARANT,57
11620,4155,3934,GARANT,80
11621,2728,3934,GARANT,90
11622,421,3934,GARANT,72
11623,2749,3934,GARANT,83
11624,1608,3934,GARANT,79
11625,3501,3934,GARANT,92
11626,343,3934,GARANT,74
11627,2592,3935,GARANT,41
11628,3041,3936,GARANT,76
11629,844,3936,GARANT,91
11630,2330,3937,GARANT,75
11631,2863,3937,GARANT,74
11632,1100,3937,GARANT,91
11633,1432,3938,GARANT,43
11634,277,3939,GARANT,98
11635,937,3939,GARANT,86
11636,4274,3940,GARANT,99
11637,4192,3940,GARANT,81
11638,4308,3941,GARANT,72
11639,1527,3941,GARANT,77
11640,2511,3941,GARANT,96
11641,3889,3941,GARANT,99
11642,629,3941,GARANT,93
11643,3731,3942,GARANT,39
11644,2402,3942,GARANT,47
11645,415,3943,GARANT,37
11646,444,3943,GARANT,44
11647,4387,3944,GARANT,80
11648,3038,3944,GARANT,98
11649,2315,3944,GARANT,77
11650,2262,3944,GARANT,78
11651,969,3945,GARANT,94
11652,1794,3945,GARANT,91
11653,3724,3945,GARANT,87
11654,2648,3945,GARANT,77
11655,2554,3946,GARANT,93
11656,747,3946,GARANT,78
11657,3190,3946,GARANT,99
11658,1941,3946,GARANT,95
11659,722,3946,GARANT,87
11660,4745,3946,GARANT,84
11661,2486,3946,GARANT,76
11662,4892,3947,GARANT,77
11663,1675,3947,GARANT,90
11664,4770,3947,GARANT,78
11665,3319,3947,GARANT,96
11666,3028,3947,GARANT,83
11667,1247,3948,GARANT,80
11668,375,3948,GARANT,76
11669,2027,3948,GARANT,75
11670,22,3949,GARANT,91
11671,320,3949,GARANT,75
11672,3219,3949,GARANT,97
11673,3765,3949,GARANT,72
11674,737,3949,GARANT,92
11675,3614,3950,GARANT,82
11676,4800,3950,GARANT,96
11677,3685,3950,GARANT,92
11678,4088,3951,GARANT,41
11679,751,3952,GARANT,54
11680,3421,3952,GARANT,49
11681,4656,3953,GARANT,78
11682,29,3953,GARANT,82
11683,1167,3954,GARANT,65
11684,4800,3954,GARANT,41
11685,2206,3954,GARANT,60
11686,3323,3954,GARANT,44
11687,4961,3955,GARANT,37
11688,4031,3955,GARANT,44
11689,3790,3956,GARANT,99
11690,3559,3957,GARANT,78
11691,3879,3958,GARANT,81
11692,1865,3958,GARANT,90
11693,1779,3958,GARANT,72
11694,4946,3958,GARANT,87
11695,3450,3958,GARANT,94
11696,2911,3959,GARANT,89
11697,3665,3959,GARANT,80
11698,3762,3959,GARANT,92
11699,806,3959,GARANT,76
11700,4522,3960,GARANT,50
11701,4693,3960,GARANT,46
11702,4989,3960,GARANT,43
11703,447,3960,GARANT,38
11704,4242,3961,GARANT,93
11705,2371,3961,GARANT,86
11706,2247,3962,GARANT,48
11707,122,3962,GARANT,45
11708,2684,3962,GARANT,43
11709,1124,3962,GARANT,41
11710,902,3962,GARANT,51
11711,187,3963,GARANT,52
11712,2383,3963,GARANT,49
11713,129,3964,GARANT,95
11714,4477,3964,GARANT,94
11715,1510,3964,GARANT,76
11716,2451,3964,GARANT,90
11717,65,3965,GARANT,54
11718,4216,3965,GARANT,53
11719,2072,3965,GARANT,44
11720,4053,3965,GARANT,44
11721,392,3966,GARANT,83
11722,2722,3966,GARANT,73
11723,3896,3966,GARANT,98
11724,3055,3966,GARANT,83
11725,3550,3966,GARANT,82
11726,1739,3967,GARANT,93
11727,2917,3967,GARANT,79
11728,1980,3967,GARANT,95
11729,2767,3968,GARANT,74
11730,4327,3968,GARANT,92
11731,1188,3968,GARANT,99
11732,4566,3969,GARANT,99
11733,1372,3969,GARANT,97
11734,3705,3969,GARANT,96
11735,3055,3970,GARANT,42
11736,1368,3970,GARANT,45
11737,1131,3971,GARANT,53
11738,4835,3971,GARANT,62
11739,2444,3971,GARANT,61
11740,4629,3971,GARANT,40
11741,2692,3972,GARANT,86
11742,386,3972,GARANT,83
11743,912,3972,GARANT,88
11744,1479,3973,GARANT,55
11745,3618,3973,GARANT,67
11746,2388,3973,GARANT,37
11747,1861,3974,GARANT,47
11748,543,3974,GARANT,46
11749,1864,3974,GARANT,37
11750,2601,3975,GARANT,50
11751,3140,3976,GARANT,79
11752,192,3976,GARANT,98
11753,4832,3977,GARANT,97
11754,1493,3977,GARANT,88
11755,735,3977,GARANT,97
11756,51,3977,GARANT,85
11757,4223,3977,GARANT,92
11758,4264,3977,GARANT,85
11759,394,3978,GARANT,72
11760,636,3978,GARANT,73
11761,2316,3978,GARANT,73
11762,1135,3979,GARANT,48
11763,2172,3979,GARANT,42
11764,3910,3979,GARANT,40
11765,3069,3980,GARANT,37
11766,133,3980,GARANT,37
11767,4509,3980,GARANT,48
11768,2706,3981,GARANT,81
11769,1967,3981,GARANT,95
11770,2462,3982,GARANT,78
11771,2236,3982,GARANT,73
11772,636,3982,GARANT,80
11773,918,3983,GARANT,81
11774,291,3983,GARANT,89
11775,491,3983,GARANT,78
11776,4855,3984,GARANT,49
11777,17,3984,GARANT,49
11778,1196,3984,GARANT,42
11779,2427,3985,GARANT,80
11780,1552,3985,GARANT,75
11781,2102,3985,GARANT,93
11782,2595,3985,GARANT,97
11783,3218,3985,GARANT,94
11784,2138,3986,GARANT,37
11785,3264,3987,GARANT,88
11786,4292,3987,GARANT,86
11787,2076,3987,GARANT,73
11788,4089,3988,GARANT,84
11789,3532,3988,GARANT,90
11790,160,3988,GARANT,90
11791,2189,3988,GARANT,78
11792,1126,3988,GARANT,89
11793,212,3989,GARANT,39
11794,2366,3989,GARANT,40
11795,2522,3989,GARANT,59
11796,2405,3989,GARANT,61
11797,4021,3989,GARANT,45
11798,1939,3989,GARANT,39
11799,129,3990,GARANT,82
11800,1597,3991,GARANT,88
11801,4538,3991,GARANT,94
11802,390,3991,GARANT,78
11803,1375,3991,GARANT,79
11804,1717,3991,GARANT,89
11805,3612,3991,GARANT,98
11806,3452,3991,GARANT,80
11807,806,3992,GARANT,60
11808,1543,3992,GARANT,49
11809,3662,3992,GARANT,42
11810,4935,3993,GARANT,82
11811,923,3993,GARANT,72
11812,249,3994,GARANT,89
11813,2780,3994,GARANT,90
11814,65,3994,GARANT,84
11815,969,3995,GARANT,38
11816,1695,3995,GARANT,41
11817,3119,3995,GARANT,54
11818,1335,3995,GARANT,37
11819,3067,3996,GARANT,41
11820,1316,3997,GARANT,86
11821,2234,3997,GARANT,82
11822,534,3997,GARANT,88
11823,4961,3997,GARANT,90
11824,3685,3998,GARANT,94
11825,185,3998,GARANT,94
11826,1130,3998,GARANT,90
11827,4893,3999,GARANT,39
11828,4382,3999,GARANT,47
11829,1659,4000,GARANT,52
11830,4166,4000,GARANT,47
11831,2782,4001,GARANT,75
11832,1193,4002,GARANT,56
11833,4744,4002,GARANT,42
11834,4609,4002,GARANT,40
11835,4477,4002,GARANT,39
11836,1789,4003,GARANT,55
11837,1448,4003,GARANT,52
11838,3944,4004,GARANT,72
11839,4354,4004,GARANT,88
11840,3015,4004,GARANT,84
11841,4920,4004,GARANT,92
11842,172,4004,GARANT,86
11843,4464,4005,GARANT,74
11844,3989,4005,GARANT,78
11845,2456,4006,GARANT,96
11846,2362,4006,GARANT,73
11847,84,4006,GARANT,92
11848,4720,4006,GARANT,80
11849,4599,4007,GARANT,84
11850,296,4007,GARANT,86
11851,4821,4007,GARANT,79
11852,4755,4007,GARANT,90
11853,1945,4007,GARANT,91
11854,1959,4007,GARANT,74
11855,4349,4008,GARANT,82
11856,2749,4008,GARANT,92
11857,433,4008,GARANT,92
11858,1822,4009,GARANT,87
11859,2272,4009,GARANT,93
11860,864,4009,GARANT,75
11861,2069,4009,GARANT,75
11862,1193,4009,GARANT,90
11863,4245,4010,GARANT,60
11864,3501,4010,GARANT,40
11865,1353,4010,GARANT,60
11866,3722,4011,GARANT,54
11867,2128,4012,GARANT,77
11868,3782,4012,GARANT,86
11869,1830,4012,GARANT,90
11870,3603,4012,GARANT,78
11871,635,4013,GARANT,54
11872,2570,4013,GARANT,38
11873,236,4014,GARANT,37
11874,3082,4014,GARANT,54
11875,2057,4014,GARANT,37
11876,1055,4015,GARANT,88
11877,1863,4015,GARANT,82
11878,4509,4015,GARANT,89
11879,1161,4015,GARANT,95
11880,435,4015,GARANT,80
11881,130,4016,GARANT,47
11882,4180,4016,GARANT,46
11883,198,4017,GARANT,87
11884,818,4017,GARANT,77
11885,3014,4017,GARANT,94
11886,114,4017,GARANT,76
11887,1173,4017,GARANT,98
11888,223,4017,GARANT,76
11889,1861,4018,GARANT,50
11890,1402,4018,GARANT,57
11891,198,4018,GARANT,45
11892,2700,4018,GARANT,48
11893,3044,4018,GARANT,48
11894,754,4018,GARANT,40
11895,3412,4018,GARANT,61
11896,236,4019,GARANT,49
11897,3739,4020,GARANT,51
11898,1101,4020,GARANT,43
11899,954,4020,GARANT,52
11900,966,4021,GARANT,53
11901,2451,4022,GARANT,43
11902,3371,4023,GARANT,49
11903,1031,4023,GARANT,50
11904,421,4024,GARANT,62
11905,357,4024,GARANT,50
11906,1878,4024,GARANT,44
11907,1608,4024,GARANT,42
11908,4168,4025,GARANT,94
11909,1757,4025,GARANT,84
11910,1971,4025,GARANT,90
11911,3015,4026,GARANT,90
11912,172,4026,GARANT,81
11913,4890,4026,GARANT,81
11914,760,4026,GARANT,77
11915,154,4027,GARANT,42
11916,3876,4027,GARANT,45
11917,18,4028,GARANT,88
11918,2056,4028,GARANT,74
11919,4383,4028,GARANT,92
11920,4091,4028,GARANT,98
11921,4421,4029,GARANT,91
11922,2525,4029,GARANT,91
11923,2041,4029,GARANT,77
11924,1646,4029,GARANT,85
11925,300,4030,GARANT,95
11926,4585,4030,GARANT,83
11927,2219,4031,GARANT,95
11928,2201,4031,GARANT,91
11929,2430,4032,GARANT,57
11930,1526,4033,GARANT,40
11931,4137,4033,GARANT,56
11932,1176,4034,GARANT,78
11933,3582,4034,GARANT,91
11934,4816,4034,GARANT,91
11935,146,4035,GARANT,53
11936,4206,4035,GARANT,42
11937,1782,4035,GARANT,38
11938,122,4036,GARANT,88
11939,880,4036,GARANT,83
11940,2729,4036,GARANT,74
11941,4434,4036,GARANT,86
11942,4755,4036,GARANT,85
11943,2884,4037,GARANT,94
11944,853,4037,GARANT,97
11945,740,4037,GARANT,99
11946,3041,4037,GARANT,86
11947,1053,4038,GARANT,87
11948,2721,4038,GARANT,99
11949,4434,4039,GARANT,52
11950,2739,4039,GARANT,48
11951,2529,4039,GARANT,47
11952,1626,4040,GARANT,68
11953,71,4040,GARANT,52
11954,198,4040,GARANT,42
11955,3736,4040,GARANT,41
11956,1300,4041,GARANT,83
11957,3215,4042,GARANT,89
11958,1768,4042,GARANT,93
11959,943,4042,GARANT,85
11960,542,4043,GARANT,86
11961,471,4043,GARANT,98
11962,3273,4044,GARANT,78
11963,2999,4044,GARANT,81
11964,2551,4044,GARANT,76
11965,2478,4044,GARANT,74
11966,652,4045,GARANT,41
11967,2898,4045,GARANT,50
11968,2485,4045,GARANT,43
11969,1506,4046,GARANT,54
11970,158,4047,GARANT,42
11971,2089,4048,GARANT,64
11972,4655,4048,GARANT,50
11973,3530,4048,GARANT,49
11974,309,4048,GARANT,40
11975,4660,4049,GARANT,62
11976,1774,4049,GARANT,56
11977,2601,4049,GARANT,47
11978,28,4050,GARANT,55
11979,1619,4050,GARANT,39
11980,3911,4051,GARANT,54
11981,1630,4051,GARANT,44
11982,862,4051,GARANT,57
11983,458,4051,GARANT,47
11984,4657,4051,GARANT,39
11985,4104,4052,GARANT,52
11986,4660,4053,GARANT,41
11987,4053,4054,GARANT,41
11988,1616,4055,GARANT,90
11989,1082,4055,GARANT,78
11990,3402,4055,GARANT,77
11991,1904,4056,GARANT,82
11992,982,4056,GARANT,95
11993,3474,4056,GARANT,96
11994,2804,4056,GARANT,76
11995,1570,4056,GARANT,81
11996,4855,4057,GARANT,42
11997,2376,4057,GARANT,68
11998,3609,4058,GARANT,75
11999,4884,4058,GARANT,90
12000,2163,4058,GARANT,81
12001,1696,4058,GARANT,78
12002,3327,4059,GARANT,96
12003,1178,4059,GARANT,92
12004,3047,4059,GARANT,93
12005,3917,4059,GARANT,73
12006,122,4059,GARANT,97
12007,775,4060,GARANT,40
12008,3085,4060,GARANT,50
12009,3443,4061,GARANT,86
12010,97,4061,GARANT,72
12011,3393,4062,GARANT,37
12012,4451,4062,GARANT,48
12013,1794,4063,GARANT,87
12014,4655,4063,GARANT,95
12015,2635,4063,GARANT,90
12016,4776,4063,GARANT,94
12017,1659,4064,GARANT,46
12018,3395,4064,GARANT,41
12019,1224,4064,GARANT,47
12020,4729,4064,GARANT,43
12021,505,4064,GARANT,51
12022,933,4065,GARANT,54
12023,1672,4066,GARANT,77
12024,3164,4066,GARANT,91
12025,4564,4067,GARANT,50
12026,2431,4068,GARANT,89
12027,2852,4068,GARANT,72
12028,3763,4069,GARANT,72
12029,2941,4069,GARANT,99
12030,4200,4069,GARANT,86
12031,1784,4069,GARANT,95
12032,4464,4069,GARANT,82
12033,708,4070,GARANT,88
12034,4714,4070,GARANT,78
12035,1479,4071,GARANT,99
12036,1800,4071,GARANT,84
12037,1738,4071,GARANT,83
12038,2772,4072,GARANT,80
12039,2029,4072,GARANT,81
12040,354,4072,GARANT,94
12041,4522,4073,GARANT,85
12042,1075,4074,GARANT,52
12043,3123,4074,GARANT,47
12044,2573,4074,GARANT,42
12045,2597,4075,GARANT,53
12046,2863,4075,GARANT,53
12047,3511,4075,GARANT,48
12048,113,4076,GARANT,41
12049,187,4076,GARANT,64
12050,405,4076,GARANT,51
12051,4867,4077,GARANT,92
12052,3514,4078,GARANT,91
12053,174,4078,GARANT,77
12054,3534,4079,GARANT,68
12055,2136,4079,GARANT,44
12056,2342,4079,GARANT,48
12057,3833,4080,GARANT,74
12058,4009,4081,GARANT,91
12059,2069,4081,GARANT,85
12060,193,4081,GARANT,77
12061,1015,4082,GARANT,62
12062,4283,4082,GARANT,38
12063,426,4082,GARANT,49
12064,2569,4083,GARANT,42
12065,1993,4083,GARANT,48
12066,1226,4084,GARANT,72
12067,1114,4084,GARANT,92
12068,3769,4084,GARANT,82
12069,3454,4085,GARANT,50
12070,3075,4085,GARANT,42
12071,4488,4085,GARANT,53
12072,4170,4086,GARANT,78
12073,2950,4086,GARANT,94
12074,1505,4086,GARANT,88
12075,2020,4087,GARANT,80
12076,1007,4087,GARANT,72
12077,3798,4087,GARANT,94
12078,3273,4087,GARANT,78
12079,160,4088,GARANT,49
12080,3088,4088,GARANT,48
12081,1156,4089,GARANT,41
12082,2884,4089,GARANT,67
12083,4855,4090,GARANT,39
12084,122,4090,GARANT,47
12085,3384,4090,GARANT,52
12086,4969,4091,GARANT,81
12087,4041,4091,GARANT,95
12088,2393,4091,GARANT,80
12089,3190,4092,GARANT,89
12090,2360,4092,GARANT,77
12091,3593,4092,GARANT,77
12092,575,4092,GARANT,73
12093,2374,4093,GARANT,75
12094,1563,4093,GARANT,78
12095,2421,4093,GARANT,93
12096,2201,4094,GARANT,87
12097,628,4094,GARANT,75
12098,4918,4094,GARANT,89
12099,97,4095,GARANT,87
12100,69,4095,GARANT,74
12101,1700,4095,GARANT,90
12102,3075,4096,GARANT,37
12103,3914,4096,GARANT,37
12104,943,4096,GARANT,37
12105,1176,4097,GARANT,39
12106,2774,4098,GARANT,96
12107,3746,4098,GARANT,90
12108,521,4099,GARANT,96
12109,4948,4099,GARANT,88
12110,1657,4099,GARANT,90
12111,3441,4100,GARANT,56
12112,4592,4100,GARANT,49
12113,480,4101,GARANT,42
12114,2486,4102,GARANT,44
12115,3357,4102,GARANT,60
12116,1575,4103,GARANT,44
12117,4154,4104,GARANT,57
12118,133,4104,GARANT,46
12119,437,4104,GARANT,46
12120,3847,4105,GARANT,45
12121,581,4105,GARANT,42
12122,2003,4105,GARANT,39
12123,1005,4106,GARANT,52
12124,2898,4106,GARANT,50
12125,49,4106,GARANT,43
12126,1638,4107,GARANT,54
12127,4893,4108,GARANT,82
12128,2759,4108,GARANT,99
12129,3189,4109,GARANT,93
12130,4845,4109,GARANT,89
12131,4183,4110,GARANT,53
12132,2634,4110,GARANT,47
12133,4040,4111,GARANT,37
12134,3252,4111,GARANT,41
12135,1402,4111,GARANT,57
12136,2789,4111,GARANT,46
12137,1372,4111,GARANT,39
12138,1693,4111,GARANT,63
12139,1208,4112,GARANT,49
12140,2362,4112,GARANT,47
12141,1576,4113,GARANT,40
12142,3095,4114,GARANT,49
12143,1843,4114,GARANT,59
12144,2415,4115,GARANT,50
12145,777,4115,GARANT,56
12146,1933,4116,GARANT,54
12147,1810,4116,GARANT,37
12148,4776,4116,GARANT,40
12149,2494,4117,GARANT,72
12150,1510,4117,GARANT,92
12151,840,4117,GARANT,76
12152,2296,4118,GARANT,72
12153,3301,4118,GARANT,77
12154,3286,4118,GARANT,87
12155,871,4118,GARANT,85
12156,125,4118,GARANT,91
12157,1291,4118,GARANT,82
12158,659,4118,GARANT,82
12159,2059,4119,GARANT,44
12160,1436,4120,GARANT,57
12161,4941,4121,GARANT,79
12162,760,4121,GARANT,87
12163,1458,4121,GARANT,84
12164,3375,4121,GARANT,74
12165,2458,4121,GARANT,72
12166,143,4121,GARANT,74
12167,675,4121,GARANT,81
12168,4587,4121,GARANT,97
12169,598,4122,GARANT,99
12170,3139,4122,GARANT,87
12171,3914,4122,GARANT,85
12172,1352,4122,GARANT,86
12173,3301,4123,GARANT,49
12174,3096,4123,GARANT,40
12175,690,4123,GARANT,57
12176,4553,4123,GARANT,37
12177,1296,4124,GARANT,94
12178,1416,4125,GARANT,73
12179,4992,4125,GARANT,88
12180,920,4125,GARANT,72
12181,554,4126,GARANT,76
12182,4628,4126,GARANT,76
12183,804,4127,GARANT,70
12184,4155,4127,GARANT,52
12185,4361,4127,GARANT,51
12186,952,4128,GARANT,49
12187,3477,4129,GARANT,86
12188,2711,4130,GARANT,41
12189,1444,4130,GARANT,47
12190,3873,4131,GARANT,96
12191,3765,4132,GARANT,97
12192,473,4132,GARANT,90
12193,4959,4132,GARANT,86
12194,4653,4132,GARANT,81
12195,4470,4133,GARANT,98
12196,3329,4133,GARANT,91
12197,2763,4133,GARANT,80
12198,2774,4133,GARANT,98
12199,23,4133,GARANT,77
12200,2325,4134,GARANT,50
12201,1484,4134,GARANT,49
12202,3280,4134,GARANT,52
12203,1651,4134,GARANT,44
12204,3159,4135,GARANT,39
12205,528,4136,GARANT,48
12206,1784,4137,GARANT,45
12207,2993,4138,GARANT,85
12208,3072,4138,GARANT,89
12209,1291,4138,GARANT,83
12210,4613,4138,GARANT,98
12211,81,4139,GARANT,91
12212,2385,4139,GARANT,72
12213,2888,4139,GARANT,72
12214,1559,4139,GARANT,91
12215,4009,4139,GARANT,83
12216,4170,4140,GARANT,37
12217,4308,4140,GARANT,39
12218,2180,4140,GARANT,43
12219,1079,4141,GARANT,90
12220,103,4141,GARANT,97
12221,1901,4142,GARANT,38
12222,3438,4143,GARANT,92
12223,2211,4143,GARANT,99
12224,3670,4143,GARANT,96
12225,275,4144,GARANT,43
12226,2315,4144,GARANT,48
12227,4841,4144,GARANT,53
12228,4292,4145,GARANT,44
12229,2283,4145,GARANT,48
12230,538,4145,GARANT,43
12231,1215,4146,GARANT,88
12232,2942,4146,GARANT,97
12233,349,4146,GARANT,83
12234,1115,4146,GARANT,98
12235,717,4147,GARANT,78
12236,1341,4147,GARANT,74
12237,3082,4147,GARANT,86
12238,2630,4148,GARANT,97
12239,2041,4148,GARANT,80
12240,1715,4148,GARANT,94
12241,2546,4148,GARANT,76
12242,3142,4148,GARANT,92
12243,1084,4149,GARANT,58
12244,2976,4150,GARANT,87
12245,1103,4150,GARANT,72
12246,3789,4150,GARANT,89
12247,3763,4150,GARANT,82
12248,2859,4151,GARANT,44
12249,4964,4152,GARANT,44
12250,2494,4152,GARANT,57
12251,3603,4152,GARANT,62
12252,1476,4152,GARANT,55
12253,3291,4153,GARANT,86
12254,3969,4153,GARANT,87
12255,3428,4153,GARANT,97
12256,4152,4154,GARANT,39
12257,3603,4154,GARANT,72
12258,2371,4156,GARANT,42
12259,3070,4156,GARANT,43
12260,3518,4157,GARANT,49
12261,3921,4157,GARANT,37
12262,466,4158,GARANT,76
12263,672,4158,GARANT,87
12264,3355,4158,GARANT,75
12265,4106,4159,GARANT,44
12266,1159,4159,GARANT,37
12267,2974,4160,GARANT,42
12268,3427,4160,GARANT,52
12269,125,4160,GARANT,45
12270,4269,4161,GARANT,99
12271,4768,4161,GARANT,75
12272,2044,4161,GARANT,78
12273,2330,4161,GARANT,99
12274,3740,4161,GARANT,93
12275,2173,4161,GARANT,98
12276,4681,4162,GARANT,94
12277,4307,4162,GARANT,90
12278,638,4162,GARANT,79
12279,4145,4162,GARANT,81
12280,1079,4162,GARANT,98
12281,2522,4163,GARANT,96
12282,1611,4163,GARANT,82
12283,1877,4163,GARANT,82
12284,2205,4163,GARANT,80
12285,3975,4164,GARANT,81
12286,2316,4165,GARANT,37
12287,4330,4165,GARANT,68
12288,2314,4165,GARANT,47
12289,22,4165,GARANT,48
12290,9,4165,GARANT,42
12291,1474,4166,GARANT,90
12292,4729,4166,GARANT,75
12293,1626,4166,GARANT,84
12294,1005,4166,GARANT,72
12295,198,4166,GARANT,86
12296,818,4166,GARANT,81
12297,598,4167,GARANT,65
12298,369,4167,GARANT,39
12299,713,4167,GARANT,37
12300,1768,4167,GARANT,44
12301,862,4167,GARANT,58
12302,1247,4167,GARANT,38
12303,1551,4167,GARANT,49
12304,1508,4167,GARANT,37
12305,103,4168,GARANT,42
12306,550,4169,GARANT,40
12307,4754,4170,GARANT,90
12308,694,4170,GARANT,79
12309,1919,4170,GARANT,97
12310,4479,4170,GARANT,93
12311,542,4170,GARANT,85
12312,2412,4170,GARANT,89
12313,3922,4171,GARANT,70
12314,1364,4171,GARANT,40
12315,2630,4171,GARANT,53
12316,1062,4171,GARANT,52
12317,1369,4172,GARANT,80
12318,3884,4172,GARANT,84
12319,3535,4172,GARANT,91
12320,1916,4172,GARANT,98
12321,453,4172,GARANT,97
12322,40,4173,GARANT,54
12323,1967,4174,GARANT,95
12324,3467,4174,GARANT,81
12325,4479,4174,GARANT,75
12326,3385,4174,GARANT,86
12327,915,4175,GARANT,97
12328,3758,4175,GARANT,72
12329,275,4175,GARANT,73
12330,1940,4175,GARANT,83
12331,3482,4175,GARANT,90
12332,55,4175,GARANT,85
12333,3874,4176,GARANT,97
12334,1358,4176,GARANT,73
12335,611,4176,GARANT,81
12336,2135,4177,GARANT,81
12337,458,4177,GARANT,81
12338,1506,4178,GARANT,85
12339,454,4178,GARANT,94
12340,1973,4178,GARANT,80
12341,4538,4178,GARANT,92
12342,736,4178,GARANT,76
12343,28,4178,GARANT,87
12344,1707,4178,GARANT,82
12345,2442,4178,GARANT,87
12346,474,4179,GARANT,75
12347,4480,4179,GARANT,98
12348,2556,4180,GARANT,48
12349,4283,4180,GARANT,74
12350,4660,4180,GARANT,57
12351,4868,4180,GARANT,44
12352,476,4180,GARANT,54
12353,475,4180,GARANT,42
12354,2051,4181,GARANT,86
12355,4760,4181,GARANT,80
12356,4276,4182,GARANT,96
12357,4785,4182,GARANT,77
12358,1209,4182,GARANT,78
12359,3778,4182,GARANT,91
12360,2071,4182,GARANT,74
12361,2573,4182,GARANT,92
12362,2219,4183,GARANT,79
12363,3144,4183,GARANT,90
12364,1299,4184,GARANT,41
12365,3263,4185,GARANT,95
12366,1397,4185,GARANT,79
12367,465,4185,GARANT,82
12368,453,4185,GARANT,92
12369,590,4185,GARANT,91
12370,3157,4185,GARANT,99
12371,1894,4185,GARANT,81
12372,1464,4185,GARANT,87
12373,1432,4185,GARANT,75
12374,4812,4185,GARANT,91
12375,495,4186,GARANT,89
12376,1341,4186,GARANT,77
12377,2235,4186,GARANT,94
12378,2,4186,GARANT,81
12379,4624,4186,GARANT,83
12380,403,4187,GARANT,84
12381,3190,4187,GARANT,99
12382,2929,4187,GARANT,73
12383,4041,4188,GARANT,55
12384,3886,4188,GARANT,43
12385,3721,4189,GARANT,51
12386,4514,4189,GARANT,47
12387,3735,4190,GARANT,50
12388,1044,4190,GARANT,55
12389,2144,4190,GARANT,37
12390,2501,4190,GARANT,49
12391,2405,4191,GARANT,89
12392,3398,4191,GARANT,74
12393,2976,4191,GARANT,73
12394,2522,4191,GARANT,83
12395,1288,4191,GARANT,99
12396,1511,4191,GARANT,73
12397,1794,4192,GARANT,37
12398,3695,4193,GARANT,72
12399,2383,4193,GARANT,83
12400,4334,4193,GARANT,72
12401,78,4193,GARANT,87
12402,722,4193,GARANT,91
12403,1164,4194,GARANT,87
12404,169,4194,GARANT,91
12405,2496,4194,GARANT,72
12406,1558,4195,GARANT,73
12407,453,4195,GARANT,91
12408,2199,4196,GARANT,39
12409,4012,4197,GARANT,40
12410,1332,4197,GARANT,40
12411,3544,4198,GARANT,55
12412,2981,4199,GARANT,40
12413,3141,4199,GARANT,46
12414,4435,4200,GARANT,91
12415,4021,4200,GARANT,92
12416,2228,4200,GARANT,92
12417,4204,4201,GARANT,92
12418,2913,4201,GARANT,74
12419,2215,4202,GARANT,52
12420,504,4202,GARANT,56
12421,721,4202,GARANT,57
12422,1638,4203,GARANT,84
12423,2474,4203,GARANT,97
12424,3706,4203,GARANT,83
12425,1434,4204,GARANT,41
12426,3179,4204,GARANT,46
12427,1230,4205,GARANT,38
12428,4344,4206,GARANT,40
12429,3840,4206,GARANT,45
12430,3415,4207,GARANT,59
12431,1057,4207,GARANT,47
12432,2955,4208,GARANT,94
12433,165,4209,GARANT,46
12434,730,4209,GARANT,47
12435,2440,4209,GARANT,38
12436,1656,4210,GARANT,91
12437,1951,4210,GARANT,99
12438,1310,4210,GARANT,82
12439,2,4210,GARANT,78
12440,974,4210,GARANT,93
12441,1469,4210,GARANT,77
12442,1738,4211,GARANT,87
12443,4200,4211,GARANT,99
12444,453,4211,GARANT,95
12445,1789,4212,GARANT,94
12446,300,4212,GARANT,89
12447,4673,4212,GARANT,73
12448,3847,4213,GARANT,75
12449,4912,4213,GARANT,92
12450,4538,4214,GARANT,97
12451,1607,4214,GARANT,83
12452,3410,4214,GARANT,76
12453,1597,4214,GARANT,74
12454,4428,4214,GARANT,78
12455,1980,4214,GARANT,84
12456,1807,4214,GARANT,93
12457,4546,4214,GARANT,88
12458,4127,4214,GARANT,75
12459,4844,4214,GARANT,75
12460,158,4215,GARANT,55
12461,65,4216,GARANT,78
12462,4144,4216,GARANT,80
12463,3895,4216,GARANT,83
12464,367,4216,GARANT,85
12465,871,4217,GARANT,46
12466,2115,4217,GARANT,54
12467,3665,4217,GARANT,48
12468,3165,4218,GARANT,55
12469,1432,4218,GARANT,54
12470,3511,4219,GARANT,52
12471,3250,4219,GARANT,52
12472,1139,4220,GARANT,41
12473,4333,4221,GARANT,45
12474,4177,4222,GARANT,88
12475,1508,4223,GARANT,58
12476,1705,4223,GARANT,51
12477,2126,4223,GARANT,40
12478,962,4224,GARANT,47
12479,1523,4224,GARANT,42
12480,713,4224,GARANT,37
12481,780,4224,GARANT,47
12482,3672,4224,GARANT,48
12483,700,4224,GARANT,37
12484,2405,4225,GARANT,43
12485,2215,4225,GARANT,43
12486,453,4225,GARANT,63
12487,4388,4225,GARANT,49
12488,4948,4226,GARANT,60
12489,3425,4227,GARANT,46
12490,3518,4227,GARANT,49
12491,1080,4227,GARANT,53
12492,4247,4228,GARANT,93
12493,2421,4228,GARANT,91
12494,4848,4229,GARANT,88
12495,1320,4229,GARANT,81
12496,1176,4229,GARANT,81
12497,4588,4229,GARANT,77
12498,2382,4230,GARANT,48
12499,2566,4230,GARANT,52
12500,572,4230,GARANT,44
12501,829,4231,GARANT,44
12502,1510,4231,GARANT,40
12503,134,4231,GARANT,49
12504,3669,4231,GARANT,43
12505,2803,4232,GARANT,95
12506,4415,4232,GARANT,81
12507,4134,4232,GARANT,73
12508,2199,4233,GARANT,37
12509,3091,4233,GARANT,57
12510,2385,4233,GARANT,42
12511,3664,4233,GARANT,47
12512,4484,4234,GARANT,47
12513,2088,4235,GARANT,79
12514,3059,4235,GARANT,96
12515,4961,4235,GARANT,94
12516,1071,4235,GARANT,77
12517,2873,4236,GARANT,48
12518,2051,4236,GARANT,41
12519,3087,4236,GARANT,65
12520,4641,4237,GARANT,41
12521,2890,4238,GARANT,81
12522,4530,4238,GARANT,84
12523,3152,4238,GARANT,75
12524,2456,4239,GARANT,53
12525,2029,4239,GARANT,55
12526,575,4239,GARANT,63
12527,831,4239,GARANT,41
12528,3336,4240,GARANT,77
12529,567,4240,GARANT,73
12530,88,4241,GARANT,52
12531,1866,4242,GARANT,85
12532,2811,4242,GARANT,88
12533,2458,4242,GARANT,99
12534,990,4242,GARANT,91
12535,243,4242,GARANT,95
12536,1548,4242,GARANT,81
12537,475,4242,GARANT,86
12538,2051,4243,GARANT,99
12539,923,4243,GARANT,83
12540,4533,4243,GARANT,94
12541,3988,4243,GARANT,86
12542,4534,4244,GARANT,78
12543,4292,4244,GARANT,88
12544,1892,4244,GARANT,78
12545,2715,4244,GARANT,72
12546,3789,4244,GARANT,78
12547,2037,4244,GARANT,77
12548,2023,4245,GARANT,82
12549,957,4245,GARANT,96
12550,3418,4245,GARANT,82
12551,369,4245,GARANT,95
12552,2728,4245,GARANT,87
12553,3014,4246,GARANT,72
12554,3727,4247,GARANT,98
12555,2767,4248,GARANT,88
12556,3514,4248,GARANT,98
12557,174,4248,GARANT,80
12558,1306,4249,GARANT,37
12559,3632,4249,GARANT,49
12560,2180,4249,GARANT,50
12561,3512,4250,GARANT,40
12562,2238,4250,GARANT,54
12563,4928,4251,GARANT,48
12564,3742,4251,GARANT,45
12565,84,4252,GARANT,50
12566,4977,4252,GARANT,44
12567,4770,4252,GARANT,75
12568,191,4253,GARANT,82
12569,4728,4253,GARANT,95
12570,2589,4253,GARANT,87
12571,152,4253,GARANT,87
12572,3531,4253,GARANT,82
12573,1472,4253,GARANT,95
12574,2462,4253,GARANT,79
12575,1634,4254,GARANT,85
12576,1160,4254,GARANT,87
12577,4207,4254,GARANT,92
12578,1123,4255,GARANT,85
12579,2851,4255,GARANT,91
12580,3852,4255,GARANT,85
12581,1439,4256,GARANT,45
12582,3500,4256,GARANT,50
12583,534,4257,GARANT,54
12584,3525,4257,GARANT,46
12585,4554,4257,GARANT,46
12586,3141,4258,GARANT,54
12587,1967,4258,GARANT,50
12588,3749,4258,GARANT,39
12589,2387,4258,GARANT,53
12590,2422,4258,GARANT,49
12591,3988,4258,GARANT,37
12592,778,4259,GARANT,41
12593,3809,4259,GARANT,38
12594,3181,4259,GARANT,46
12595,2671,4260,GARANT,50
12596,344,4260,GARANT,54
12597,3772,4261,GARANT,45
12598,827,4262,GARANT,46
12599,3889,4263,GARANT,94
12600,1794,4263,GARANT,84
12601,220,4264,GARANT,85
12602,421,4264,GARANT,99
12603,3028,4265,GARANT,46
12604,1060,4265,GARANT,45
12605,4012,4266,GARANT,72
12606,2595,4266,GARANT,75
12607,133,4266,GARANT,78
12608,1309,4267,GARANT,92
12609,4357,4268,GARANT,53
12610,3534,4268,GARANT,44
12611,3386,4268,GARANT,38
12612,2590,4269,GARANT,82
12613,1195,4269,GARANT,98
12614,2451,4269,GARANT,87
12615,103,4270,GARANT,84
12616,3579,4270,GARANT,85
12617,3266,4270,GARANT,94
12618,159,4270,GARANT,97
12619,4307,4270,GARANT,83
12620,3735,4271,GARANT,64
12621,291,4271,GARANT,54
12622,1376,4272,GARANT,50
12623,474,4272,GARANT,51
12624,3028,4272,GARANT,44
12625,4273,4272,GARANT,46
12626,2836,4273,GARANT,42
12627,3348,4273,GARANT,59
12628,694,4274,GARANT,57
12629,4658,4275,GARANT,38
12630,1004,4275,GARANT,45
12631,2573,4276,GARANT,51
12632,3343,4277,GARANT,95
12633,4714,4277,GARANT,88
12634,2810,4277,GARANT,83
12635,2749,4277,GARANT,90
12636,3194,4277,GARANT,88
12637,2087,4278,GARANT,77
12638,172,4278,GARANT,83
12639,1806,4278,GARANT,89
12640,4523,4279,GARANT,44
12641,3674,4279,GARANT,63
12642,3931,4280,GARANT,45
12643,2856,4281,GARANT,97
12644,4734,4281,GARANT,76
12645,3155,4281,GARANT,86
12646,4960,4282,GARANT,43
12647,2920,4282,GARANT,57
12648,68,4282,GARANT,49
12649,874,4282,GARANT,48
12650,275,4283,GARANT,53
12651,890,4284,GARANT,74
12652,3845,4284,GARANT,85
12653,3361,4284,GARANT,99
12654,3120,4285,GARANT,85
12655,1110,4285,GARANT,93
12656,2774,4286,GARANT,59
12657,3921,4286,GARANT,49
12658,180,4286,GARANT,48
12659,718,4287,GARANT,61
12660,700,4288,GARANT,91
12661,2562,4288,GARANT,80
12662,1597,4288,GARANT,88
12663,4844,4288,GARANT,99
12664,2317,4288,GARANT,90
12665,433,4288,GARANT,98
12666,107,4289,GARANT,81
12667,3720,4289,GARANT,99
12668,734,4290,GARANT,46
12669,3147,4290,GARANT,46
12670,795,4290,GARANT,55
12671,226,4291,GARANT,83
12672,2976,4292,GARANT,46
12673,1511,4292,GARANT,60
12674,4874,4292,GARANT,60
12675,3093,4293,GARANT,84
12676,2409,4293,GARANT,84
12677,514,4293,GARANT,88
12678,3845,4293,GARANT,83
12679,2032,4293,GARANT,97
12680,3048,4293,GARANT,80
12681,8,4294,GARANT,95
12682,2849,4294,GARANT,89
12683,1215,4294,GARANT,77
12684,2442,4295,GARANT,93
12685,1506,4295,GARANT,86
12686,4997,4295,GARANT,78
12687,1234,4295,GARANT,78
12688,4589,4296,GARANT,86
12689,4607,4296,GARANT,98
12690,2001,4296,GARANT,73
12691,1394,4297,GARANT,51
12692,2556,4297,GARANT,57
12693,1730,4297,GARANT,64
12694,6,4297,GARANT,48
12695,4961,4298,GARANT,80
12696,3265,4298,GARANT,98
12697,2798,4298,GARANT,91
12698,209,4298,GARANT,91
12699,4296,4299,GARANT,97
12700,427,4299,GARANT,78
12701,251,4299,GARANT,97
12702,1230,4299,GARANT,86
12703,2325,4299,GARANT,91
12704,4489,4300,GARANT,56
12705,1608,4300,GARANT,50
12706,3934,4300,GARANT,50
12707,1449,4300,GARANT,55
12708,1013,4300,GARANT,40
12709,426,4301,GARANT,46
12710,1702,4302,GARANT,87
12711,3930,4302,GARANT,95
12712,2736,4302,GARANT,83
12713,746,4302,GARANT,97
12714,1840,4302,GARANT,93
12715,3337,4302,GARANT,98
12716,4905,4303,GARANT,91
12717,3222,4303,GARANT,75
12718,93,4303,GARANT,87
12719,3454,4303,GARANT,92
12720,1312,4303,GARANT,86
12721,4240,4304,GARANT,39
12722,346,4304,GARANT,57
12723,1771,4304,GARANT,39
12724,4769,4305,GARANT,77
12725,1336,4305,GARANT,85
12726,3412,4305,GARANT,79
12727,3875,4305,GARANT,78
12728,1541,4306,GARANT,60
12729,2717,4306,GARANT,38
12730,114,4306,GARANT,53
12731,4137,4307,GARANT,53
12732,3398,4307,GARANT,56
12733,4438,4307,GARANT,45
12734,1526,4307,GARANT,53
12735,2059,4307,GARANT,47
12736,4479,4308,GARANT,73
12737,2504,4308,GARANT,85
12738,2387,4308,GARANT,84
12739,3889,4308,GARANT,77
12740,4460,4308,GARANT,97
12741,844,4308,GARANT,99
12742,1062,4309,GARANT,73
12743,1895,4309,GARANT,94
12744,3889,4310,GARANT,90
12745,3578,4310,GARANT,79
12746,4089,4310,GARANT,89
12747,484,4310,GARANT,75
12748,1126,4310,GARANT,73
12749,1156,4310,GARANT,99
12750,1003,4311,GARANT,45
12751,3143,4312,GARANT,58
12752,4932,4313,GARANT,79
12753,3516,4313,GARANT,84
12754,1242,4314,GARANT,98
12755,3300,4315,GARANT,84
12756,4192,4315,GARANT,97
12757,4068,4315,GARANT,96
12758,1613,4315,GARANT,81
12759,1161,4316,GARANT,46
12760,3250,4316,GARANT,47
12761,4114,4317,GARANT,52
12762,3300,4317,GARANT,44
12763,2980,4317,GARANT,60
12764,3291,4318,GARANT,39
12765,818,4318,GARANT,51
12766,1591,4319,GARANT,62
12767,3271,4319,GARANT,40
12768,257,4319,GARANT,47
12769,4585,4320,GARANT,76
12770,3886,4321,GARANT,89
12771,4151,4321,GARANT,93
12772,2451,4321,GARANT,93
12773,1586,4322,GARANT,46
12774,2755,4322,GARANT,58
12775,4612,4323,GARANT,74
12776,1825,4323,GARANT,72
12777,2624,4323,GARANT,93
12778,246,4323,GARANT,87
12779,2085,4323,GARANT,93
12780,949,4324,GARANT,76
12781,448,4324,GARANT,83
12782,2542,4324,GARANT,97
12783,2181,4325,GARANT,76
12784,3338,4325,GARANT,73
12785,1507,4325,GARANT,90
12786,1063,4325,GARANT,88
12787,2090,4325,GARANT,98
12788,1242,4325,GARANT,97
12789,2939,4325,GARANT,92
12790,726,4326,GARANT,72
12791,3771,4327,GARANT,85
12792,1631,4327,GARANT,97
12793,1673,4327,GARANT,84
12794,3683,4328,GARANT,43
12795,4848,4328,GARANT,66
12796,4505,4329,GARANT,90
12797,608,4329,GARANT,75
12798,3532,4329,GARANT,86
12799,541,4330,GARANT,91
12800,4661,4331,GARANT,40
12801,158,4331,GARANT,42
12802,4117,4331,GARANT,50
12803,1691,4332,GARANT,83
12804,3476,4332,GARANT,78
12805,780,4332,GARANT,98
12806,1705,4332,GARANT,76
12807,3525,4333,GARANT,78
12808,3955,4333,GARANT,73
12809,2623,4333,GARANT,83
12810,4918,4333,GARANT,86
12811,4693,4333,GARANT,78
12812,2329,4334,GARANT,94
12813,657,4334,GARANT,97
12814,3804,4334,GARANT,90
12815,1044,4334,GARANT,94
12816,4204,4334,GARANT,80
12817,2802,4335,GARANT,49
12818,242,4335,GARANT,46
12819,1855,4335,GARANT,49
12820,672,4336,GARANT,43
12821,2630,4337,GARANT,44
12822,2610,4337,GARANT,38
12823,2841,4338,GARANT,37
12824,3233,4339,GARANT,97
12825,775,4339,GARANT,78
12826,903,4339,GARANT,97
12827,243,4339,GARANT,72
12828,803,4340,GARANT,93
12829,3101,4341,GARANT,53
12830,4567,4341,GARANT,47
12831,952,4341,GARANT,47
12832,1736,4342,GARANT,87
12833,327,4342,GARANT,97
12834,3933,4342,GARANT,76
12835,4111,4342,GARANT,84
12836,1451,4342,GARANT,98
12837,2615,4342,GARANT,78
12838,3719,4343,GARANT,37
12839,3286,4343,GARANT,47
12840,820,4343,GARANT,48
12841,3395,4344,GARANT,53
12842,3137,4344,GARANT,59
12843,1485,4345,GARANT,42
12844,2367,4345,GARANT,42
12845,3762,4346,GARANT,45
12846,711,4347,GARANT,57
12847,3123,4347,GARANT,50
12848,3749,4347,GARANT,38
12849,4658,4348,GARANT,46
12850,1613,4348,GARANT,38
12851,1355,4349,GARANT,98
12852,2258,4349,GARANT,87
12853,2729,4350,GARANT,86
12854,3329,4350,GARANT,83
12855,1945,4350,GARANT,83
12856,3151,4351,GARANT,45
12857,4049,4351,GARANT,40
12858,2653,4351,GARANT,48
12859,3233,4351,GARANT,46
12860,1906,4351,GARANT,48
12861,3744,4351,GARANT,51
12862,1772,4352,GARANT,83
12863,257,4352,GARANT,79
12864,3386,4352,GARANT,74
12865,933,4352,GARANT,93
12866,4138,4352,GARANT,83
12867,1910,4352,GARANT,86
12868,3767,4353,GARANT,85
12869,910,4353,GARANT,84
12870,1312,4353,GARANT,91
12871,751,4353,GARANT,89
12872,367,4354,GARANT,38
12873,4920,4355,GARANT,89
12874,524,4355,GARANT,98
12875,2755,4355,GARANT,88
12876,211,4355,GARANT,77
12877,4049,4355,GARANT,85
12878,2925,4356,GARANT,99
12879,2022,4356,GARANT,82
12880,3975,4356,GARANT,73
12881,2092,4356,GARANT,95
12882,991,4356,GARANT,80
12883,1912,4357,GARANT,74
12884,94,4357,GARANT,79
12885,4469,4357,GARANT,78
12886,3301,4357,GARANT,83
12887,3351,4357,GARANT,81
12888,4378,4358,GARANT,82
12889,3847,4358,GARANT,95
12890,2040,4358,GARANT,90
12891,495,4358,GARANT,85
12892,1750,4358,GARANT,98
12893,4675,4359,GARANT,93
12894,4770,4359,GARANT,99
12895,3538,4359,GARANT,88
12896,920,4360,GARANT,94
12897,1013,4361,GARANT,77
12898,4353,4361,GARANT,75
12899,751,4361,GARANT,86
12900,2725,4361,GARANT,73
12901,1916,4362,GARANT,78
12902,1326,4363,GARANT,39
12903,724,4363,GARANT,50
12904,3177,4363,GARANT,42
12905,2235,4363,GARANT,43
12906,4840,4363,GARANT,40
12907,32,4363,GARANT,44
12908,4057,4364,GARANT,97
12909,2729,4364,GARANT,91
12910,2057,4365,GARANT,53
12911,2826,4366,GARANT,97
12912,2554,4366,GARANT,88
12913,4944,4367,GARANT,85
12914,725,4367,GARANT,91
12915,3415,4367,GARANT,78
12916,3749,4368,GARANT,44
12917,390,4369,GARANT,80
12918,4223,4369,GARANT,89
12919,3025,4369,GARANT,89
12920,862,4369,GARANT,98
12921,1329,4370,GARANT,94
12922,4947,4370,GARANT,78
12923,3425,4370,GARANT,73
12924,3141,4371,GARANT,38
12925,2079,4372,GARANT,50
12926,317,4373,GARANT,90
12927,4755,4373,GARANT,74
12928,4470,4373,GARANT,95
12929,2716,4374,GARANT,56
12930,4451,4374,GARANT,48
12931,2494,4375,GARANT,92
12932,3603,4375,GARANT,88
12933,4064,4376,GARANT,96
12934,3891,4376,GARANT,88
12935,4944,4376,GARANT,87
12936,3137,4376,GARANT,77
12937,1224,4376,GARANT,97
12938,2409,4376,GARANT,86
12939,4092,4377,GARANT,81
12940,1110,4377,GARANT,72
12941,967,4377,GARANT,86
12942,3461,4377,GARANT,81
12943,2156,4378,GARANT,52
12944,1100,4379,GARANT,44
12945,3985,4379,GARANT,37
12946,2451,4379,GARANT,44
12947,628,4380,GARANT,48
12948,3189,4380,GARANT,54
12949,1500,4380,GARANT,52
12950,4314,4381,GARANT,44
12951,1095,4381,GARANT,52
12952,3357,4381,GARANT,62
12953,577,4382,GARANT,93
12954,3146,4382,GARANT,84
12955,653,4382,GARANT,85
12956,2743,4382,GARANT,75
12957,1322,4382,GARANT,91
12958,2567,4382,GARANT,99
12959,1086,4383,GARANT,38
12960,4068,4384,GARANT,83
12961,954,4385,GARANT,51
12962,4746,4385,GARANT,42
12963,3280,4385,GARANT,44
12964,2752,4385,GARANT,45
12965,1440,4386,GARANT,53
12966,4391,4386,GARANT,40
12967,181,4386,GARANT,48
12968,426,4387,GARANT,50
12969,1122,4388,GARANT,90
12970,723,4388,GARANT,94
12971,1176,4388,GARANT,90
12972,3751,4389,GARANT,53
12973,4300,4389,GARANT,52
12974,1110,4390,GARANT,43
12975,355,4391,GARANT,42
12976,3749,4391,GARANT,43
12977,2170,4391,GARANT,60
12978,4697,4391,GARANT,49
12979,777,4391,GARANT,55
12980,3150,4392,GARANT,75
12981,2722,4392,GARANT,72
12982,3903,4392,GARANT,88
12983,415,4392,GARANT,85
12984,1910,4393,GARANT,90
12985,2293,4393,GARANT,84
12986,3722,4393,GARANT,86
12987,4053,4394,GARANT,42
12988,4354,4394,GARANT,37
12989,4180,4394,GARANT,44
12990,4840,4395,GARANT,91
12991,2725,4396,GARANT,38
12992,2583,4396,GARANT,50
12993,1045,4396,GARANT,68
12994,4070,4396,GARANT,52
12995,3227,4397,GARANT,96
12996,3264,4397,GARANT,85
12997,1784,4397,GARANT,99
12998,3566,4398,GARANT,55
12999,4282,4398,GARANT,49
13000,2743,4399,GARANT,50
13001,2763,4400,GARANT,72
13002,392,4400,GARANT,91
13003,954,4401,GARANT,74
13004,3913,4401,GARANT,89
13005,502,4401,GARANT,85
13006,2387,4402,GARANT,66
13007,14,4403,GARANT,39
13008,2881,4403,GARANT,40
13009,2056,4403,GARANT,42
13010,4379,4403,GARANT,43
13011,616,4404,GARANT,95
13012,51,4404,GARANT,93
13013,3905,4404,GARANT,83
13014,1490,4404,GARANT,75
13015,1486,4405,GARANT,49
13016,3537,4406,GARANT,92
13017,911,4406,GARANT,72
13018,2978,4406,GARANT,88
13019,4856,4407,GARANT,42
13020,3438,4407,GARANT,50
13021,2610,4407,GARANT,61
13022,2762,4407,GARANT,41
13023,2963,4407,GARANT,61
13024,2157,4407,GARANT,40
13025,3072,4407,GARANT,52
13026,809,4408,GARANT,95
13027,3922,4408,GARANT,84
13028,2041,4408,GARANT,85
13029,4092,4409,GARANT,76
13030,1486,4409,GARANT,89
13031,3319,4409,GARANT,80
13032,491,4409,GARANT,86
13033,3066,4409,GARANT,93
13034,7,4410,GARANT,72
13035,1789,4410,GARANT,87
13036,1917,4411,GARANT,79
13037,3458,4412,GARANT,72
13038,4389,4412,GARANT,76
13039,2154,4412,GARANT,99
13040,3221,4412,GARANT,99
13041,118,4412,GARANT,92
13042,409,4412,GARANT,89
13043,1434,4413,GARANT,93
13044,575,4414,GARANT,97
13045,2286,4414,GARANT,86
13046,2751,4414,GARANT,72
13047,1376,4414,GARANT,91
13048,4945,4415,GARANT,44
13049,4909,4416,GARANT,86
13050,1511,4416,GARANT,85
13051,2175,4417,GARANT,44
13052,1775,4418,GARANT,82
13053,4212,4419,GARANT,82
13054,138,4419,GARANT,92
13055,3537,4419,GARANT,82
13056,3341,4420,GARANT,64
13057,4692,4420,GARANT,39
13058,4626,4420,GARANT,37
13059,3956,4420,GARANT,39
13060,3072,4421,GARANT,43
13061,887,4421,GARANT,38
13062,2690,4421,GARANT,57
13063,4474,4421,GARANT,40
13064,4296,4422,GARANT,93
13065,4961,4422,GARANT,86
13066,502,4422,GARANT,85
13067,1559,4423,GARANT,38
13068,4308,4424,GARANT,41
13069,4068,4424,GARANT,48
13070,2038,4425,GARANT,82
13071,710,4425,GARANT,73
13072,1422,4425,GARANT,78
13073,1083,4425,GARANT,99
13074,3467,4426,GARANT,87
13075,923,4426,GARANT,95
13076,3261,4426,GARANT,86
13077,2380,4427,GARANT,62
13078,2591,4428,GARANT,43
13079,4155,4428,GARANT,42
13080,3523,4428,GARANT,47
13081,1993,4429,GARANT,90
13082,4507,4429,GARANT,81
13083,4469,4429,GARANT,88
13084,848,4430,GARANT,60
13085,4835,4431,GARANT,42
13086,3240,4431,GARANT,44
13087,1857,4432,GARANT,52
13088,969,4433,GARANT,97
13089,4192,4433,GARANT,73
13090,2999,4433,GARANT,75
13091,1303,4433,GARANT,87
13092,1237,4434,GARANT,49
13093,2686,4435,GARANT,84
13094,3140,4435,GARANT,94
13095,998,4435,GARANT,94
13096,1002,4436,GARANT,72
13097,1890,4436,GARANT,80
13098,809,4437,GARANT,42
13099,2133,4438,GARANT,46
13100,4280,4439,GARANT,88
13101,3520,4439,GARANT,76
13102,243,4440,GARANT,39
13103,1500,4441,GARANT,43
13104,3907,4441,GARANT,39
13105,4476,4441,GARANT,47
13106,466,4441,GARANT,52
13107,2349,4442,GARANT,83
13108,3790,4442,GARANT,77
13109,2542,4442,GARANT,95
13110,2254,4442,GARANT,93
13111,3339,4443,GARANT,43
13112,2884,4444,GARANT,79
13113,4996,4445,GARANT,62
13114,1290,4445,GARANT,48
13115,4714,4445,GARANT,44
13116,4970,4445,GARANT,47
13117,2109,4446,GARANT,51
13118,4106,4446,GARANT,45
13119,3291,4446,GARANT,48
13120,3372,4446,GARANT,52
13121,312,4447,GARANT,75
13122,4357,4448,GARANT,76
13123,11,4448,GARANT,98
13124,1322,4448,GARANT,94
13125,4613,4448,GARANT,86
13126,4675,4449,GARANT,99
13127,626,4449,GARANT,76
13128,1721,4449,GARANT,87
13129,4033,4450,GARANT,40
13130,1176,4450,GARANT,40
13131,818,4451,GARANT,53
13132,1527,4452,GARANT,79
13133,4686,4452,GARANT,83
13134,4349,4453,GARANT,73
13135,599,4453,GARANT,94
13136,1312,4453,GARANT,74
13137,2917,4453,GARANT,76
13138,375,4453,GARANT,83
13139,2659,4453,GARANT,86
13140,3140,4454,GARANT,44
13141,65,4455,GARANT,46
13142,1358,4455,GARANT,41
13143,1477,4456,GARANT,54
13144,1453,4457,GARANT,65
13145,2819,4457,GARANT,47
13146,1182,4457,GARANT,39
13147,3156,4457,GARANT,37
13148,4507,4458,GARANT,90
13149,2024,4459,GARANT,84
13150,2809,4459,GARANT,92
13151,1510,4459,GARANT,73
13152,3275,4459,GARANT,90
13153,255,4459,GARANT,89
13154,323,4460,GARANT,90
13155,3889,4460,GARANT,72
13156,3607,4460,GARANT,75
13157,1211,4460,GARANT,91
13158,1531,4461,GARANT,54
13159,4829,4461,GARANT,39
13160,4760,4462,GARANT,47
13161,4899,4462,GARANT,47
13162,502,4463,GARANT,76
13163,949,4463,GARANT,88
13164,2141,4463,GARANT,92
13165,1361,4463,GARANT,77
13166,2835,4465,GARANT,91
13167,1299,4465,GARANT,86
13168,4485,4465,GARANT,89
13169,4640,4466,GARANT,84
13170,112,4466,GARANT,93
13171,2367,4466,GARANT,73
13172,567,4467,GARANT,40
13173,1422,4468,GARANT,77
13174,2911,4469,GARANT,43
13175,3571,4470,GARANT,81
13176,400,4470,GARANT,74
13177,4737,4471,GARANT,63
13178,1705,4471,GARANT,41
13179,248,4472,GARANT,46
13180,3241,4472,GARANT,44
13181,4280,4473,GARANT,47
13182,496,4473,GARANT,54
13183,4660,4473,GARANT,53
13184,3722,4474,GARANT,79
13185,4083,4474,GARANT,83
13186,2699,4475,GARANT,61
13187,735,4475,GARANT,52
13188,1149,4475,GARANT,58
13189,3751,4475,GARANT,49
13190,3876,4475,GARANT,42
13191,118,4475,GARANT,57
13192,954,4476,GARANT,43
13193,3189,4476,GARANT,45
13194,4509,4477,GARANT,50
13195,3022,4477,GARANT,56
13196,3241,4477,GARANT,67
13197,1704,4478,GARANT,73
13198,3736,4478,GARANT,94
13199,2206,4478,GARANT,86
13200,1126,4479,GARANT,84
13201,673,4479,GARANT,88
13202,1156,4479,GARANT,92
13203,2802,4480,GARANT,42
13204,4770,4480,GARANT,45
13205,955,4481,GARANT,79
13206,1011,4481,GARANT,89
13207,367,4481,GARANT,91
13208,4053,4481,GARANT,90
13209,567,4481,GARANT,85
13210,2540,4481,GARANT,82
13211,2183,4481,GARANT,93
13212,4121,4481,GARANT,80
13213,1514,4482,GARANT,77
13214,2007,4482,GARANT,87
13215,3731,4482,GARANT,79
13216,989,4482,GARANT,72
13217,400,4482,GARANT,73
13218,941,4482,GARANT,91
13219,3915,4482,GARANT,99
13220,2635,4483,GARANT,84
13221,4550,4483,GARANT,76
13222,3227,4484,GARANT,44
13223,4191,4484,GARANT,42
13224,2469,4484,GARANT,49
13225,1299,4485,GARANT,89
13226,4995,4485,GARANT,78
13227,2569,4485,GARANT,73
13228,1061,4485,GARANT,93
13229,2467,4486,GARANT,53
13230,1014,4486,GARANT,47
13231,1695,4486,GARANT,39
13232,673,4486,GARANT,42
13233,4074,4486,GARANT,51
13234,4697,4487,GARANT,54
13235,599,4488,GARANT,63
13236,1283,4488,GARANT,47
13237,4245,4488,GARANT,47
13238,4361,4488,GARANT,43
13239,3934,4489,GARANT,38
13240,3379,4490,GARANT,47
13241,4252,4490,GARANT,54
13242,1823,4490,GARANT,37
13243,4390,4490,GARANT,44
13244,4543,4491,GARANT,44
13245,1447,4491,GARANT,61
13246,559,4491,GARANT,49
13247,2554,4492,GARANT,47
13248,4034,4493,GARANT,45
13249,4450,4493,GARANT,57
13250,966,4493,GARANT,45
13251,2012,4493,GARANT,54
13252,3902,4494,GARANT,42
13253,318,4494,GARANT,42
13254,3715,4494,GARANT,38
13255,1316,4494,GARANT,59
13256,127,4494,GARANT,42
13257,4124,4495,GARANT,74
13258,2673,4495,GARANT,77
13259,3727,4495,GARANT,93
13260,4884,4496,GARANT,81
13261,1363,4496,GARANT,80
13262,3535,4497,GARANT,84
13263,294,4497,GARANT,98
13264,723,4497,GARANT,97
13265,804,4498,GARANT,43
13266,2613,4498,GARANT,40
13267,1597,4498,GARANT,46
13268,3467,4499,GARANT,83
13269,1900,4499,GARANT,85
13270,4785,4499,GARANT,78
13271,1126,4499,GARANT,73
13272,3778,4499,GARANT,90
13273,3041,4499,GARANT,72
13274,3914,4500,GARANT,94
13275,4737,4500,GARANT,98
13276,1347,4500,GARANT,91
13277,1902,4500,GARANT,88
13278,1630,4500,GARANT,90
13279,4788,4500,GARANT,90
13280,4615,4500,GARANT,98
13281,516,4501,GARANT,57
13282,4676,4501,GARANT,47
13283,3747,4501,GARANT,42
13284,2039,4501,GARANT,54
13285,2945,4502,GARANT,89
13286,3845,4503,GARANT,39
13287,3899,4503,GARANT,60
13288,441,4503,GARANT,52
13289,27,4503,GARANT,39
13290,1137,4503,GARANT,46
13291,2500,4504,GARANT,44
13292,4209,4504,GARANT,48
13293,3034,4504,GARANT,37
13294,777,4505,GARANT,92
13295,2308,4505,GARANT,82
13296,3806,4506,GARANT,53
13297,1358,4506,GARANT,62
13298,2925,4506,GARANT,46
13299,1299,4507,GARANT,43
13300,1912,4507,GARANT,53
13301,2590,4508,GARANT,39
13302,2975,4508,GARANT,53
13303,4551,4509,GARANT,54
13304,1305,4510,GARANT,57
13305,4445,4511,GARANT,47
13306,4049,4512,GARANT,59
13307,1636,4512,GARANT,45
13308,570,4512,GARANT,49
13309,1017,4512,GARANT,49
13310,3070,4512,GARANT,47
13311,3841,4513,GARANT,89
13312,3461,4513,GARANT,74
13313,2455,4513,GARANT,96
13314,2376,4514,GARANT,97
13315,500,4514,GARANT,99
13316,4057,4514,GARANT,89
13317,2920,4515,GARANT,41
13318,4525,4515,GARANT,53
13319,1730,4515,GARANT,49
13320,760,4515,GARANT,48
13321,4394,4515,GARANT,40
13322,367,4515,GARANT,37
13323,3070,4515,GARANT,41
13324,1263,4515,GARANT,54
13325,4650,4516,GARANT,70
13326,4881,4516,GARANT,41
13327,2354,4517,GARANT,66
13328,2752,4518,GARANT,42
13329,2144,4519,GARANT,72
13330,2103,4520,GARANT,50
13331,4664,4520,GARANT,67
13332,1440,4520,GARANT,51
13333,4760,4521,GARANT,90
13334,4258,4521,GARANT,85
13335,2308,4521,GARANT,79
13336,1075,4521,GARANT,73
13337,1651,4522,GARANT,52
13338,4855,4523,GARANT,98
13339,3727,4523,GARANT,82
13340,2839,4523,GARANT,93
13341,122,4523,GARANT,97
13342,4441,4524,GARANT,37
13343,4916,4524,GARANT,48
13344,243,4525,GARANT,98
13345,3070,4525,GARANT,87
13346,476,4525,GARANT,85
13347,1700,4526,GARANT,99
13348,1748,4527,GARANT,78
13349,4702,4527,GARANT,77
13350,4517,4527,GARANT,98
13351,1539,4527,GARANT,91
13352,3985,4527,GARANT,87
13353,3250,4527,GARANT,75
13354,2691,4528,GARANT,55
13355,2686,4528,GARANT,56
13356,3086,4528,GARANT,68
13357,4755,4529,GARANT,95
13358,3571,4529,GARANT,83
13359,2598,4529,GARANT,72
13360,3384,4529,GARANT,79
13361,4470,4529,GARANT,93
13362,4573,4529,GARANT,99
13363,2046,4530,GARANT,43
13364,2063,4530,GARANT,44
13365,3026,4530,GARANT,42
13366,2076,4530,GARANT,51
13367,1189,4531,GARANT,91
13368,2260,4531,GARANT,98
13369,980,4531,GARANT,84
13370,2774,4532,GARANT,97
13371,3150,4532,GARANT,73
13372,1695,4533,GARANT,96
13373,1566,4534,GARANT,81
13374,611,4535,GARANT,92
13375,567,4535,GARANT,82
13376,3352,4535,GARANT,97
13377,1430,4536,GARANT,50
13378,1800,4536,GARANT,40
13379,635,4537,GARANT,40
13380,2142,4537,GARANT,49
13381,4990,4537,GARANT,50
13382,1505,4537,GARANT,37
13383,1353,4538,GARANT,83
13384,4428,4538,GARANT,87
13385,2806,4539,GARANT,93
13386,3286,4539,GARANT,88
13387,2683,4539,GARANT,86
13388,957,4540,GARANT,49
13389,2063,4541,GARANT,95
13390,294,4541,GARANT,95
13391,3086,4541,GARANT,81
13392,805,4541,GARANT,93
13393,99,4541,GARANT,87
13394,864,4542,GARANT,97
13395,895,4542,GARANT,94
13396,3114,4543,GARANT,46
13397,148,4544,GARANT,48
13398,3516,4545,GARANT,96
13399,930,4545,GARANT,99
13400,3969,4545,GARANT,92
13401,1982,4546,GARANT,94
13402,2725,4546,GARANT,90
13403,3799,4546,GARANT,81
13404,220,4546,GARANT,96
13405,2917,4546,GARANT,87
13406,2808,4547,GARANT,95
13407,3799,4547,GARANT,90
13408,3905,4547,GARANT,80
13409,3458,4547,GARANT,99
13410,1247,4547,GARANT,87
13411,3181,4548,GARANT,44
13412,2421,4549,GARANT,78
13413,547,4549,GARANT,95
13414,3331,4550,GARANT,47
13415,2819,4550,GARANT,41
13416,2108,4550,GARANT,41
13417,2071,4550,GARANT,60
13418,4661,4551,GARANT,52
13419,3886,4551,GARANT,37
13420,4058,4552,GARANT,93
13421,2812,4552,GARANT,78
13422,3396,4552,GARANT,92
13423,2682,4552,GARANT,72
13424,4845,4552,GARANT,95
13425,1378,4553,GARANT,46
13426,2296,4553,GARANT,43
13427,534,4554,GARANT,98
13428,1033,4554,GARANT,82
13429,2097,4554,GARANT,79
13430,3380,4555,GARANT,99
13431,4333,4555,GARANT,86
13432,651,4555,GARANT,96
13433,1183,4555,GARANT,97
13434,1859,4555,GARANT,86
13435,2201,4555,GARANT,84
13436,687,4556,GARANT,87
13437,1910,4556,GARANT,95
13438,2244,4556,GARANT,99
13439,1361,4557,GARANT,44
13440,1484,4557,GARANT,41
13441,169,4558,GARANT,38
13442,3581,4559,GARANT,42
13443,243,4559,GARANT,49
13444,1200,4560,GARANT,97
13445,3048,4560,GARANT,87
13446,3933,4560,GARANT,93
13447,4389,4561,GARANT,90
13448,2230,4561,GARANT,75
13449,1752,4561,GARANT,91
13450,1060,4562,GARANT,66
13451,3170,4562,GARANT,38
13452,607,4562,GARANT,45
13453,158,4563,GARANT,82
13454,1146,4563,GARANT,96
13455,1962,4563,GARANT,83
13456,2046,4564,GARANT,80
13457,4696,4564,GARANT,92
13458,1079,4564,GARANT,78
13459,425,4565,GARANT,40
13460,1084,4565,GARANT,44
13461,3419,4565,GARANT,46
13462,4680,4565,GARANT,43
13463,1861,4566,GARANT,74
13464,157,4566,GARANT,83
13465,1296,4567,GARANT,40
13466,3150,4567,GARANT,51
13467,500,4567,GARANT,38
13468,1126,4568,GARANT,87
13469,1303,4568,GARANT,82
13470,1794,4568,GARANT,81
13471,4522,4569,GARANT,40
13472,2135,4570,GARANT,49
13473,1476,4571,GARANT,83
13474,2860,4572,GARANT,82
13475,3706,4572,GARANT,98
13476,2529,4573,GARANT,56
13477,476,4574,GARANT,55
13478,4282,4574,GARANT,43
13479,2192,4575,GARANT,51
13480,1514,4575,GARANT,43
13481,3674,4576,GARANT,53
13482,4755,4576,GARANT,40
13483,2673,4576,GARANT,42
13484,1444,4577,GARANT,96
13485,270,4577,GARANT,95
13486,2458,4577,GARANT,72
13487,1234,4578,GARANT,91
13488,3729,4578,GARANT,77
13489,3221,4578,GARANT,99
13490,3371,4578,GARANT,91
13491,825,4579,GARANT,40
13492,3187,4580,GARANT,91
13493,510,4580,GARANT,80
13494,4344,4580,GARANT,99
13495,720,4580,GARANT,92
13496,2485,4580,GARANT,88
13497,2027,4581,GARANT,96
13498,1878,4581,GARANT,88
13499,2618,4581,GARANT,87
13500,4448,4582,GARANT,72
13501,809,4582,GARANT,52
13502,4613,4582,GARANT,40
13503,3266,4583,GARANT,98
13504,1702,4584,GARANT,55
13505,2349,4584,GARANT,43
13506,229,4585,GARANT,97
13507,4061,4585,GARANT,80
13508,187,4586,GARANT,37
13509,3809,4586,GARANT,75
13510,2860,4587,GARANT,76
13511,4906,4587,GARANT,84
13512,3251,4587,GARANT,96
13513,2930,4587,GARANT,74
13514,1263,4587,GARANT,76
13515,998,4588,GARANT,45
13516,4058,4589,GARANT,78
13517,2254,4589,GARANT,94
13518,2163,4589,GARANT,73
13519,1617,4590,GARANT,74
13520,1704,4590,GARANT,92
13521,2496,4591,GARANT,48
13522,3177,4591,GARANT,44
13523,400,4592,GARANT,53
13524,3693,4593,GARANT,38
13525,2027,4593,GARANT,43
13526,1490,4593,GARANT,44
13527,3398,4594,GARANT,75
13528,2666,4594,GARANT,83
13529,1067,4594,GARANT,98
13530,1916,4594,GARANT,73
13531,2273,4594,GARANT,99
13532,3328,4595,GARANT,43
13533,3186,4596,GARANT,97
13534,382,4596,GARANT,87
13535,1401,4596,GARANT,90
13536,4169,4596,GARANT,74
13537,659,4597,GARANT,45
13538,4613,4597,GARANT,43
13539,2293,4597,GARANT,54
13540,1784,4598,GARANT,76
13541,1865,4598,GARANT,72
13542,1078,4599,GARANT,77
13543,394,4599,GARANT,99
13544,4057,4599,GARANT,98
13545,1020,4600,GARANT,70
13546,1356,4601,GARANT,79
13547,2650,4601,GARANT,77
13548,991,4601,GARANT,99
13549,1636,4601,GARANT,93
13550,972,4601,GARANT,98
13551,3336,4601,GARANT,96
13552,2511,4602,GARANT,45
13553,4550,4602,GARANT,44
13554,1696,4603,GARANT,46
13555,2739,4604,GARANT,57
13556,328,4604,GARANT,61
13557,888,4605,GARANT,93
13558,1619,4605,GARANT,74
13559,1506,4605,GARANT,81
13560,3844,4606,GARANT,74
13561,189,4606,GARANT,92
13562,966,4606,GARANT,83
13563,3584,4607,GARANT,56
13564,2649,4608,GARANT,75
13565,3547,4609,GARANT,73
13566,1146,4609,GARANT,75
13567,2444,4609,GARANT,91
13568,2955,4609,GARANT,75
13569,1735,4610,GARANT,76
13570,3773,4610,GARANT,93
13571,4192,4610,GARANT,77
13572,137,4610,GARANT,72
13573,4308,4610,GARANT,97
13574,854,4611,GARANT,96
13575,2504,4612,GARANT,47
13576,738,4613,GARANT,37
13577,1341,4614,GARANT,79
13578,3695,4614,GARANT,77
13579,744,4614,GARANT,92
13580,1309,4614,GARANT,79
13581,3799,4615,GARANT,39
13582,4714,4615,GARANT,37
13583,2583,4615,GARANT,47
13584,4010,4615,GARANT,42
13585,4317,4616,GARANT,42
13586,2950,4616,GARANT,48
13587,3726,4617,GARANT,72
13588,82,4617,GARANT,96
13589,580,4617,GARANT,92
13590,2001,4618,GARANT,43
13591,3956,4618,GARANT,53
13592,3091,4619,GARANT,39
13593,177,4620,GARANT,54
13594,1652,4620,GARANT,50
13595,3357,4621,GARANT,97
13596,4014,4621,GARANT,96
13597,4840,4621,GARANT,97
13598,2776,4621,GARANT,81
13599,2456,4621,GARANT,94
13600,2367,4622,GARANT,95
13601,4551,4622,GARANT,95
13602,3247,4622,GARANT,77
13603,1193,4622,GARANT,95
13604,3397,4622,GARANT,78
13605,4345,4622,GARANT,86
13606,538,4623,GARANT,47
13607,1421,4624,GARANT,83
13608,870,4624,GARANT,98
13609,1600,4624,GARANT,86
13610,2554,4624,GARANT,78
13611,2751,4625,GARANT,81
13612,32,4625,GARANT,83
13613,2796,4625,GARANT,75
13614,3809,4625,GARANT,90
13615,1376,4625,GARANT,88
13616,1437,4626,GARANT,90
13617,702,4626,GARANT,89
13618,292,4627,GARANT,59
13619,40,4627,GARANT,50
13620,1130,4628,GARANT,58
13621,725,4628,GARANT,51
13622,2527,4628,GARANT,45
13623,840,4629,GARANT,78
13624,216,4629,GARANT,96
13625,3548,4629,GARANT,78
13626,435,4629,GARANT,95
13627,2992,4629,GARANT,96
13628,923,4630,GARANT,82
13629,635,4630,GARANT,83
13630,849,4630,GARANT,72
13631,2451,4631,GARANT,60
13632,4955,4631,GARANT,56
13633,3678,4631,GARANT,39
13634,4192,4632,GARANT,99
13635,704,4632,GARANT,79
13636,3088,4632,GARANT,94
13637,4037,4632,GARANT,92
13638,1562,4632,GARANT,82
13639,386,4632,GARANT,80
13640,844,4632,GARANT,98
13641,459,4632,GARANT,82
13642,4483,4633,GARANT,98
13643,1919,4633,GARANT,85
13644,2570,4633,GARANT,95
13645,4163,4634,GARANT,86
13646,1939,4634,GARANT,82
13647,3387,4634,GARANT,95
13648,582,4634,GARANT,93
13649,2522,4634,GARANT,76
13650,638,4634,GARANT,81
13651,1464,4634,GARANT,74
13652,1611,4634,GARANT,95
13653,3286,4635,GARANT,77
13654,3017,4635,GARANT,84
13655,3403,4636,GARANT,41
13656,1073,4637,GARANT,73
13657,1468,4637,GARANT,99
13658,2904,4637,GARANT,73
13659,4945,4637,GARANT,95
13660,2812,4637,GARANT,92
13661,825,4637,GARANT,88
13662,4566,4638,GARANT,42
13663,2206,4638,GARANT,48
13664,148,4639,GARANT,60
13665,3437,4639,GARANT,54
13666,3370,4639,GARANT,49
13667,3386,4639,GARANT,48
13668,3013,4640,GARANT,75
13669,376,4640,GARANT,94
13670,4391,4641,GARANT,74
13671,2852,4641,GARANT,86
13672,1825,4641,GARANT,90
13673,4633,4641,GARANT,95
13674,661,4642,GARANT,84
13675,4656,4642,GARANT,78
13676,4215,4642,GARANT,85
13677,2493,4642,GARANT,79
13678,4609,4642,GARANT,86
13679,2740,4642,GARANT,84
13680,205,4643,GARANT,93
13681,1603,4643,GARANT,78
13682,3886,4643,GARANT,77
13683,3218,4643,GARANT,85
13684,3985,4643,GARANT,73
13685,3824,4644,GARANT,60
13686,1100,4644,GARANT,45
13687,4345,4644,GARANT,53
13688,1748,4644,GARANT,51
13689,11,4645,GARANT,85
13690,257,4645,GARANT,79
13691,3722,4646,GARANT,44
13692,3072,4646,GARANT,53
13693,4318,4647,GARANT,85
13694,2712,4647,GARANT,73
13695,1200,4647,GARANT,92
13696,242,4648,GARANT,55
13697,1750,4648,GARANT,41
13698,625,4648,GARANT,48
13699,4001,4649,GARANT,45
13700,2683,4649,GARANT,44
13701,3291,4650,GARANT,91
13702,980,4650,GARANT,73
13703,1659,4650,GARANT,77
13704,1458,4651,GARANT,58
13705,1444,4651,GARANT,40
13706,3866,4651,GARANT,45
13707,982,4652,GARANT,98
13708,465,4652,GARANT,77
13709,1894,4652,GARANT,73
13710,4529,4653,GARANT,81
13711,4039,4653,GARANT,75
13712,3037,4653,GARANT,75
13713,1080,4653,GARANT,83
13714,4415,4654,GARANT,80
13715,3818,4654,GARANT,74
13716,1073,4654,GARANT,88
13717,2306,4654,GARANT,86
13718,3537,4654,GARANT,74
13719,3385,4655,GARANT,96
13720,3941,4655,GARANT,79
13721,1825,4655,GARANT,98
13722,3824,4656,GARANT,43
13723,4551,4656,GARANT,41
13724,4508,4656,GARANT,57
13725,2352,4656,GARANT,38
13726,692,4656,GARANT,55
13727,1247,4657,GARANT,53
13728,1608,4657,GARANT,73
13729,4258,4658,GARANT,79
13730,869,4659,GARANT,90
13731,3002,4659,GARANT,99
13732,2708,4659,GARANT,86
13733,4152,4661,GARANT,91
13734,4509,4661,GARANT,99
13735,3603,4661,GARANT,78
13736,2400,4662,GARANT,54
13737,2060,4662,GARANT,39
13738,4899,4663,GARANT,52
13739,2721,4663,GARANT,60
13740,4760,4663,GARANT,65
13741,4170,4663,GARANT,40
13742,4347,4663,GARANT,46
13743,859,4663,GARANT,55
13744,3988,4664,GARANT,79
13745,2819,4664,GARANT,85
13746,1319,4664,GARANT,99
13747,4460,4664,GARANT,88
13748,49,4665,GARANT,50
13749,840,4666,GARANT,78
13750,4898,4666,GARANT,83
13751,112,4666,GARANT,88
13752,4732,4666,GARANT,87
13753,2232,4666,GARANT,76
13754,4379,4666,GARANT,74
13755,4777,4667,GARANT,53
13756,1447,4667,GARANT,48
13757,966,4667,GARANT,47
13758,1865,4667,GARANT,37
13759,212,4667,GARANT,50
13760,124,4668,GARANT,48
13761,994,4668,GARANT,62
13762,3532,4668,GARANT,41
13763,4024,4669,GARANT,78
13764,3182,4669,GARANT,81
13765,2126,4669,GARANT,81
13766,4428,4669,GARANT,86
13767,2514,4669,GARANT,96
13768,3531,4670,GARANT,76
13769,898,4670,GARANT,81
13770,400,4670,GARANT,91
13771,2708,4670,GARANT,73
13772,2236,4670,GARANT,95
13773,4529,4670,GARANT,98
13774,4469,4671,GARANT,89
13775,4474,4671,GARANT,98
13776,2911,4671,GARANT,83
13777,4868,4672,GARANT,83
13778,727,4672,GARANT,74
13779,2626,4672,GARANT,72
13780,475,4672,GARANT,78
13781,2752,4673,GARANT,85
13782,2680,4673,GARANT,86
13783,4988,4673,GARANT,78
13784,2349,4673,GARANT,89
13785,1404,4674,GARANT,77
13786,112,4674,GARANT,81
13787,1300,4674,GARANT,77
13788,1450,4675,GARANT,49
13789,3124,4676,GARANT,95
13790,2839,4677,GARANT,45
13791,317,4677,GARANT,60
13792,3921,4677,GARANT,51
13793,547,4677,GARANT,56
13794,318,4678,GARANT,41
13795,2749,4679,GARANT,83
13796,1597,4679,GARANT,99
13797,466,4680,GARANT,40
13798,318,4680,GARANT,57
13799,3164,4680,GARANT,41
13800,2063,4681,GARANT,94
13801,294,4681,GARANT,83
13802,968,4681,GARANT,73
13803,2273,4681,GARANT,92
13804,998,4681,GARANT,95
13805,2666,4681,GARANT,85
13806,4622,4682,GARANT,81
13807,917,4682,GARANT,94
13808,284,4682,GARANT,96
13809,4104,4682,GARANT,99
13810,2354,4682,GARANT,89
13811,4297,4683,GARANT,47
13812,524,4683,GARANT,54
13813,1394,4683,GARANT,40
13814,2317,4684,GARANT,51
13815,3098,4684,GARANT,53
13816,3218,4685,GARANT,37
13817,4629,4685,GARANT,52
13818,2434,4685,GARANT,38
13819,912,4686,GARANT,77
13820,4088,4686,GARANT,84
13821,3087,4686,GARANT,87
13822,4192,4686,GARANT,78
13823,2138,4686,GARANT,94
13824,715,4686,GARANT,79
13825,4868,4687,GARANT,69
13826,4247,4688,GARANT,44
13827,304,4688,GARANT,47
13828,4078,4688,GARANT,43
13829,309,4689,GARANT,38
13830,635,4689,GARANT,48
13831,4499,4689,GARANT,39
13832,694,4689,GARANT,56
13833,1492,4689,GARANT,48
13834,568,4690,GARANT,58
13835,3164,4690,GARANT,67
13836,318,4690,GARANT,52
13837,1440,4691,GARANT,37
13838,1671,4691,GARANT,40
13839,3525,4692,GARANT,61
13840,2219,4693,GARANT,57
13841,1004,4694,GARANT,43
13842,2346,4694,GARANT,66
13843,2304,4694,GARANT,58
13844,1794,4694,GARANT,39
13845,2774,4695,GARANT,48
13846,1472,4695,GARANT,44
13847,1865,4696,GARANT,57
13848,4200,4696,GARANT,44
13849,1497,4696,GARANT,37
13850,1527,4697,GARANT,75
13851,3305,4697,GARANT,91
13852,3237,4697,GARANT,76
13853,2230,4698,GARANT,44
13854,1506,4698,GARANT,64
13855,3767,4698,GARANT,56
13856,1652,4699,GARANT,83
13857,2352,4699,GARANT,93
13858,3275,4699,GARANT,94
13859,2191,4699,GARANT,94
13860,4345,4699,GARANT,86
13861,3233,4700,GARANT,97
13862,4144,4700,GARANT,79
13863,3442,4700,GARANT,84
13864,579,4700,GARANT,82
13865,4920,4700,GARANT,98
13866,3845,4701,GARANT,46
13867,4964,4702,GARANT,88
13868,3678,4702,GARANT,76
13869,1485,4702,GARANT,76
13870,4631,4702,GARANT,89
13871,4729,4703,GARANT,83
13872,1861,4703,GARANT,90
13873,2789,4703,GARANT,82
13874,1372,4703,GARANT,86
13875,344,4703,GARANT,77
13876,194,4704,GARANT,76
13877,890,4704,GARANT,74
13878,218,4704,GARANT,94
13879,790,4704,GARANT,87
13880,441,4704,GARANT,98
13881,986,4705,GARANT,59
13882,4025,4706,GARANT,66
13883,3362,4706,GARANT,41
13884,4163,4706,GARANT,39
13885,3270,4706,GARANT,43
13886,2682,4707,GARANT,58
13887,3930,4707,GARANT,48
13888,4136,4707,GARANT,45
13889,1846,4707,GARANT,58
13890,4693,4707,GARANT,52
13891,4961,4707,GARANT,37
13892,3715,4708,GARANT,98
13893,479,4708,GARANT,87
13894,3396,4708,GARANT,97
13895,528,4708,GARANT,94
13896,383,4709,GARANT,82
13897,3467,4709,GARANT,80
13898,4220,4710,GARANT,41
13899,4592,4710,GARANT,37
13900,709,4710,GARANT,52
13901,1061,4711,GARANT,74
13902,3278,4711,GARANT,96
13903,2775,4711,GARANT,75
13904,703,4711,GARANT,72
13905,2299,4711,GARANT,92
13906,982,4712,GARANT,48
13907,4450,4712,GARANT,58
13908,1497,4712,GARANT,46
13909,2715,4713,GARANT,90
13910,2890,4713,GARANT,85
13911,1877,4713,GARANT,84
13912,1463,4713,GARANT,80
13913,4034,4713,GARANT,96
13914,4450,4713,GARANT,81
13915,1353,4714,GARANT,38
13916,357,4714,GARANT,61
13917,1340,4715,GARANT,88
13918,1339,4715,GARANT,92
13919,129,4715,GARANT,83
13920,1429,4715,GARANT,85
13921,52,4715,GARANT,83
13922,3869,4716,GARANT,40
13923,4206,4716,GARANT,61
13924,1375,4717,GARANT,64
13925,1608,4717,GARANT,37
13926,2620,4717,GARANT,49
13927,3377,4718,GARANT,98
13928,3915,4718,GARANT,82
13929,1472,4718,GARANT,74
13930,2843,4719,GARANT,92
13931,1525,4719,GARANT,72
13932,3762,4719,GARANT,78
13933,2743,4719,GARANT,73
13934,291,4720,GARANT,97
13935,3181,4720,GARANT,72
13936,411,4720,GARANT,85
13937,3308,4720,GARANT,83
13938,4349,4721,GARANT,65
13939,3063,4722,GARANT,89
13940,1289,4722,GARANT,91
13941,4282,4722,GARANT,73
13942,3570,4722,GARANT,96
13943,2097,4723,GARANT,49
13944,3902,4723,GARANT,60
13945,1651,4723,GARANT,48
13946,1004,4724,GARANT,94
13947,1562,4724,GARANT,93
13948,1568,4724,GARANT,83
13949,3517,4725,GARANT,81
13950,4192,4725,GARANT,73
13951,79,4726,GARANT,74
13952,1315,4726,GARANT,73
13953,1732,4727,GARANT,56
13954,82,4727,GARANT,54
13955,3437,4727,GARANT,52
13956,650,4728,GARANT,37
13957,4677,4728,GARANT,39
13958,4317,4730,GARANT,38
13959,2721,4730,GARANT,53
13960,3119,4730,GARANT,44
13961,2387,4731,GARANT,89
13962,1967,4731,GARANT,75
13963,4658,4731,GARANT,91
13964,3601,4731,GARANT,79
13965,4037,4731,GARANT,86
13966,177,4732,GARANT,63
13967,4661,4732,GARANT,45
13968,4909,4733,GARANT,49
13969,4484,4733,GARANT,44
13970,2269,4734,GARANT,48
13971,1247,4734,GARANT,43
13972,73,4734,GARANT,41
13973,3501,4734,GARANT,49
13974,4372,4734,GARANT,47
13975,605,4734,GARANT,45
13976,3582,4735,GARANT,72
13977,4191,4735,GARANT,72
13978,4874,4735,GARANT,76
13979,1985,4736,GARANT,42
13980,3517,4736,GARANT,37
13981,4177,4737,GARANT,56
13982,1720,4737,GARANT,65
13983,4948,4737,GARANT,42
13984,23,4738,GARANT,53
13985,2529,4738,GARANT,41
13986,4947,4738,GARANT,44
13987,1114,4739,GARANT,86
13988,2060,4739,GARANT,83
13989,3769,4739,GARANT,86
13990,3379,4739,GARANT,86
13991,4977,4739,GARANT,85
13992,3963,4740,GARANT,89
13993,4014,4740,GARANT,96
13994,827,4740,GARANT,80
13995,1341,4741,GARANT,44
13996,2299,4742,GARANT,85
13997,8,4742,GARANT,97
13998,4240,4743,GARANT,88
13999,1395,4743,GARANT,95
14000,1248,4743,GARANT,80
14001,4992,4743,GARANT,97
14002,2595,4744,GARANT,76
14003,474,4745,GARANT,37
14004,4852,4745,GARANT,40
14005,1114,4745,GARANT,52
14006,3559,4746,GARANT,81
14007,2478,4747,GARANT,99
14008,2980,4747,GARANT,84
14009,2085,4747,GARANT,78
14010,2904,4748,GARANT,51
14011,3029,4748,GARANT,54
14012,457,4748,GARANT,57
14013,1895,4749,GARANT,48
14014,2911,4749,GARANT,47
14015,257,4749,GARANT,49
14016,4829,4749,GARANT,43
14017,4391,4750,GARANT,49
14018,3187,4751,GARANT,72
14019,2615,4751,GARANT,97
14020,64,4752,GARANT,39
14021,4202,4753,GARANT,37
14022,4435,4753,GARANT,54
14023,383,4754,GARANT,78
14024,3917,4755,GARANT,97
14025,4057,4755,GARANT,86
14026,3480,4755,GARANT,86
14027,2896,4756,GARANT,52
14028,4037,4756,GARANT,56
14029,199,4757,GARANT,46
14030,854,4757,GARANT,52
14031,244,4757,GARANT,37
14032,3985,4758,GARANT,92
14033,129,4758,GARANT,74
14034,1110,4759,GARANT,49
14035,1156,4760,GARANT,86
14036,2504,4760,GARANT,82
14037,804,4761,GARANT,90
14038,3905,4761,GARANT,89
14039,4041,4762,GARANT,52
14040,4551,4763,GARANT,95
14041,3022,4763,GARANT,73
14042,1645,4763,GARANT,83
14043,3409,4763,GARANT,95
14044,3008,4763,GARANT,82
14045,3966,4764,GARANT,91
14046,3948,4765,GARANT,88
14047,3194,4765,GARANT,81
14048,1959,4766,GARANT,42
14049,1566,4767,GARANT,79
14050,3387,4767,GARANT,82
14051,897,4767,GARANT,72
14052,4464,4767,GARANT,84
14053,2597,4768,GARANT,57
14054,4508,4768,GARANT,47
14055,284,4768,GARANT,59
14056,4622,4768,GARANT,66
14057,3247,4768,GARANT,53
14058,3137,4769,GARANT,42
14059,2144,4770,GARANT,41
14060,3379,4770,GARANT,53
14061,827,4770,GARANT,38
14062,1341,4771,GARANT,40
14063,4832,4772,GARANT,79
14064,3476,4772,GARANT,98
14065,2907,4772,GARANT,80
14066,4178,4772,GARANT,95
14067,2618,4772,GARANT,75
14068,2154,4772,GARANT,84
14069,747,4773,GARANT,83
14070,637,4773,GARANT,91
14071,2218,4774,GARANT,49
14072,3603,4775,GARANT,84
14073,3511,4775,GARANT,92
14074,664,4775,GARANT,84
14075,3678,4775,GARANT,88
14076,1076,4776,GARANT,95
14077,1004,4776,GARANT,99
14078,3305,4776,GARANT,81
14079,1120,4777,GARANT,63
14080,4519,4778,GARANT,54
14081,2501,4778,GARANT,40
14082,4014,4778,GARANT,41
14083,4190,4778,GARANT,38
14084,317,4779,GARANT,55
14085,3550,4779,GARANT,38
14086,1451,4780,GARANT,38
14087,4545,4780,GARANT,54
14088,980,4780,GARANT,49
14089,206,4781,GARANT,49
14090,3443,4781,GARANT,38
14091,2812,4781,GARANT,49
14092,2871,4781,GARANT,53
14093,1158,4781,GARANT,40
14094,2442,4782,GARANT,98
14095,3794,4782,GARANT,99
14096,1630,4782,GARANT,96
14097,1913,4783,GARANT,98
14098,4305,4784,GARANT,76
14099,4783,4785,GARANT,89
14100,3825,4786,GARANT,88
14101,799,4787,GARANT,99
14102,464,4787,GARANT,94
14103,778,4787,GARANT,93
14104,2043,4787,GARANT,78
14105,1003,4787,GARANT,80
14106,4489,4788,GARANT,93
14107,3215,4788,GARANT,89
14108,1982,4788,GARANT,97
14109,1449,4788,GARANT,98
14110,1882,4789,GARANT,81
14111,2552,4789,GARANT,92
14112,3727,4789,GARANT,93
14113,519,4790,GARANT,76
14114,4497,4790,GARANT,99
14115,942,4790,GARANT,97
14116,1526,4790,GARANT,99
14117,4909,4790,GARANT,89
14118,747,4791,GARANT,40
14119,3869,4792,GARANT,74
14120,1735,4793,GARANT,89
14121,355,4793,GARANT,83
14122,4229,4794,GARANT,74
14123,1916,4794,GARANT,72
14124,3305,4795,GARANT,40
14125,386,4795,GARANT,43
14126,1400,4795,GARANT,41
14127,2573,4795,GARANT,37
14128,940,4796,GARANT,78
14129,4205,4796,GARANT,93
14130,425,4796,GARANT,96
14131,2306,4796,GARANT,76
14132,4569,4796,GARANT,81
14133,1603,4797,GARANT,76
14134,4383,4797,GARANT,80
14135,2853,4797,GARANT,78
14136,4477,4797,GARANT,94
14137,2444,4797,GARANT,81
14138,3034,4797,GARANT,85
14139,4661,4797,GARANT,90
14140,122,4798,GARANT,45
14141,3762,4799,GARANT,44
14142,826,4799,GARANT,50
14143,1259,4799,GARANT,62
14144,2094,4799,GARANT,47
14145,887,4799,GARANT,54
14146,4729,4800,GARANT,99
14147,658,4800,GARANT,80
14148,1617,4800,GARANT,90
14149,3086,4801,GARANT,90
14150,465,4801,GARANT,86
14151,1436,4801,GARANT,78
14152,3989,4801,GARANT,75
14153,152,4802,GARANT,57
14154,2598,4802,GARANT,40
14155,3778,4803,GARANT,54
14156,2536,4803,GARANT,39
14157,688,4804,GARANT,47
14158,3788,4804,GARANT,46
14159,1811,4804,GARANT,58
14160,3357,4804,GARANT,49
14161,1320,4805,GARANT,97
14162,1604,4805,GARANT,99
14163,2012,4805,GARANT,92
14164,2475,4806,GARANT,74
14165,428,4806,GARANT,83
14166,848,4806,GARANT,89
14167,571,4806,GARANT,88
14168,853,4807,GARANT,53
14169,740,4807,GARANT,55
14170,1939,4808,GARANT,55
14171,3157,4808,GARANT,50
14172,2063,4808,GARANT,53
14173,1586,4809,GARANT,81
14174,1520,4809,GARANT,83
14175,4154,4810,GARANT,56
14176,3218,4810,GARANT,42
14177,2173,4811,GARANT,92
14178,2500,4811,GARANT,98
14179,2874,4812,GARANT,44
14180,1149,4813,GARANT,46
14181,2728,4813,GARANT,53
14182,3876,4813,GARANT,43
14183,1045,4813,GARANT,43
14184,2811,4814,GARANT,96
14185,1520,4814,GARANT,86
14186,3113,4814,GARANT,90
14187,579,4814,GARANT,83
14188,4980,4814,GARANT,96
14189,3782,4815,GARANT,72
14190,2102,4815,GARANT,73
14191,1510,4815,GARANT,96
14192,2008,4816,GARANT,76
14193,3763,4816,GARANT,93
14194,3387,4816,GARANT,94
14195,3596,4816,GARANT,89
14196,4318,4817,GARANT,81
14197,1864,4817,GARANT,87
14198,3186,4817,GARANT,85
14199,1704,4817,GARANT,76
14200,3014,4817,GARANT,75
14201,1997,4817,GARANT,83
14202,3824,4818,GARANT,85
14203,18,4818,GARANT,86
14204,1086,4818,GARANT,82
14205,1395,4819,GARANT,76
14206,4587,4819,GARANT,79
14207,2380,4819,GARANT,95
14208,1638,4819,GARANT,98
14209,2076,4820,GARANT,98
14210,2366,4820,GARANT,72
14211,4497,4820,GARANT,96
14212,4848,4820,GARANT,75
14213,4253,4821,GARANT,81
14214,4247,4821,GARANT,98
14215,799,4822,GARANT,44
14216,1721,4822,GARANT,41
14217,1113,4822,GARANT,43
14218,1341,4822,GARANT,42
14219,2826,4822,GARANT,60
14220,2046,4823,GARANT,90
14221,3202,4823,GARANT,77
14222,265,4824,GARANT,92
14223,869,4824,GARANT,77
14224,3225,4824,GARANT,79
14225,881,4824,GARANT,80
14226,2763,4824,GARANT,95
14227,4897,4825,GARANT,51
14228,3570,4826,GARANT,59
14229,4475,4827,GARANT,53
14230,2583,4827,GARANT,50
14231,1980,4827,GARANT,38
14232,3934,4828,GARANT,80
14233,1739,4828,GARANT,89
14234,3665,4829,GARANT,93
14235,806,4829,GARANT,98
14236,1934,4829,GARANT,73
14237,481,4829,GARANT,92
14238,1715,4829,GARANT,75
14239,2615,4830,GARANT,37
14240,3225,4831,GARANT,38
14241,328,4831,GARANT,56
14242,1673,4831,GARANT,44
14243,2230,4832,GARANT,55
14244,3848,4832,GARANT,37
14245,3182,4832,GARANT,44
14246,454,4833,GARANT,89
14247,4451,4834,GARANT,50
14248,244,4834,GARANT,57
14249,4944,4834,GARANT,45
14250,441,4834,GARANT,50
14251,2955,4835,GARANT,44
14252,1793,4836,GARANT,44
14253,3603,4836,GARANT,54
14254,4152,4836,GARANT,49
14255,4209,4836,GARANT,67
14256,4345,4836,GARANT,40
14257,4052,4836,GARANT,42
14258,1527,4837,GARANT,37
14259,2346,4837,GARANT,52
14260,3632,4837,GARANT,48
14261,862,4838,GARANT,88
14262,2583,4838,GARANT,99
14263,343,4838,GARANT,74
14264,171,4838,GARANT,87
14265,2601,4839,GARANT,49
14266,2780,4839,GARANT,58
14267,918,4840,GARANT,80
14268,1940,4841,GARANT,49
14269,144,4841,GARANT,42
14270,3698,4841,GARANT,39
14271,190,4841,GARANT,56
14272,3151,4841,GARANT,50
14273,2092,4841,GARANT,41
14274,4992,4841,GARANT,57
14275,3519,4842,GARANT,48
14276,3222,4843,GARANT,47
14277,735,4843,GARANT,37
14278,957,4844,GARANT,85
14279,4245,4844,GARANT,94
14280,1768,4844,GARANT,79
14281,4717,4844,GARANT,87
14282,708,4844,GARANT,78
14283,4134,4845,GARANT,97
14284,4463,4845,GARANT,72
14285,4061,4845,GARANT,75
14286,4031,4845,GARANT,96
14287,1696,4845,GARANT,77
14288,3789,4846,GARANT,44
14289,312,4847,GARANT,88
14290,1450,4847,GARANT,83
14291,4307,4848,GARANT,48
14292,4996,4849,GARANT,83
14293,1498,4849,GARANT,95
14294,1912,4850,GARANT,54
14295,858,4850,GARANT,41
14296,4408,4850,GARANT,62
14297,4925,4851,GARANT,47
14298,1440,4851,GARANT,40
14299,697,4852,GARANT,58
14300,2919,4852,GARANT,45
14301,1454,4852,GARANT,42
14302,3809,4852,GARANT,51
14303,25,4853,GARANT,96
14304,98,4853,GARANT,75
14305,3520,4853,GARANT,89
14306,4920,4853,GARANT,87
14307,1974,4853,GARANT,90
14308,3744,4853,GARANT,90
14309,1700,4854,GARANT,98
14310,1374,4854,GARANT,81
14311,1266,4854,GARANT,80
14312,926,4854,GARANT,88
14313,3771,4855,GARANT,84
14314,4495,4855,GARANT,85
14315,2002,4856,GARANT,60
14316,261,4856,GARANT,61
14317,4421,4856,GARANT,46
14318,645,4856,GARANT,64
14319,862,4857,GARANT,98
14320,2564,4857,GARANT,73
14321,2154,4857,GARANT,88
14322,189,4858,GARANT,93
14323,3398,4858,GARANT,72
14324,3234,4858,GARANT,78
14325,3789,4858,GARANT,82
14326,917,4859,GARANT,86
14327,2232,4859,GARANT,81
14328,4379,4859,GARANT,90
14329,2409,4860,GARANT,78
14330,2789,4860,GARANT,72
14331,4344,4860,GARANT,72
14332,3348,4861,GARANT,37
14333,1507,4861,GARANT,45
14334,3434,4861,GARANT,48
14335,1616,4861,GARANT,37
14336,167,4861,GARANT,43
14337,4697,4862,GARANT,55
14338,3695,4863,GARANT,46
14339,187,4863,GARANT,55
14340,152,4864,GARANT,48
14341,2766,4864,GARANT,48
14342,4659,4864,GARANT,42
14343,2896,4865,GARANT,72
14344,3578,4865,GARANT,83
14345,3237,4865,GARANT,81
14346,121,4865,GARANT,72
14347,3156,4865,GARANT,89
14348,1624,4865,GARANT,74
14349,3534,4866,GARANT,76
14350,820,4866,GARANT,84
14351,3292,4866,GARANT,99
14352,3075,4867,GARANT,41
14353,4960,4868,GARANT,55
14354,3267,4869,GARANT,95
14355,725,4869,GARANT,73
14356,3328,4869,GARANT,99
14357,3639,4869,GARANT,81
14358,2452,4869,GARANT,75
14359,1477,4869,GARANT,91
14360,853,4870,GARANT,41
14361,2415,4870,GARANT,68
14362,1440,4870,GARANT,54
14363,2677,4871,GARANT,53
14364,3989,4872,GARANT,96
14365,2076,4872,GARANT,95
14366,3474,4872,GARANT,97
14367,3683,4872,GARANT,87
14368,3383,4872,GARANT,80
14369,3276,4873,GARANT,91
14370,3035,4873,GARANT,74
14371,2562,4873,GARANT,91
14372,1013,4873,GARANT,94
14373,4167,4873,GARANT,87
14374,4801,4874,GARANT,96
14375,2283,4874,GARANT,96
14376,4655,4875,GARANT,39
14377,542,4875,GARANT,38
14378,4990,4875,GARANT,38
14379,38,4876,GARANT,85
14380,4680,4876,GARANT,92
14381,1183,4876,GARANT,90
14382,940,4876,GARANT,78
14383,4614,4877,GARANT,50
14384,222,4877,GARANT,66
14385,4841,4878,GARANT,84
14386,200,4878,GARANT,94
14387,343,4879,GARANT,46
14388,1608,4879,GARANT,49
14389,1277,4879,GARANT,54
14390,3660,4880,GARANT,52
14391,1817,4880,GARANT,54
14392,3137,4881,GARANT,39
14393,244,4881,GARANT,49
14394,3250,4882,GARANT,38
14395,3397,4882,GARANT,42
14396,1242,4883,GARANT,96
14397,2235,4883,GARANT,90
14398,724,4883,GARANT,98
14399,1046,4883,GARANT,89
14400,425,4884,GARANT,54
14401,149,4885,GARANT,75
14402,4770,4885,GARANT,77
14403,4536,4886,GARANT,88
14404,590,4886,GARANT,84
14405,2286,4887,GARANT,79
14406,2845,4887,GARANT,96
14407,4395,4887,GARANT,86
14408,4490,4887,GARANT,97
14409,354,4887,GARANT,89
14410,3788,4887,GARANT,72
14411,2838,4887,GARANT,97
14412,1303,4888,GARANT,69
14413,4347,4888,GARANT,39
14414,4658,4888,GARANT,45
14415,3087,4889,GARANT,49
14416,3076,4889,GARANT,45
14417,2624,4889,GARANT,51
14418,2073,4889,GARANT,40
14419,2346,4889,GARANT,49
14420,2599,4890,GARANT,46
14421,2556,4890,GARANT,52
14422,3758,4890,GARANT,51
14423,3581,4890,GARANT,41
14424,1774,4890,GARANT,49
14425,1257,4890,GARANT,44
14426,495,4891,GARANT,62
14427,1600,4891,GARANT,51
14428,242,4892,GARANT,43
14429,4273,4892,GARANT,38
14430,575,4892,GARANT,46
14431,1299,4893,GARANT,79
14432,871,4893,GARANT,82
14433,3702,4894,GARANT,96
14434,812,4894,GARANT,78
14435,2306,4894,GARANT,80
14436,4058,4894,GARANT,78
14437,1702,4895,GARANT,87
14438,1651,4895,GARANT,89
14439,4238,4896,GARANT,86
14440,2283,4896,GARANT,98
14441,4829,4897,GARANT,45
14442,4929,4897,GARANT,58
14443,48,4897,GARANT,69
14444,3870,4897,GARANT,44
14445,4477,4898,GARANT,94
14446,3664,4898,GARANT,82
14447,3547,4898,GARANT,88
14448,4104,4898,GARANT,81
14449,3749,4899,GARANT,93
14450,4121,4900,GARANT,76
14451,4242,4900,GARANT,78
14452,4535,4900,GARANT,73
14453,971,4900,GARANT,89
14454,2588,4900,GARANT,91
14455,1866,4900,GARANT,72
14456,3093,4901,GARANT,86
14457,2547,4901,GARANT,82
14458,4564,4902,GARANT,37
14459,4202,4902,GARANT,44
14460,957,4903,GARANT,48
14461,108,4904,GARANT,58
14462,840,4904,GARANT,38
14463,357,4905,GARANT,39
14464,3155,4905,GARANT,37
14465,2620,4905,GARANT,41
14466,1982,4905,GARANT,44
14467,2591,4905,GARANT,49
14468,3744,4906,GARANT,95
14469,2556,4906,GARANT,88
14470,2935,4906,GARANT,98
14471,3570,4906,GARANT,80
14472,4479,4907,GARANT,38
14473,2033,4907,GARANT,53
14474,3889,4907,GARANT,60
14475,4928,4908,GARANT,94
14476,505,4908,GARANT,77
14477,3891,4908,GARANT,75
14478,49,4908,GARANT,79
14479,2452,4908,GARANT,75
14480,538,4909,GARANT,54
14481,1526,4909,GARANT,64
14482,2366,4909,GARANT,42
14483,2556,4910,GARANT,47
14484,3895,4910,GARANT,50
14485,4920,4910,GARANT,52
14486,98,4910,GARANT,37
14487,3371,4911,GARANT,76
14488,1720,4911,GARANT,81
14489,3179,4912,GARANT,49
14490,1060,4912,GARANT,38
14491,4583,4913,GARANT,44
14492,1967,4914,GARANT,94
14493,4697,4914,GARANT,86
14494,532,4914,GARANT,91
14495,2089,4914,GARANT,81
14496,2402,4915,GARANT,40
14497,1448,4916,GARANT,47
14498,1403,4916,GARANT,50
14499,4961,4916,GARANT,51
14500,1404,4917,GARANT,61
14501,2219,4918,GARANT,40
14502,3764,4918,GARANT,40
14503,1071,4918,GARANT,46
14504,3280,4918,GARANT,38
14505,4495,4919,GARANT,41
14506,4124,4919,GARANT,49
14507,243,4920,GARANT,83
14508,1470,4920,GARANT,97
14509,775,4920,GARANT,95
14510,2100,4920,GARANT,97
14511,1739,4921,GARANT,99
14512,3418,4921,GARANT,94
14513,2583,4921,GARANT,94
14514,3337,4922,GARANT,37
14515,3443,4922,GARANT,48
14516,4205,4922,GARANT,47
14517,4952,4922,GARANT,39
14518,2856,4923,GARANT,84
14519,3215,4923,GARANT,92
14520,4953,4923,GARANT,91
14521,4828,4924,GARANT,69
14522,3510,4924,GARANT,52
14523,4697,4925,GARANT,93
14524,4479,4925,GARANT,77
14525,4935,4925,GARANT,81
14526,4088,4925,GARANT,82
14527,2327,4926,GARANT,47
14528,4021,4926,GARANT,40
14529,2874,4926,GARANT,48
14530,3731,4927,GARANT,53
14531,328,4927,GARANT,50
14532,4106,4928,GARANT,83
14533,3899,4928,GARANT,79
14534,2979,4928,GARANT,88
14535,587,4929,GARANT,44
14536,2238,4929,GARANT,58
14537,2849,4929,GARANT,49
14538,4155,4930,GARANT,96
14539,1858,4930,GARANT,90
14540,910,4930,GARANT,97
14541,4300,4930,GARANT,99
14542,2391,4930,GARANT,82
14543,3695,4931,GARANT,92
14544,831,4931,GARANT,87
14545,3082,4931,GARANT,84
14546,1372,4932,GARANT,78
14547,1629,4932,GARANT,78
14548,1166,4932,GARANT,77
14549,1451,4932,GARANT,89
14550,3969,4932,GARANT,84
14551,3114,4933,GARANT,42
14552,2691,4933,GARANT,37
14553,2708,4934,GARANT,84
14554,3833,4934,GARANT,95
14555,4514,4934,GARANT,84
14556,1631,4934,GARANT,74
14557,2142,4935,GARANT,46
14558,1319,4935,GARANT,43
14559,4152,4936,GARANT,47
14560,3751,4937,GARANT,47
14561,3221,4937,GARANT,37
14562,2776,4938,GARANT,41
14563,3691,4938,GARANT,61
14564,347,4939,GARANT,57
14565,497,4939,GARANT,48
14566,865,4939,GARANT,41
14567,3758,4939,GARANT,53
14568,2065,4940,GARANT,37
14569,938,4940,GARANT,41
14570,194,4940,GARANT,60
14571,2474,4941,GARANT,83
14572,567,4941,GARANT,72
14573,3744,4941,GARANT,93
14574,990,4941,GARANT,85
14575,1015,4941,GARANT,83
14576,275,4941,GARANT,98
14577,3375,4941,GARANT,97
14578,1329,4942,GARANT,96
14579,2763,4942,GARANT,77
14580,1627,4942,GARANT,94
14581,3915,4942,GARANT,92
14582,1080,4942,GARANT,90
14583,4801,4943,GARANT,73
14584,1800,4943,GARANT,74
14585,417,4944,GARANT,44
14586,4881,4944,GARANT,58
14587,854,4944,GARANT,53
14588,652,4944,GARANT,47
14589,425,4945,GARANT,57
14590,4872,4946,GARANT,85
14591,4033,4946,GARANT,79
14592,3227,4946,GARANT,96
14593,3266,4946,GARANT,86
14594,952,4947,GARANT,78
14595,3150,4947,GARANT,84
14596,265,4947,GARANT,77
14597,2247,4947,GARANT,77
14598,2959,4947,GARANT,80
14599,1506,4948,GARANT,75
14600,2508,4948,GARANT,77
14601,3274,4949,GARANT,43
14602,4553,4950,GARANT,40
14603,4429,4950,GARANT,39
14604,3016,4950,GARANT,46
14605,4057,4951,GARANT,97
14606,3554,4951,GARANT,79
14607,2708,4951,GARANT,95
14608,3518,4951,GARANT,82
14609,755,4951,GARANT,76
14610,1767,4952,GARANT,94
14611,2978,4952,GARANT,73
14612,4569,4952,GARANT,83
14613,1799,4952,GARANT,94
14614,4581,4953,GARANT,41
14615,2252,4953,GARANT,64
14616,3384,4954,GARANT,81
14617,4495,4954,GARANT,74
14618,1340,4955,GARANT,99
14619,2403,4955,GARANT,76
14620,2096,4955,GARANT,79
14621,2459,4955,GARANT,78
14622,1782,4956,GARANT,49
14623,4508,4957,GARANT,51
14624,389,4958,GARANT,61
14625,3988,4958,GARANT,52
14626,386,4958,GARANT,39
14627,2304,4958,GARANT,46
14628,3531,4959,GARANT,54
14629,4659,4959,GARANT,37
14630,1263,4960,GARANT,46
14631,270,4960,GARANT,50
14632,2904,4961,GARANT,73
14633,2399,4961,GARANT,82
14634,2252,4962,GARANT,37
14635,369,4962,GARANT,42
14636,1224,4963,GARANT,99
14637,218,4963,GARANT,97
14638,2628,4963,GARANT,88
14639,4628,4963,GARANT,78
14640,4928,4963,GARANT,79
14641,1830,4964,GARANT,57
14642,2180,4965,GARANT,88
14643,1624,4965,GARANT,94
14644,160,4965,GARANT,90
14645,3305,4965,GARANT,86
14646,3088,4965,GARANT,92
14647,4550,4965,GARANT,78
14648,2415,4965,GARANT,87
14649,1774,4966,GARANT,99
14650,2920,4966,GARANT,88
14651,903,4966,GARANT,83
14652,3137,4967,GARANT,49
14653,2048,4967,GARANT,53
14654,3742,4967,GARANT,48
14655,564,4967,GARANT,52
14656,652,4967,GARANT,57
14657,1627,4968,GARANT,80
14658,4078,4968,GARANT,96
14659,2352,4969,GARANT,86
14660,1449,4970,GARANT,45
14661,2580,4970,GARANT,55
14662,3410,4970,GARANT,38
14663,3458,4970,GARANT,38
14664,4906,4971,GARANT,88
14665,1556,4971,GARANT,73
14666,3582,4972,GARANT,94
14667,2976,4972,GARANT,97
14668,1822,4973,GARANT,47
14669,108,4973,GARANT,44
14670,3240,4973,GARANT,38
14671,437,4973,GARANT,42
14672,165,4973,GARANT,38
14673,3674,4974,GARANT,41
14674,2292,4974,GARANT,49
14675,2845,4975,GARANT,48
14676,3647,4975,GARANT,53
14677,1823,4975,GARANT,55
14678,2858,4976,GARANT,41
14679,3126,4977,GARANT,59
14680,3319,4977,GARANT,53
14681,4179,4977,GARANT,57
14682,2496,4977,GARANT,39
14683,2826,4977,GARANT,58
14684,2907,4978,GARANT,42
14685,735,4978,GARANT,47
14686,1096,4978,GARANT,46
14687,505,4979,GARANT,45
14688,865,4980,GARANT,84
14689,4717,4981,GARANT,46
14690,4648,4982,GARANT,51
14691,3735,4982,GARANT,39
14692,2973,4983,GARANT,42
14693,1031,4984,GARANT,46
14694,1717,4985,GARANT,41
14695,3794,4985,GARANT,55
14696,4538,4985,GARANT,42
14697,4843,4985,GARANT,44
14698,1868,4985,GARANT,44
14699,2391,4985,GARANT,39
14700,2649,4986,GARANT,73
14701,475,4987,GARANT,42
14702,144,4987,GARANT,55
14703,3764,4988,GARANT,49
14704,1002,4988,GARANT,43
14705,3435,4989,GARANT,82
14706,1484,4989,GARANT,77
14707,1799,4989,GARANT,87
14708,4945,4989,GARANT,73
14709,3532,4990,GARANT,97
14710,325,4991,GARANT,72
14711,2699,4991,GARANT,99
14712,4966,4992,GARANT,53
14713,2930,4992,GARANT,40
14714,2039,4993,GARANT,79
14715,4897,4993,GARANT,77
14716,572,4993,GARANT,86
14717,1959,4994,GARANT,85
14718,4523,4994,GARANT,79
14719,4448,4995,GARANT,77
14720,1322,4995,GARANT,72
14721,2695,4996,GARANT,43
14722,4155,4996,GARANT,48
14723,4489,4997,GARANT,76
14724,4010,4997,GARANT,75
14725,2728,4997,GARANT,91
14726,677,4998,GARANT,75
14727,378,4998,GARANT,91
14728,3265,4998,GARANT,75
14729,2504,4999,GARANT,94
14730,1204,4999,GARANT,88
14731,1453,4999,GARANT,79
14732,2020,4999,GARANT,81
14733,2649,5000,GARANT,60
14734,2349,3956,FAMILLE,63
14735,1741,2079,FAMILLE,70
14736,1741,2332,FAMILLE,79
14737,2079,2332,FAMILLE,70
14738,1253,3931,FAMILLE,81
14739,1253,4125,FAMILLE,59
14740,3931,4125,FAMILLE,60
14741,1256,2754,FAMILLE,89
14742,1712,3879,FAMILLE,73
14743,4000,4284,FAMILLE,79
14744,1647,3944,FAMILLE,84
14745,371,985,FAMILLE,60
14746,844,3787,FAMILLE,93
14747,1974,3070,FAMILLE,71
14748,2064,3750,FAMILLE,90
14749,4499,4990,FAMILLE,71
14750,873,4355,FAMILLE,71
14751,873,4672,FAMILLE,79
14752,4355,4672,FAMILLE,62
14753,2192,2609,FAMILLE,79
14754,549,4225,FAMILLE,94
14755,1303,1373,FAMILLE,80
14756,1498,1619,FAMILLE,57
14757,3518,4100,FAMILLE,82
14758,553,3142,FAMILLE,56
14759,1441,2668,FAMILLE,13
14760,1433,4396,FAMILLE,19
14761,35,514,FAMILLE,67
14762,2708,3493,FAMILLE,10
14763,2582,4507,FAMILLE,10
14764,2403,3507,FAMILLE,86
14765,1516,3600,FAMILLE,25
14766,1516,4634,FAMILLE,62
14767,3600,4634,FAMILLE,72
14768,1108,4519,FAMILLE,82
14769,136,4807,FAMILLE,84
14770,85,3098,FAMILLE,20
14771,85,3459,FAMILLE,15
14772,85,3751,FAMILLE,43
14773,3098,3459,FAMILLE,32
14774,3098,3751,FAMILLE,44
14775,3459,3751,FAMILLE,20
14776,1301,4341,FAMILLE,59
14777,2919,3121,FAMILLE,70
14778,2919,3296,FAMILLE,68
14779,3121,3296,FAMILLE,83
14780,1393,1868,FAMILLE,35
14781,1393,1986,FAMILLE,12
14782,1393,3092,FAMILLE,78
14783,1868,1986,FAMILLE,21
14784,1868,3092,FAMILLE,79
14785,1986,3092,FAMILLE,70
14786,263,401,FAMILLE,28
14787,263,467,FAMILLE,83
14788,401,467,FAMILLE,66
14789,3521,3685,FAMILLE,62
14790,1465,2479,FAMILLE,83
14791,1465,3738,FAMILLE,92
14792,1465,4006,FAMILLE,72
14793,2479,3738,FAMILLE,94
14794,2479,4006,FAMILLE,62
14795,3738,4006,FAMILLE,87
14796,51,4264,FAMILLE,94
14797,249,4971,FAMILLE,66
14798,29,4973,FAMILLE,15
14799,2095,3997,FAMILLE,81
14800,194,1167,FAMILLE,40
14801,194,2409,FAMILLE,12
14802,1167,2409,FAMILLE,32
14803,2437,4809,FAMILLE,89
14804,1539,3621,FAMILLE,11
14805,1539,4081,FAMILLE,75
14806,1539,4644,FAMILLE,12
14807,3621,4081,FAMILLE,62
14808,3621,4644,FAMILLE,27
14809,4081,4644,FAMILLE,68
14810,4447,4883,FAMILLE,58
14811,726,2110,FAMILLE,87
14812,726,3488,FAMILLE,63
14813,2110,3488,FAMILLE,89
14814,1699,4612,FAMILLE,62
14815,816,2188,FAMILLE,75
14816,1274,3801,FAMILLE,35
14817,1249,2739,FAMILLE,74
14818,1249,3771,FAMILLE,71
14819,2739,3771,FAMILLE,85
14820,88,2569,FAMILLE,55
14821,2256,3162,FAMILLE,38
14822,1417,4025,FAMILLE,82
14823,1573,1999,FAMILLE,85
14824,1573,2415,FAMILLE,71
14825,1573,3530,FAMILLE,70
14826,1999,2415,FAMILLE,30
14827,1999,3530,FAMILLE,80
14828,2415,3530,FAMILLE,92
14829,409,3781,FAMILLE,89
14830,409,4070,FAMILLE,57
14831,3781,4070,FAMILLE,61
14832,578,3149,FAMILLE,92
14833,578,4164,FAMILLE,70
14834,3149,4164,FAMILLE,78
14835,1329,1614,FAMILLE,57
14836,1329,2202,FAMILLE,59
14837,1614,2202,FAMILLE,71
14838,958,2430,FAMILLE,83
14839,161,925,FAMILLE,85
14840,1683,2048,FAMILLE,90
14841,688,830,FAMILLE,62
14842,688,1105,FAMILLE,17
14843,688,2407,FAMILLE,76
14844,830,1105,FAMILLE,76
14845,830,2407,FAMILLE,56
14846,830,2965,FAMILLE,72
14847,1105,2407,FAMILLE,90
14848,1105,2965,FAMILLE,15
14849,2407,2965,FAMILLE,87
14850,413,560,FAMILLE,25
14851,345,1365,FAMILLE,28
14852,1724,4422,FAMILLE,80
14853,2997,3586,FAMILLE,83
14854,2528,3918,FAMILLE,80
14855,3941,4114,FAMILLE,59
14856,232,539,FAMILLE,66
14857,1010,4248,FAMILLE,88
14858,440,3159,FAMILLE,56
14859,676,911,FAMILLE,83
14860,643,3187,FAMILLE,75
14861,643,4206,FAMILLE,59
14862,3187,4206,FAMILLE,59
14863,328,618,FAMILLE,94
14864,328,1563,FAMILLE,56
14865,328,3613,FAMILLE,55
14866,618,1563,FAMILLE,55
14867,618,3613,FAMILLE,80
14868,618,4370,FAMILLE,92
14869,1563,3613,FAMILLE,16
14870,1563,4370,FAMILLE,86
14871,3613,4370,FAMILLE,83
14872,3388,3429,FAMILLE,64
14873,1114,1721,FAMILLE,57
14874,969,4310,FAMILLE,74
14875,2825,3243,FAMILLE,12
14876,363,1041,FAMILLE,59
14877,2939,3379,FAMILLE,73
14878,2047,3363,FAMILLE,87
14879,2047,3435,FAMILLE,94
14880,3363,3435,FAMILLE,80
14881,2069,3198,FAMILLE,66
14882,852,4808,FAMILLE,21
14883,637,2751,FAMILLE,31
14884,637,3220,FAMILLE,61
14885,2751,3220,FAMILLE,75
14886,1623,2159,FAMILLE,36
14887,1623,3223,FAMILLE,39
14888,1623,4980,FAMILLE,57
14889,2159,3223,FAMILLE,20
14890,2159,4980,FAMILLE,65
14891,3223,4980,FAMILLE,77
14892,1618,2223,FAMILLE,62
14893,1429,4797,FAMILLE,93
14894,2776,3631,FAMILLE,42
14895,283,3144,FAMILLE,68
14896,283,3930,FAMILLE,24
14897,3144,3930,FAMILLE,72
14898,640,4905,FAMILLE,56
14899,720,2394,FAMILLE,90
14900,2809,4715,FAMILLE,86
14901,2809,4811,FAMILLE,68
14902,4715,4811,FAMILLE,76
14903,4005,4238,FAMILLE,70
14904,2572,4771,FAMILLE,64
14905,4555,4918,FAMILLE,67
14906,76,105,FAMILLE,59
14907,1943,2847,FAMILLE,87
14908,1943,4992,FAMILLE,32
14909,2847,4992,FAMILLE,92
14910,3069,3793,FAMILLE,55
14911,870,2235,FAMILLE,80
14912,3645,4781,FAMILLE,77
14913,1281,2980,FAMILLE,79
14914,350,3855,FAMILLE,94
14915,2924,4602,FAMILLE,70
14916,214,390,FAMILLE,14
14917,214,3760,FAMILLE,55
14918,390,3760,FAMILLE,74
14919,1292,3271,FAMILLE,61
14920,3964,4383,FAMILLE,60
14921,1421,3939,FAMILLE,60
14922,736,1887,FAMILLE,66
14923,736,2317,FAMILLE,59
14924,736,2672,FAMILLE,74
14925,1887,2317,FAMILLE,32
14926,1887,2672,FAMILLE,20
14927,1887,2946,FAMILLE,60
14928,2317,2672,FAMILLE,30
14929,2317,2946,FAMILLE,58
14930,2317,3476,FAMILLE,35
14931,2672,2946,FAMILLE,70
14932,2672,3476,FAMILLE,24
14933,2672,4605,FAMILLE,64
14934,2946,3476,FAMILLE,66
14935,2946,4605,FAMILLE,60
14936,3476,4605,FAMILLE,77
14937,667,4817,FAMILLE,60
14938,987,2296,FAMILLE,82
14939,664,2067,FAMILLE,65
14940,664,3996,FAMILLE,77
14941,664,4563,FAMILLE,76
14942,2067,3996,FAMILLE,80
14943,2067,4563,FAMILLE,85
14944,3996,4563,FAMILLE,77
14945,474,2606,FAMILLE,89
14946,2747,3102,FAMILLE,65
14947,1735,2321,FAMILLE,85
14948,1735,3119,FAMILLE,68
14949,2321,3119,FAMILLE,80
14950,4638,4703,FAMILLE,74
14951,130,3176,FAMILLE,91
14952,293,3353,FAMILLE,19
14953,620,4456,FAMILLE,75
14954,3596,3797,FAMILLE,61
14955,2119,2535,FAMILLE,80
14956,2119,2682,FAMILLE,56
14957,2119,4326,FAMILLE,71
14958,2535,2682,FAMILLE,55
14959,2535,4326,FAMILLE,68
14960,2682,4326,FAMILLE,74
14961,1706,3006,FAMILLE,68
14962,1706,3810,FAMILLE,70
14963,3006,3810,FAMILLE,60
14964,1332,1793,FAMILLE,83
14965,554,4650,FAMILLE,86
14966,65,1601,FAMILLE,73
14967,65,1802,FAMILLE,57
14968,1601,1802,FAMILLE,57
14969,177,3212,FAMILLE,33
14970,2350,3691,FAMILLE,42
14971,2350,4259,FAMILLE,40
14972,3691,4259,FAMILLE,24
14973,889,4428,FAMILLE,74
14974,1333,3226,FAMILLE,15
14975,2491,2942,FAMILLE,57
14976,404,4150,FAMILLE,85
14977,404,4200,FAMILLE,72
14978,4150,4200,FAMILLE,74
14979,533,1884,FAMILLE,68
14980,533,3934,FAMILLE,67
14981,1884,3934,FAMILLE,94
14982,3309,3874,FAMILLE,87
14983,3856,4755,FAMILLE,82
14984,3856,4954,FAMILLE,70
14985,4755,4954,FAMILLE,83
14986,4466,4732,FAMILLE,68
14987,126,3148,FAMILLE,75
14988,3456,3501,FAMILLE,60
14989,3456,4245,FAMILLE,83
14990,3501,4245,FAMILLE,57
14991,3258,4763,FAMILLE,83
14992,951,4072,FAMILLE,79
14993,2580,4372,FAMILLE,12
14994,1495,4451,FAMILLE,75
14995,1495,4611,FAMILLE,63
14996,4451,4611,FAMILLE,74
14997,529,1278,FAMILLE,55
14998,529,2413,FAMILLE,83
14999,529,2740,FAMILLE,75
15000,1278,2413,FAMILLE,69
15001,1278,2740,FAMILLE,90
15002,2413,2740,FAMILLE,80
15003,2498,3473,FAMILLE,79
15004,599,3276,FAMILLE,60
15005,599,4669,FAMILLE,75
15006,599,4838,FAMILLE,83
15007,3276,4669,FAMILLE,92
15008,3276,4838,FAMILLE,79
15009,4669,4838,FAMILLE,61
15010,5,750,FAMILLE,82
15011,5,864,FAMILLE,57
15012,750,864,FAMILLE,67
15013,1764,1936,FAMILLE,91
15014,1764,2646,FAMILLE,87
15015,1936,2646,FAMILLE,91
15016,4680,4692,FAMILLE,22
15017,2359,4923,FAMILLE,82
15018,2359,4996,FAMILLE,83
15019,4923,4996,FAMILLE,64
15020,2838,3538,FAMILLE,42
15021,2877,3607,FAMILLE,93
15022,451,2591,FAMILLE,59
15023,1265,4562,FAMILLE,85
15024,1826,1896,FAMILLE,72
15025,255,619,FAMILLE,81
15026,255,1942,FAMILLE,77
15027,255,3247,FAMILLE,17
15028,619,1942,FAMILLE,58
15029,619,3247,FAMILLE,75
15030,1942,3247,FAMILLE,88
15031,1893,2932,FAMILLE,87
15032,3087,3411,FAMILLE,65
15033,4039,4604,FAMILLE,40
15034,2795,4321,FAMILLE,69
15035,2719,3754,FAMILLE,77
15036,1389,1873,FAMILLE,21
15037,1389,3453,FAMILLE,28
15038,1389,4418,FAMILLE,76
15039,1873,3453,FAMILLE,34
15040,1873,4418,FAMILLE,73
15041,3453,4418,FAMILLE,76
15042,2240,3154,FAMILLE,81
15043,2209,3979,FAMILLE,24
15044,122,2619,FAMILLE,75
15045,1710,4060,FAMILLE,12
15046,2507,4269,FAMILLE,89
15047,1985,2791,FAMILLE,60
15048,1879,3693,FAMILLE,89
15049,660,2427,FAMILLE,36
15050,2356,2831,FAMILLE,92
15051,1175,1933,FAMILLE,55
15052,1175,3316,FAMILLE,63
15053,1175,4610,FAMILLE,57
15054,1933,3316,FAMILLE,71
15055,1933,4610,FAMILLE,91
15056,3316,4610,FAMILLE,85
15057,1444,2151,FAMILLE,34
15058,1444,4394,FAMILLE,39
15059,2151,4394,FAMILLE,10
15060,811,2231,FAMILLE,86
15061,2238,3512,FAMILLE,67
15062,2238,4346,FAMILLE,34
15063,3512,4346,FAMILLE,85
15064,4327,4710,FAMILLE,82
15065,21,3133,FAMILLE,71
15066,895,1055,FAMILLE,31
15067,221,1857,FAMILLE,73
15068,2985,4148,FAMILLE,80
15069,248,3217,FAMILLE,73
15070,651,4411,FAMILLE,70
15071,1527,3153,FAMILLE,63
15072,920,3994,FAMILLE,70
15073,1226,3166,FAMILLE,83
15074,1226,3196,FAMILLE,89
15075,1226,4548,FAMILLE,59
15076,3166,3196,FAMILLE,62
15077,3166,4548,FAMILLE,75
15078,3196,4548,FAMILLE,83
15079,1462,3295,FAMILLE,61
15080,807,3665,FAMILLE,67
15081,807,4291,FAMILLE,56
15082,3665,4291,FAMILLE,57
15083,1351,3557,FAMILLE,60
15084,2846,4406,FAMILLE,84
15085,2699,3555,FAMILLE,40
15086,47,1025,FAMILLE,74
15087,47,3533,FAMILLE,62
15088,1025,3533,FAMILLE,91
15089,81,4233,FAMILLE,19
15090,564,3130,FAMILLE,61
15091,270,367,FAMILLE,14
15092,1583,3662,FAMILLE,69
15093,883,2218,FAMILLE,84
15094,2480,4180,FAMILLE,23
15095,2402,2614,FAMILLE,72
15096,860,1612,FAMILLE,68
15097,3715,4205,FAMILLE,92
15098,798,4839,FAMILLE,82
15099,307,1722,FAMILLE,81
15100,307,3318,FAMILLE,72
15101,1722,3318,FAMILLE,76
15102,1886,2392,FAMILLE,90
15103,1094,1515,FAMILLE,81
15104,425,1471,FAMILLE,38
15105,425,3642,FAMILLE,11
15106,1471,3642,FAMILLE,40
15107,1501,3390,FAMILLE,93
15108,2258,3221,FAMILLE,81
15109,1406,4806,FAMILLE,93
15110,1147,4810,FAMILLE,77
15111,1745,4202,FAMILLE,66
15112,563,1592,FAMILLE,79
15113,563,2736,FAMILLE,80
15114,1592,2736,FAMILLE,15
15115,673,4520,FAMILLE,17
15116,188,817,FAMILLE,20
15117,941,1349,FAMILLE,29
15118,941,3268,FAMILLE,15
15119,941,4592,FAMILLE,36
15120,1349,3268,FAMILLE,13
15121,1349,4592,FAMILLE,42
15122,3268,4592,FAMILLE,33
15123,1295,2519,FAMILLE,68
15124,387,2341,FAMILLE,69
15125,387,4484,FAMILLE,82
15126,2341,4484,FAMILLE,58
15127,1118,1312,FAMILLE,35
15128,892,2990,FAMILLE,77
15129,2000,2215,FAMILLE,63
15130,1106,3730,FAMILLE,90
15131,382,4944,FAMILLE,80
15132,142,3825,FAMILLE,61
15133,1912,2382,FAMILLE,81
15134,1912,3370,FAMILLE,24
15135,2382,3370,FAMILLE,85
15136,3434,4378,FAMILLE,27
15137,866,3673,FAMILLE,94
15138,610,1598,FAMILLE,92
15139,610,1965,FAMILLE,56
15140,610,4547,FAMILLE,71
15141,1598,1965,FAMILLE,63
15142,1598,4547,FAMILLE,73
15143,1965,4547,FAMILLE,60
15144,1680,2925,FAMILLE,76
15145,1680,3015,FAMILLE,61
15146,1680,3706,FAMILLE,79
15147,2925,3015,FAMILLE,25
15148,2925,3706,FAMILLE,94
15149,2925,4467,FAMILLE,40
15150,3015,3706,FAMILLE,79
15151,3015,4467,FAMILLE,25
15152,3706,4467,FAMILLE,83
15153,1080,2916,FAMILLE,33
15154,103,3405,FAMILLE,60
15155,103,4141,FAMILLE,70
15156,3405,4141,FAMILLE,94
15157,1686,1714,FAMILLE,67
15158,1686,2446,FAMILLE,55
15159,1714,2446,FAMILLE,39
15160,178,1644,FAMILLE,92
15161,1476,2272,FAMILLE,81
15162,1476,4345,FAMILLE,80
15163,1476,4882,FAMILLE,69
15164,2272,4345,FAMILLE,22
15165,2272,4882,FAMILLE,41
15166,4345,4882,FAMILLE,40
15167,590,1727,FAMILLE,74
15168,2083,4953,FAMILLE,67
15169,1102,4900,FAMILLE,62
15170,1662,3091,FAMILLE,55
15171,1662,4012,FAMILLE,74
15172,3091,4012,FAMILLE,77
15173,2896,3117,FAMILLE,81
15174,226,3690,FAMILLE,87
15175,1550,1856,FAMILLE,69
15176,106,2633,FAMILLE,61
15177,543,2112,FAMILLE,88
15178,1586,1906,FAMILLE,85
15179,1586,2323,FAMILLE,76
15180,1906,2323,FAMILLE,56
15181,2203,4188,FAMILLE,73
15182,3190,3654,FAMILLE,79
15183,585,2082,FAMILLE,89
15184,635,1182,FAMILLE,75
15185,635,2364,FAMILLE,73
15186,635,2873,FAMILLE,70
15187,1182,2364,FAMILLE,71
15188,1182,2873,FAMILLE,10
15189,1182,4533,FAMILLE,59
15190,2364,2873,FAMILLE,85
15191,2364,4533,FAMILLE,69
15192,2873,4533,FAMILLE,89
15193,1163,3188,FAMILLE,70
15194,776,4660,FAMILLE,94
15195,1941,2355,FAMILLE,62
15196,1941,2845,FAMILLE,16
15197,2355,2845,FAMILLE,78
15198,2777,2867,FAMILLE,87
15199,2777,4717,FAMILLE,15
15200,2867,4717,FAMILLE,75
15201,3014,3639,FAMILLE,63
15202,3014,4531,FAMILLE,84
15203,3639,4531,FAMILLE,77
15204,3584,3831,FAMILLE,32
15205,832,1765,FAMILLE,65
15206,801,2984,FAMILLE,66
15207,801,3809,FAMILLE,80
15208,801,4804,FAMILLE,69
15209,2984,3809,FAMILLE,82
15210,2984,4804,FAMILLE,61
15211,3809,4804,FAMILLE,20
15212,1348,1769,FAMILLE,59
15213,880,1296,FAMILLE,13
15214,880,3477,FAMILLE,19
15215,1296,3477,FAMILLE,27
15216,4600,4975,FAMILLE,15
15217,517,759,FAMILLE,58
15218,540,4199,FAMILLE,90
15219,423,2726,FAMILLE,28
15220,1263,3214,FAMILLE,83
15221,556,650,FAMILLE,84
15222,1125,1366,FAMILLE,13
15223,1434,2144,FAMILLE,31
15224,1504,2978,FAMILLE,40
15225,431,3634,FAMILLE,72
15226,431,4937,FAMILLE,40
15227,3634,4937,FAMILLE,92
15228,1634,1704,FAMILLE,29
15229,456,4729,FAMILLE,59
15230,349,933,FAMILLE,79
15231,349,1261,FAMILLE,90
15232,349,2878,FAMILLE,78
15233,933,1261,FAMILLE,87
15234,933,2878,FAMILLE,76
15235,1261,2878,FAMILLE,71
15236,857,2008,FAMILLE,43
15237,857,2351,FAMILLE,15
15238,857,2647,FAMILLE,25
15239,2008,2351,FAMILLE,15
15240,2008,2647,FAMILLE,32
15241,2351,2647,FAMILLE,42
15242,183,1279,FAMILLE,44
15243,183,4003,FAMILLE,18
15244,1279,4003,FAMILLE,35
15245,73,231,FAMILLE,89
15246,73,2127,FAMILLE,39
15247,73,4008,FAMILLE,75
15248,231,2127,FAMILLE,61
15249,231,4008,FAMILLE,73
15250,2127,4008,FAMILLE,86
15251,846,1899,FAMILLE,79
15252,846,2898,FAMILLE,70
15253,1899,2898,FAMILLE,63
15254,3230,4683,FAMILLE,32
15255,665,1642,FAMILLE,72
15256,665,2026,FAMILLE,73
15257,665,2525,FAMILLE,42
15258,1642,2026,FAMILLE,55
15259,1642,2525,FAMILLE,64
15260,2026,2525,FAMILLE,91
15261,2046,2439,FAMILLE,42
15262,2046,3582,FAMILLE,67
15263,2439,3582,FAMILLE,94
15264,2871,4436,FAMILLE,63
15265,482,1081,FAMILLE,57
15266,1902,2282,FAMILLE,67
15267,2456,3461,FAMILLE,76
15268,238,2512,FAMILLE,55
15269,238,3380,FAMILLE,61
15270,238,4441,FAMILLE,86
15271,2512,3380,FAMILLE,79
15272,2512,4441,FAMILLE,31
15273,3380,4441,FAMILLE,94
15274,2589,3731,FAMILLE,64
15275,2589,3927,FAMILLE,90
15276,3731,3927,FAMILLE,69
15277,48,145,FAMILLE,91
15278,48,2679,FAMILLE,86
15279,145,2679,FAMILLE,63
15280,2444,4744,FAMILLE,63
15281,528,677,FAMILLE,28
15282,528,1127,FAMILLE,27
15283,528,3702,FAMILLE,18
15284,677,1127,FAMILLE,19
15285,677,3702,FAMILLE,41
15286,1127,3702,FAMILLE,36
15287,1428,2861,FAMILLE,16
15288,1428,3746,FAMILLE,84
15289,2861,3746,FAMILLE,61
15290,3090,4541,FAMILLE,72
15291,139,3637,FAMILLE,55
15292,139,3983,FAMILLE,80
15293,139,4381,FAMILLE,16
15294,3637,3983,FAMILLE,64
15295,3637,4381,FAMILLE,62
15296,3983,4381,FAMILLE,62
15297,597,1850,FAMILLE,58
15298,597,3525,FAMILLE,77
15299,1850,3525,FAMILLE,89
15300,1166,2155,FAMILLE,67
15301,3852,4392,FAMILLE,86
15302,967,1818,FAMILLE,76
15303,1609,2114,FAMILLE,18
15304,2632,2663,FAMILLE,57
15305,831,1202,FAMILLE,37
15306,831,2014,FAMILLE,55
15307,1202,2014,FAMILLE,71
15308,783,929,FAMILLE,56
15309,783,1311,FAMILLE,86
15310,929,1311,FAMILLE,94
15311,129,2096,FAMILLE,21
15312,129,3367,FAMILLE,20
15313,2096,3367,FAMILLE,29
15314,2275,4162,FAMILLE,75
15315,2275,4652,FAMILLE,70
15316,4162,4652,FAMILLE,69
15317,2397,4363,FAMILLE,62
15318,1233,4772,FAMILLE,65
15319,1844,4278,FAMILLE,78
15320,2025,2991,FAMILLE,84
15321,2025,3394,FAMILLE,85
15322,2991,3394,FAMILLE,75
15323,351,2765,FAMILLE,85
15324,351,3319,FAMILLE,30
15325,2765,3319,FAMILLE,69
15326,1006,3183,FAMILLE,69
15327,362,1378,FAMILLE,75
15328,362,3827,FAMILLE,67
15329,1378,3827,FAMILLE,85
15330,561,2531,FAMILLE,62
15331,561,4517,FAMILLE,11
15332,2531,4517,FAMILLE,74
15333,3052,4307,FAMILLE,57
15334,1045,1344,FAMILLE,62
15335,1045,1355,FAMILLE,70
15336,1045,1493,FAMILLE,55
15337,1344,1355,FAMILLE,17
15338,1344,1493,FAMILLE,76
15339,1344,1980,FAMILLE,23
15340,1355,1493,FAMILLE,90
15341,1355,1980,FAMILLE,13
15342,1355,3004,FAMILLE,83
15343,1493,1980,FAMILLE,78
15344,1493,3004,FAMILLE,80
15345,1980,3004,FAMILLE,81
15346,752,4529,FAMILLE,57
15347,2199,4859,FAMILLE,86
15348,210,4191,FAMILLE,68
15349,1128,3174,FAMILLE,81
15350,2269,2368,FAMILLE,66
15351,1869,4572,FAMILLE,70
15352,290,2963,FAMILLE,83
15353,14,110,FAMILLE,92
15354,3082,3308,FAMILLE,90
15355,2834,3385,FAMILLE,84
15356,2834,4865,FAMILLE,76
15357,3385,4865,FAMILLE,76
15358,2410,3617,FAMILLE,93
15359,39,1926,FAMILLE,63
15360,515,526,FAMILLE,93
15361,515,4154,FAMILLE,80
15362,526,4154,FAMILLE,79
15363,1331,3803,FAMILLE,78
15364,891,1287,FAMILLE,87
15365,146,944,FAMILLE,82
15366,146,4111,FAMILLE,13
15367,944,4111,FAMILLE,86
15368,104,2853,FAMILLE,84
15369,104,4047,FAMILLE,91
15370,2853,4047,FAMILLE,92
15371,2424,3947,FAMILLE,92
15372,275,1556,FAMILLE,11
15373,1276,4880,FAMILLE,32
15374,20,4640,FAMILLE,92
15375,109,1754,FAMILLE,93
15376,109,1956,FAMILLE,76
15377,109,3755,FAMILLE,91
15378,1754,1956,FAMILLE,90
15379,1754,3755,FAMILLE,55
15380,1956,3755,FAMILLE,90
15381,295,4440,FAMILLE,80
15382,963,3340,FAMILLE,77
15383,303,3725,FAMILLE,62
15384,303,4597,FAMILLE,91
15385,3725,4597,FAMILLE,20
15386,876,1749,FAMILLE,71
15387,1597,2695,FAMILLE,66
15388,1597,4930,FAMILLE,93
15389,2695,4930,FAMILLE,74
15390,247,2035,FAMILLE,59
15391,247,2485,FAMILLE,55
15392,247,2688,FAMILLE,94
15393,2035,2485,FAMILLE,18
15394,2035,2688,FAMILLE,85
15395,2485,2688,FAMILLE,56
15396,25,868,FAMILLE,41
15397,25,2196,FAMILLE,81
15398,868,2196,FAMILLE,63
15399,3157,4681,FAMILLE,90
15400,2577,3863,FAMILLE,66
15401,2577,3872,FAMILLE,94
15402,3863,3872,FAMILLE,78
15403,1196,1410,FAMILLE,25
15404,340,947,FAMILLE,57
15405,340,3676,FAMILLE,65
15406,947,3676,FAMILLE,57
15407,18,3643,FAMILLE,39
15408,18,3657,FAMILLE,59
15409,3643,3657,FAMILLE,59
15410,269,893,FAMILLE,59
15411,269,3283,FAMILLE,93
15412,893,3283,FAMILLE,93
15413,2455,2913,FAMILLE,83
15414,762,4297,FAMILLE,57
15415,762,4468,FAMILLE,75
15416,4297,4468,FAMILLE,92
15417,1543,4001,FAMILLE,58
15418,904,4642,FAMILLE,86
15419,605,2468,FAMILLE,10
15420,605,4581,FAMILLE,87
15421,2468,4581,FAMILLE,76
15422,1820,2300,FAMILLE,90
15423,1820,2922,FAMILLE,71
15424,2300,2922,FAMILLE,86
15425,3744,4016,FAMILLE,39
15426,2401,2471,FAMILLE,67
15427,2401,3772,FAMILLE,80
15428,2471,3772,FAMILLE,73
15429,1800,3821,FAMILLE,72
15430,1800,4812,FAMILLE,37
15431,3821,4812,FAMILLE,64
15432,2058,3485,FAMILLE,59
15433,686,4106,FAMILLE,74
15434,686,4665,FAMILLE,87
15435,4106,4665,FAMILLE,15
15436,634,2315,FAMILLE,21
15437,634,2750,FAMILLE,81
15438,2315,2750,FAMILLE,74
15439,416,907,FAMILLE,31
15440,416,1109,FAMILLE,28
15441,416,2381,FAMILLE,87
15442,907,1109,FAMILLE,40
15443,907,2381,FAMILLE,72
15444,1109,2381,FAMILLE,72
15445,2544,4382,FAMILLE,66
15446,998,1091,FAMILLE,72
15447,1408,2927,FAMILLE,88
15448,1408,3593,FAMILLE,75
15449,2927,3593,FAMILLE,34
15450,3297,4948,FAMILLE,71
15451,2698,4647,FAMILLE,83
15452,927,4337,FAMILLE,83
15453,927,4950,FAMILLE,76
15454,4337,4950,FAMILLE,42
15455,50,3417,FAMILLE,40
15456,1376,2674,FAMILLE,15
15457,86,3241,FAMILLE,64
15458,86,4139,FAMILLE,93
15459,3241,4139,FAMILLE,71
15460,2333,4875,FAMILLE,67
15461,2164,4833,FAMILLE,86
15462,902,1188,FAMILLE,79
15463,902,2960,FAMILLE,60
15464,1188,2960,FAMILLE,58
15465,2465,3262,FAMILLE,87
15466,2465,4138,FAMILLE,85
15467,3262,4138,FAMILLE,69
15468,134,2933,FAMILLE,40
15469,2557,2804,FAMILLE,60
15470,2383,3697,FAMILLE,89
15471,2730,3559,FAMILLE,12
15472,770,1608,FAMILLE,80
15473,2326,2612,FAMILLE,88
15474,2326,4987,FAMILLE,79
15475,2612,4987,FAMILLE,37
15476,1343,3436,FAMILLE,68
15477,1379,1730,FAMILLE,66
15478,1379,2540,FAMILLE,65
15479,1379,4054,FAMILLE,59
15480,1730,2540,FAMILLE,19
15481,1730,4054,FAMILLE,18
15482,2540,4054,FAMILLE,36
15483,1514,3005,FAMILLE,63
15484,2759,3560,FAMILLE,61
15485,2759,4393,FAMILLE,84
15486,3560,4393,FAMILLE,76
15487,800,1320,FAMILLE,63
15488,800,1558,FAMILLE,83
15489,800,4823,FAMILLE,63
15490,1320,1558,FAMILLE,86
15491,1320,4823,FAMILLE,56
15492,1558,4823,FAMILLE,78
15493,1021,2934,FAMILLE,78
15494,1455,1930,FAMILLE,23
15495,1074,1811,FAMILLE,82
15496,1074,4662,FAMILLE,23
15497,1811,4662,FAMILLE,81
15498,1430,4528,FAMILLE,17
15499,1430,4846,FAMILLE,29
15500,4528,4846,FAMILLE,36
15501,984,3935,FAMILLE,93
15502,984,4019,FAMILLE,69
15503,984,4377,FAMILLE,73
15504,3935,4019,FAMILLE,26
15505,3935,4377,FAMILLE,89
15506,4019,4377,FAMILLE,93
15507,1152,2852,FAMILLE,80
15508,1078,3358,FAMILLE,38
15509,641,1566,FAMILLE,58
15510,641,1922,FAMILLE,36
15511,641,4168,FAMILLE,38
15512,1566,1922,FAMILLE,83
15513,1566,4168,FAMILLE,78
15514,1922,4168,FAMILLE,41
15515,2648,4317,FAMILLE,81
15516,28,957,FAMILLE,39
15517,28,2186,FAMILLE,62
15518,957,2186,FAMILLE,81
15519,1257,2883,FAMILLE,72
15520,1257,3758,FAMILLE,89
15521,1257,4515,FAMILLE,40
15522,2883,3758,FAMILLE,88
15523,2883,4515,FAMILLE,63
15524,3758,4515,FAMILLE,74
15525,3124,4850,FAMILLE,10
15526,588,3573,FAMILLE,44
15527,131,2062,FAMILLE,19
15528,131,3239,FAMILLE,31
15529,2062,3239,FAMILLE,27
15530,373,1197,FAMILLE,91
15531,32,491,FAMILLE,87
15532,748,1692,FAMILLE,86
15533,748,3568,FAMILLE,80
15534,1692,3568,FAMILLE,59
15535,1165,1213,FAMILLE,91
15536,1165,1973,FAMILLE,57
15537,1213,1973,FAMILLE,73
15538,916,3450,FAMILLE,70
15539,1532,3173,FAMILLE,70
15540,2308,2981,FAMILLE,94
15541,2308,3083,FAMILLE,18
15542,2308,4783,FAMILLE,78
15543,2981,3083,FAMILLE,63
15544,2981,4783,FAMILLE,91
15545,3083,4783,FAMILLE,84
15546,3349,3553,FAMILLE,24
15547,37,212,FAMILLE,12
15548,37,3234,FAMILLE,15
15549,212,3234,FAMILLE,18
15550,1044,1545,FAMILLE,24
15551,863,3467,FAMILLE,90
15552,802,3446,FAMILLE,14
15553,1120,1779,FAMILLE,78
15554,1120,2012,FAMILLE,22
15555,1779,2012,FAMILLE,56
15556,774,1582,FAMILLE,79
15557,774,1702,FAMILLE,83
15558,1582,1702,FAMILLE,93
15559,2533,2830,FAMILLE,75
15560,3193,3327,FAMILLE,68
15561,3193,3554,FAMILLE,39
15562,3193,4434,FAMILLE,18
15563,3327,3554,FAMILLE,82
15564,3327,4434,FAMILLE,92
15565,3554,4434,FAMILLE,10
15566,4015,4768,FAMILLE,92
15567,4015,4904,FAMILLE,63
15568,4768,4904,FAMILLE,26
15569,2163,2667,FAMILLE,65
15570,1186,1508,FAMILLE,15
15571,227,2440,FAMILLE,83
15572,227,2676,FAMILLE,74
15573,2440,2676,FAMILLE,75
15574,4033,4588,FAMILLE,26
15575,899,1595,FAMILLE,84
15576,899,2476,FAMILLE,93
15577,899,3558,FAMILLE,27
15578,1595,2476,FAMILLE,61
15579,1595,3558,FAMILLE,68
15580,2476,3558,FAMILLE,74
15581,3371,4538,FAMILLE,59
15582,1095,4591,FAMILLE,64
15583,1009,2146,FAMILLE,63
15584,1009,2620,FAMILLE,93
15585,1009,2659,FAMILLE,71
15586,2146,2620,FAMILLE,90
15587,2146,2659,FAMILLE,77
15588,2620,2659,FAMILLE,75
15589,571,767,FAMILLE,42
15590,571,2109,FAMILLE,34
15591,767,2109,FAMILLE,18
15592,530,1571,FAMILLE,66
15593,111,516,FAMILLE,81
15594,111,2428,FAMILLE,10
15595,111,2537,FAMILLE,61
15596,516,2428,FAMILLE,57
15597,516,2537,FAMILLE,83
15598,2428,2537,FAMILLE,72
15599,1367,2880,FAMILLE,55
15600,4192,4452,FAMILLE,84
15601,218,4979,FAMILLE,32
15602,3284,4340,FAMILLE,83
15603,729,4941,FAMILLE,61
15604,2244,2743,FAMILLE,89
15605,965,1709,FAMILLE,62
15606,965,4055,FAMILLE,77
15607,1709,4055,FAMILLE,77
15608,1023,4526,FAMILLE,63
15609,1673,4036,FAMILLE,70
15610,1403,4149,FAMILLE,11
15611,771,2138,FAMILLE,73
15612,3085,4525,FAMILLE,82
15613,3377,3608,FAMILLE,67
15614,216,4571,FAMILLE,76
15615,3140,4858,FAMILLE,93
15616,1316,3542,FAMILLE,64
15617,266,978,FAMILLE,66
15618,266,4274,FAMILLE,14
15619,978,4274,FAMILLE,76
15620,1198,2472,FAMILLE,63
15621,1198,3169,FAMILLE,89
15622,2472,3169,FAMILLE,20
15623,2694,4176,FAMILLE,81
15624,394,1220,FAMILLE,16
15625,394,3506,FAMILLE,67
15626,1220,3506,FAMILLE,61
15627,4002,4661,FAMILLE,77
15628,2962,4353,FAMILLE,56
15629,3048,3359,FAMILLE,58
15630,1897,4107,FAMILLE,75
15631,2738,3708,FAMILLE,29
15632,2738,4302,FAMILLE,68
15633,3708,4302,FAMILLE,72
15634,3303,4050,FAMILLE,24
15635,412,2888,FAMILLE,85
15636,716,2608,FAMILLE,72
15637,439,2158,FAMILLE,88
15638,33,1423,FAMILLE,63
15639,33,1821,FAMILLE,62
15640,33,4506,FAMILLE,24
15641,1423,1821,FAMILLE,58
15642,1423,4506,FAMILLE,81
15643,1821,4506,FAMILLE,70
15644,2107,4671,FAMILLE,69
15645,3455,3757,FAMILLE,76
15646,3455,4266,FAMILLE,58
15647,3757,4266,FAMILLE,70
15648,2276,3841,FAMILLE,44
15649,184,244,FAMILLE,31
15650,184,2475,FAMILLE,77
15651,244,2475,FAMILLE,75
15652,87,460,FAMILLE,73
15653,87,1555,FAMILLE,92
15654,87,4659,FAMILLE,92
15655,460,1555,FAMILLE,71
15656,460,4659,FAMILLE,91
15657,1555,4659,FAMILLE,58
15658,165,2579,FAMILLE,67
15659,489,693,FAMILLE,67
15660,489,3227,FAMILLE,34
15661,693,3227,FAMILLE,79
15662,2770,4885,FAMILLE,73
15663,3237,3381,FAMILLE,65
15664,3237,3656,FAMILLE,75
15665,3381,3656,FAMILLE,65
15666,3954,4580,FAMILLE,74
15667,3734,4123,FAMILLE,68
15668,3734,4437,FAMILLE,90
15669,3734,4448,FAMILLE,84
15670,4123,4437,FAMILLE,16
15671,4123,4448,FAMILLE,92
15672,4437,4448,FAMILLE,81
15673,3,970,FAMILLE,22
15674,3,1076,FAMILLE,76
15675,3,1319,FAMILLE,16
15676,970,1076,FAMILLE,56
15677,970,1319,FAMILLE,24
15678,1076,1319,FAMILLE,86
15679,1442,2390,FAMILLE,69
15680,1442,3438,FAMILLE,70
15681,2390,3438,FAMILLE,94
15682,2102,3678,FAMILLE,94
15683,877,1790,FAMILLE,73
15684,877,3195,FAMILLE,56
15685,1790,3195,FAMILLE,82
15686,300,2225,FAMILLE,83
15687,2622,3785,FAMILLE,41
15688,1399,3430,FAMILLE,43
15689,1399,4121,FAMILLE,80
15690,3430,4121,FAMILLE,59
15691,1268,2232,FAMILLE,64
15692,1268,2833,FAMILLE,83
15693,2232,2833,FAMILLE,79
15694,4048,4664,FAMILLE,72
15695,3679,3858,FAMILLE,71
15696,1079,3938,FAMILLE,83
15697,421,1375,FAMILLE,71
15698,421,4489,FAMILLE,61
15699,1375,4489,FAMILLE,44
15700,1812,1875,FAMILLE,68
15701,1812,2828,FAMILLE,66
15702,1812,3053,FAMILLE,57
15703,1875,2828,FAMILLE,73
15704,1875,3053,FAMILLE,94
15705,1875,4080,FAMILLE,61
15706,2828,3053,FAMILLE,64
15707,2828,4080,FAMILLE,62
15708,3053,4080,FAMILLE,58
15709,234,2818,FAMILLE,31
15710,234,4614,FAMILLE,66
15711,2818,4614,FAMILLE,85
15712,518,4300,FAMILLE,71
15713,3869,4374,FAMILLE,32
15714,508,1139,FAMILLE,58
15715,508,2314,FAMILLE,21
15716,508,3225,FAMILLE,71
15717,1139,2314,FAMILLE,57
15718,1139,3225,FAMILLE,71
15719,1139,4253,FAMILLE,73
15720,2314,3225,FAMILLE,71
15721,2314,4253,FAMILLE,75
15722,3225,4253,FAMILLE,86
15723,2910,3901,FAMILLE,85
15724,1874,3517,FAMILLE,55
15725,1872,3675,FAMILLE,32
15726,1872,4415,FAMILLE,41
15727,3675,4415,FAMILLE,40
15728,2345,3084,FAMILLE,21
15729,707,4231,FAMILLE,86
15730,737,2009,FAMILLE,38
15731,937,3871,FAMILLE,22
15732,937,4745,FAMILLE,40
15733,3871,4745,FAMILLE,32
15734,4578,4782,FAMILLE,85
15735,996,1978,FAMILLE,84
15736,996,2711,FAMILLE,86
15737,996,2930,FAMILLE,93
15738,1978,2711,FAMILLE,89
15739,1978,2930,FAMILLE,71
15740,2711,2930,FAMILLE,77
15741,4227,4974,FAMILLE,32
15742,261,604,FAMILLE,89
15743,261,2041,FAMILLE,23
15744,604,2041,FAMILLE,67
15745,4041,4699,FAMILLE,84
15746,1604,3202,FAMILLE,43
15747,1007,4888,FAMILLE,91
15748,2956,4927,FAMILLE,15
15749,2567,4635,FAMILLE,91
15750,3066,3167,FAMILLE,37
15751,1185,3795,FAMILLE,61
15752,1977,3312,FAMILLE,55
15753,2325,4961,FAMILLE,63
15754,1150,2277,FAMILLE,92
15755,1464,1521,FAMILLE,85
15756,228,1809,FAMILLE,78
15757,1569,3245,FAMILLE,80
15758,1569,3432,FAMILLE,71
15759,1569,3589,FAMILLE,91
15760,3245,3432,FAMILLE,61
15761,3245,3589,FAMILLE,67
15762,3245,4183,FAMILLE,63
15763,3432,3589,FAMILLE,88
15764,3432,4183,FAMILLE,76
15765,3589,4183,FAMILLE,82
15766,339,3733,FAMILLE,91
15767,366,3828,FAMILLE,62
15768,3783,4523,FAMILLE,93
15769,446,1383,FAMILLE,60
15770,1891,2125,FAMILLE,85
15771,1891,3796,FAMILLE,83
15772,2125,3796,FAMILLE,38
15773,2477,2735,FAMILLE,61
15774,2477,3635,FAMILLE,93
15775,2735,3635,FAMILLE,86
15776,1180,1326,FAMILLE,13
15777,1705,3061,FAMILLE,29
15778,1705,3182,FAMILLE,38
15779,3061,3182,FAMILLE,26
15780,488,4059,FAMILLE,70
15781,82,2886,FAMILLE,19
15782,82,3437,FAMILLE,28
15783,2886,3437,FAMILLE,44
15784,562,3408,FAMILLE,79
15785,2226,2370,FAMILLE,83
15786,2226,2716,FAMILLE,86
15787,2370,2716,FAMILLE,86
15788,1212,4195,FAMILLE,71
15789,1212,4244,FAMILLE,85
15790,4195,4244,FAMILLE,68
15791,1576,1596,FAMILLE,78
15792,1576,3462,FAMILLE,20
15793,1596,3462,FAMILLE,92
15794,201,321,FAMILLE,84
15795,2864,4796,FAMILLE,78
15796,2953,3692,FAMILLE,73
15797,531,4530,FAMILLE,28
15798,3534,4646,FAMILLE,86
15799,2393,3886,FAMILLE,65
15800,1832,1972,FAMILLE,88
15801,3982,4255,FAMILLE,66
15802,2687,3016,FAMILLE,60
15803,2687,4083,FAMILLE,84
15804,3016,4083,FAMILLE,83
15805,502,3322,FAMILLE,68
15806,2170,3273,FAMILLE,80
15807,2170,4537,FAMILLE,35
15808,3273,4537,FAMILLE,86
15809,2856,4679,FAMILLE,93
15810,1173,1411,FAMILLE,89
15811,647,2808,FAMILLE,72
15812,573,1133,FAMILLE,64
15813,1675,1905,FAMILLE,58
15814,1675,3695,FAMILLE,77
15815,1675,4395,FAMILLE,81
15816,1905,3695,FAMILLE,34
15817,1905,4395,FAMILLE,55
15818,3695,4395,FAMILLE,83
15819,138,2634,FAMILLE,86
15820,138,2876,FAMILLE,83
15821,138,3355,FAMILLE,28
15822,2634,2876,FAMILLE,55
15823,2634,3355,FAMILLE,74
15824,2876,3355,FAMILLE,80
15825,181,4689,FAMILLE,77
15826,171,3718,FAMILLE,30
15827,302,1222,FAMILLE,75
15828,240,2162,FAMILLE,77
15829,730,1193,FAMILLE,21
15830,256,1881,FAMILLE,79
15831,256,4916,FAMILLE,66
15832,1881,4916,FAMILLE,27
15833,61,1475,FAMILLE,71
15834,44,2458,FAMILLE,34
15835,44,2862,FAMILLE,90
15836,44,4130,FAMILLE,32
15837,2458,2862,FAMILLE,60
15838,2458,4130,FAMILLE,33
15839,2862,4130,FAMILLE,67
15840,52,72,FAMILLE,56
15841,52,1935,FAMILLE,62
15842,72,1935,FAMILLE,94
15843,1968,4492,FAMILLE,24
15844,1815,4136,FAMILLE,63
15845,1235,1641,FAMILLE,60
15846,155,592,FAMILLE,81
15847,853,1260,FAMILLE,85
15848,853,2289,FAMILLE,69
15849,853,3819,FAMILLE,59
15850,1260,2289,FAMILLE,69
15851,1260,3819,FAMILLE,33
15852,1260,3881,FAMILLE,59
15853,2289,3819,FAMILLE,65
15854,2289,3881,FAMILLE,55
15855,3819,3881,FAMILLE,73
15856,127,2140,FAMILLE,61
15857,1024,1401,FAMILLE,62
15858,1024,3891,FAMILLE,59
15859,1401,3891,FAMILLE,35
15860,924,1323,FAMILLE,27
15861,924,2882,FAMILLE,92
15862,924,4131,FAMILLE,70
15863,1323,2882,FAMILLE,63
15864,1323,4131,FAMILLE,63
15865,2882,4131,FAMILLE,93
15866,223,441,FAMILLE,78
15867,223,3845,FAMILLE,68
15868,223,4306,FAMILLE,81
15869,441,3845,FAMILLE,29
15870,441,4306,FAMILLE,14
15871,3845,4306,FAMILLE,34
15872,1458,1478,FAMILLE,59
15873,1458,2844,FAMILLE,62
15874,1458,4439,FAMILLE,83
15875,1478,2844,FAMILLE,72
15876,1478,4439,FAMILLE,63
15877,2844,4439,FAMILLE,57
15878,1239,2753,FAMILLE,78
15879,1615,2128,FAMILLE,82
15880,1031,1054,FAMILLE,63
15881,1031,2587,FAMILLE,71
15882,1031,2613,FAMILLE,68
15883,1054,2587,FAMILLE,90
15884,1054,2613,FAMILLE,86
15885,1054,3075,FAMILLE,65
15886,2587,2613,FAMILLE,75
15887,2587,3075,FAMILLE,91
15888,2613,3075,FAMILLE,68
15889,2072,3552,FAMILLE,60
15890,2271,2767,FAMILLE,66
15891,115,2329,FAMILLE,79
15892,115,2481,FAMILLE,94
15893,115,4887,FAMILLE,67
15894,2329,2481,FAMILLE,57
15895,2329,4887,FAMILLE,62
15896,2329,4931,FAMILLE,71
15897,2481,4887,FAMILLE,58
15898,2481,4931,FAMILLE,56
15899,4887,4931,FAMILLE,81
15900,950,3902,FAMILLE,38
15901,3095,4140,FAMILLE,64
15902,2952,4502,FAMILLE,75
15903,2952,4570,FAMILLE,77
15904,4502,4570,FAMILLE,81
15905,2077,2100,FAMILLE,94
15906,2900,5000,FAMILLE,90
15907,842,4101,FAMILLE,67
15908,3882,4177,FAMILLE,94
15909,745,1299,FAMILLE,56
15910,1803,2742,FAMILLE,93
15911,691,2721,FAMILLE,60
15912,691,3601,FAMILLE,59
15913,691,4115,FAMILLE,59
15914,2721,3601,FAMILLE,14
15915,2721,4115,FAMILLE,26
15916,3601,4115,FAMILLE,32
15917,399,2757,FAMILLE,84
15918,399,3020,FAMILLE,10
15919,2757,3020,FAMILLE,66
15920,1774,4455,FAMILLE,60
15921,2993,3719,FAMILLE,60
15922,1953,3649,FAMILLE,84
15923,513,1071,FAMILLE,80
15924,513,3346,FAMILLE,63
15925,1071,3346,FAMILLE,67
15926,728,912,FAMILLE,91
15927,728,2387,FAMILLE,78
15928,728,2950,FAMILLE,64
15929,912,2387,FAMILLE,92
15930,912,2950,FAMILLE,62
15931,2387,2950,FAMILLE,66
15932,1867,3705,FAMILLE,82
15933,1759,2901,FAMILLE,75
15934,196,2216,FAMILLE,57
15935,2024,2056,FAMILLE,87
15936,2024,3548,FAMILLE,64
15937,2056,3548,FAMILLE,82
15938,841,4721,FAMILLE,68
15939,1703,3659,FAMILLE,85
15940,981,1371,FAMILLE,90
15941,434,2764,FAMILLE,85
15942,3037,3111,FAMILLE,91
15943,3037,3480,FAMILLE,76
15944,3111,3480,FAMILLE,57
15945,871,4995,FAMILLE,76
15946,2459,3985,FAMILLE,73
15947,1831,2644,FAMILLE,83
15948,1259,3382,FAMILLE,18
15949,694,4371,FAMILLE,34
15950,593,2931,FAMILLE,72
15951,2675,4933,FAMILLE,81
15952,1159,1554,FAMILLE,71
15953,1159,2489,FAMILLE,70
15954,1159,4860,FAMILLE,63
15955,1554,2489,FAMILLE,88
15956,1554,4860,FAMILLE,57
15957,2489,4860,FAMILLE,64
15958,2132,3147,FAMILLE,72
15959,3709,3749,FAMILLE,61
15960,1243,3328,FAMILLE,91
15961,391,624,FAMILLE,68
15962,391,1678,FAMILLE,64
15963,391,2098,FAMILLE,18
15964,624,1678,FAMILLE,62
15965,624,2098,FAMILLE,81
15966,1678,2098,FAMILLE,74
15967,582,638,FAMILLE,64
15968,582,4450,FAMILLE,89
15969,638,4450,FAMILLE,32
15970,1454,2994,FAMILLE,24
15971,628,834,FAMILLE,75
15972,1761,4351,FAMILLE,32
15973,2529,4959,FAMILLE,61
15974,31,1272,FAMILLE,38
15975,31,4020,FAMILLE,19
15976,1272,4020,FAMILLE,11
15977,613,3516,FAMILLE,75
15978,666,2839,FAMILLE,90
15979,1446,2307,FAMILLE,84
15980,213,2239,FAMILLE,20
15981,1126,1306,FAMILLE,23
15982,1126,4785,FAMILLE,78
15983,1306,4785,FAMILLE,64
15984,501,1689,FAMILLE,87
15985,4290,4868,FAMILLE,20
15986,286,506,FAMILLE,63
15987,286,4143,FAMILLE,58
15988,506,4143,FAMILLE,82
15989,2279,4056,FAMILLE,56
15990,875,1651,FAMILLE,87
15991,875,2623,FAMILLE,93
15992,1651,2623,FAMILLE,13
15993,1427,1718,FAMILLE,58
15994,1427,2970,FAMILLE,92
15995,1718,2970,FAMILLE,59
15996,1013,2562,FAMILLE,71
15997,882,1112,FAMILLE,89
15998,882,1685,FAMILLE,60
15999,1112,1685,FAMILLE,81
16000,3540,4218,FAMILLE,70
16001,251,1808,FAMILLE,72
16002,1384,1785,FAMILLE,92
16003,1940,4939,FAMILLE,32
16004,237,4799,FAMILLE,21
16005,1146,4331,FAMILLE,92
16006,1146,4936,FAMILLE,78
16007,4331,4936,FAMILLE,13
16008,680,757,FAMILLE,70
16009,1341,2657,FAMILLE,64
16010,1575,2998,FAMILLE,80
16011,2122,4443,FAMILLE,40
16012,519,2331,FAMILLE,11
16013,1792,3775,FAMILLE,86
16014,1792,4359,FAMILLE,91
16015,3775,4359,FAMILLE,94
16016,3228,4849,FAMILLE,81
16017,3677,3832,FAMILLE,20
16018,3562,4694,FAMILLE,60
16019,2065,2605,FAMILLE,92
16020,3106,3823,FAMILLE,71
16021,2558,3633,FAMILLE,68
16022,113,1141,FAMILLE,84
16023,113,3348,FAMILLE,35
16024,1141,3348,FAMILLE,87
16025,1810,2593,FAMILLE,90
16026,1810,4068,FAMILLE,90
16027,2593,4068,FAMILLE,61
16028,483,791,FAMILLE,61
16029,483,915,FAMILLE,63
16030,791,915,FAMILLE,80
16031,436,2175,FAMILLE,78
16032,436,3726,FAMILLE,89
16033,2175,3726,FAMILLE,88
16034,847,2396,FAMILLE,87
16035,847,3330,FAMILLE,12
16036,847,3789,FAMILLE,82
16037,2396,3330,FAMILLE,89
16038,2396,3789,FAMILLE,94
16039,3330,3789,FAMILLE,68
16040,3413,4628,FAMILLE,86
16041,497,3447,FAMILLE,71
16042,320,576,FAMILLE,61
16043,320,709,FAMILLE,68
16044,320,2149,FAMILLE,65
16045,576,709,FAMILLE,91
16046,576,2149,FAMILLE,16
16047,709,2149,FAMILLE,60
16048,1904,2670,FAMILLE,78
16049,1904,3246,FAMILLE,77
16050,1904,4943,FAMILLE,77
16051,2670,3246,FAMILLE,15
16052,2670,4943,FAMILLE,74
16053,3246,4943,FAMILLE,92
16054,3396,4496,FAMILLE,58
16055,2301,3668,FAMILLE,86
16056,187,1679,FAMILLE,60
16057,2643,2709,FAMILLE,64
16058,2019,4733,FAMILLE,41
16059,4349,4844,FAMILLE,66
16060,1402,2655,FAMILLE,75
16061,1402,3420,FAMILLE,70
16062,2655,3420,FAMILLE,79
16063,2959,4373,FAMILLE,71
16064,1291,3146,FAMILLE,72
16065,2,4414,FAMILLE,87
16066,121,2422,FAMILLE,29
16067,2292,3625,FAMILLE,77
16068,2292,4165,FAMILLE,38
16069,3625,4165,FAMILLE,72
16070,1204,1568,FAMILLE,38
16071,1204,4641,FAMILLE,83
16072,1568,4641,FAMILLE,90
16073,3571,4934,FAMILLE,73
16074,498,1988,FAMILLE,77
16075,1101,4884,FAMILLE,14
16076,406,2449,FAMILLE,59
16077,406,3767,FAMILLE,59
16078,406,4155,FAMILLE,80
16079,2449,3767,FAMILLE,21
16080,2449,4155,FAMILLE,20
16081,3767,4155,FAMILLE,31
16082,1089,2002,FAMILLE,70
16083,1089,2702,FAMILLE,60
16084,2002,2702,FAMILLE,29
16085,2013,3644,FAMILLE,77
16086,2505,4625,FAMILLE,60
16087,2505,4740,FAMILLE,65
16088,4625,4740,FAMILLE,64
16089,215,3790,FAMILLE,82
16090,215,3853,FAMILLE,64
16091,3790,3853,FAMILLE,10
16092,356,2664,FAMILLE,65
16093,356,3155,FAMILLE,73
16094,2664,3155,FAMILLE,85
16095,66,2712,FAMILLE,57
16096,66,3320,FAMILLE,90
16097,2712,3320,FAMILLE,21
16098,1356,2811,FAMILLE,68
16099,3896,4057,FAMILLE,10
16100,1510,1995,FAMILLE,66
16101,465,824,FAMILLE,73
16102,465,3263,FAMILLE,31
16103,824,3263,FAMILLE,85
16104,2040,2802,FAMILLE,75
16105,2040,3576,FAMILLE,59
16106,2040,4432,FAMILLE,70
16107,2802,3576,FAMILLE,84
16108,2802,4432,FAMILLE,32
16109,3576,4432,FAMILLE,78
16110,3337,3907,FAMILLE,27
16111,166,1262,FAMILLE,75
16112,1017,1952,FAMILLE,94
16113,1017,3050,FAMILLE,78
16114,1952,3050,FAMILLE,78
16115,858,1174,FAMILLE,68
16116,284,2597,FAMILLE,74
16117,2715,3577,FAMILLE,83
16118,202,2137,FAMILLE,89
16119,202,4102,FAMILLE,86
16120,2137,4102,FAMILLE,33
16121,1950,4845,FAMILLE,86
16122,1780,3143,FAMILLE,56
16123,1780,4873,FAMILLE,65
16124,3143,4873,FAMILLE,64
16125,1626,3950,FAMILLE,81
16126,2214,3495,FAMILLE,85
16127,3265,4380,FAMILLE,15
16128,459,484,FAMILLE,62
16129,459,2697,FAMILLE,74
16130,484,2697,FAMILLE,93
16131,2168,3900,FAMILLE,55
16132,1346,2334,FAMILLE,90
16133,1346,4967,FAMILLE,62
16134,2334,4967,FAMILLE,19
16135,898,3254,FAMILLE,80
16136,1057,2309,FAMILLE,35
16137,1057,2550,FAMILLE,89
16138,2309,2550,FAMILLE,55
16139,473,2011,FAMILLE,56
16140,717,3543,FAMILLE,74
16141,398,2169,FAMILLE,77
16142,55,2958,FAMILLE,19
16143,1945,4279,FAMILLE,80
16144,1447,4667,FAMILLE,19
16145,744,1382,FAMILLE,92
16146,744,3201,FAMILLE,62
16147,1382,3201,FAMILLE,32
16148,69,2101,FAMILLE,76
16149,4658,4760,FAMILLE,59
16150,4099,4214,FAMILLE,79
16151,3445,3859,FAMILLE,60
16152,552,706,FAMILLE,28
16153,552,1357,FAMILLE,32
16154,552,1368,FAMILLE,12
16155,706,1357,FAMILLE,17
16156,706,1368,FAMILLE,20
16157,1357,1368,FAMILLE,42
16158,3009,4777,FAMILLE,17
16159,3062,4741,FAMILLE,91
16160,3062,4759,FAMILLE,76
16161,4741,4759,FAMILLE,43
16162,2741,3981,FAMILLE,88
16163,2741,4750,FAMILLE,20
16164,3981,4750,FAMILLE,77
16165,708,4369,FAMILLE,83
16166,45,2596,FAMILLE,58
16167,1415,3971,FAMILLE,33
16168,568,896,FAMILLE,73
16169,568,1324,FAMILLE,56
16170,896,1324,FAMILLE,40
16171,1959,2130,FAMILLE,65
16172,1959,4129,FAMILLE,89
16173,2130,4129,FAMILLE,63
16174,2734,2937,FAMILLE,76
16175,1549,1949,FAMILLE,69
16176,1549,4835,FAMILLE,41
16177,1949,4835,FAMILLE,93
16178,1132,2028,FAMILLE,36
16179,1132,2042,FAMILLE,88
16180,1132,3094,FAMILLE,36
16181,2028,2042,FAMILLE,66
16182,2028,3094,FAMILLE,42
16183,2028,4985,FAMILLE,28
16184,2042,3094,FAMILLE,68
16185,2042,4985,FAMILLE,62
16186,3094,4985,FAMILLE,34
16187,2247,2774,FAMILLE,66
16188,2247,4247,FAMILLE,81
16189,2247,4766,FAMILLE,12
16190,2774,4247,FAMILLE,80
16191,2774,4766,FAMILLE,80
16192,4247,4766,FAMILLE,75
16193,2293,3815,FAMILLE,81
16194,2293,3864,FAMILLE,94
16195,2293,4319,FAMILLE,88
16196,3815,3864,FAMILLE,72
16197,3815,4319,FAMILLE,89
16198,3815,4613,FAMILLE,93
16199,3864,4319,FAMILLE,15
16200,3864,4613,FAMILLE,22
16201,4319,4613,FAMILLE,36
16202,1317,2352,FAMILLE,75
16203,1317,3364,FAMILLE,60
16204,2352,3364,FAMILLE,73
16205,714,3357,FAMILLE,23
16206,3040,3333,FAMILLE,84
16207,3040,4061,FAMILLE,75
16208,3040,4557,FAMILLE,60
16209,3333,4061,FAMILLE,56
16210,3333,4557,FAMILLE,20
16211,4061,4557,FAMILLE,61
16212,490,3906,FAMILLE,90
16213,490,4481,FAMILLE,65
16214,3906,4481,FAMILLE,80
16215,808,814,FAMILLE,60
16216,808,4252,FAMILLE,72
16217,814,4252,FAMILLE,42
16218,230,1889,FAMILLE,80
16219,2091,4103,FAMILLE,66
16220,317,1140,FAMILLE,84
16221,317,1915,FAMILLE,27
16222,1140,1915,FAMILLE,64
16223,917,4758,FAMILLE,94
16224,1789,2141,FAMILLE,92
16225,2051,2807,FAMILLE,77
16226,2051,3199,FAMILLE,11
16227,2807,3199,FAMILLE,71
16228,2899,4178,FAMILLE,75
16229,1805,2549,FAMILLE,92
16230,878,4256,FAMILLE,35
16231,1388,2546,FAMILLE,17
16232,2902,4542,FAMILLE,75
16233,1665,4069,FAMILLE,62
16234,153,3398,FAMILLE,26
16235,758,1037,FAMILLE,76
16236,758,2089,FAMILLE,27
16237,758,3422,FAMILLE,72
16238,1037,2089,FAMILLE,72
16239,1037,3422,FAMILLE,86
16240,2089,3422,FAMILLE,75
16241,297,1763,FAMILLE,11
16242,1758,4926,FAMILLE,84
16243,308,2502,FAMILLE,79
16244,3765,3921,FAMILLE,82
16245,3168,4815,FAMILLE,83
16246,1119,1801,FAMILLE,61
16247,193,1179,FAMILLE,93
16248,192,1690,FAMILLE,94
16249,334,1304,FAMILLE,60
16250,380,4505,FAMILLE,63
16251,380,4725,FAMILLE,64
16252,4505,4725,FAMILLE,93
16253,157,754,FAMILLE,92
16254,3211,4212,FAMILLE,65
16255,3792,4890,FAMILLE,80
16256,89,4171,FAMILLE,18
16257,662,2425,FAMILLE,56
16258,662,4028,FAMILLE,64
16259,2425,4028,FAMILLE,58
16260,189,504,FAMILLE,88
16261,189,4972,FAMILLE,86
16262,504,4972,FAMILLE,62
16263,2360,3249,FAMILLE,29
16264,2360,3784,FAMILLE,17
16265,3249,3784,FAMILLE,29
16266,375,2905,FAMILLE,90
16267,1420,2367,FAMILLE,40
16268,1420,3097,FAMILLE,88
16269,1420,4504,FAMILLE,18
16270,2367,3097,FAMILLE,62
16271,2367,4504,FAMILLE,15
16272,3097,4504,FAMILLE,60
16273,1309,1318,FAMILLE,31
16274,2078,4521,FAMILLE,81
16275,3728,4251,FAMILLE,90
16276,3728,4595,FAMILLE,58
16277,4251,4595,FAMILLE,19
16278,3807,4082,FAMILLE,84
16279,994,4444,FAMILLE,82
16280,2143,3594,FAMILLE,24
16281,669,4128,FAMILLE,15
16282,589,1426,FAMILLE,26
16283,589,1738,FAMILLE,16
16284,589,2086,FAMILLE,76
16285,1426,1738,FAMILLE,41
16286,1426,2086,FAMILLE,62
16287,1426,2820,FAMILLE,59
16288,1738,2086,FAMILLE,84
16289,1738,2820,FAMILLE,55
16290,2086,2820,FAMILLE,94
16291,3298,4315,FAMILLE,85
16292,2725,3854,FAMILLE,24
16293,833,1184,FAMILLE,69
16294,833,4090,FAMILLE,70
16295,1184,4090,FAMILLE,70
16296,1663,3216,FAMILLE,88
16297,1663,4752,FAMILLE,86
16298,3216,4752,FAMILLE,17
16299,1483,2870,FAMILLE,62
16300,1483,4583,FAMILLE,76
16301,2870,4583,FAMILLE,81
16302,2312,2957,FAMILLE,35
16303,360,1947,FAMILLE,67
16304,360,2669,FAMILLE,74
16305,360,3400,FAMILLE,59
16306,1947,2669,FAMILLE,25
16307,1947,3400,FAMILLE,34
16308,2669,3400,FAMILLE,20
16309,1451,1775,FAMILLE,67
16310,1451,1836,FAMILLE,73
16311,1451,4704,FAMILLE,89
16312,1775,1836,FAMILLE,31
16313,1775,4704,FAMILLE,91
16314,1836,4704,FAMILLE,57
16315,200,211,FAMILLE,39
16316,200,1248,FAMILLE,56
16317,200,3368,FAMILLE,67
16318,211,1248,FAMILLE,72
16319,211,3368,FAMILLE,64
16320,1248,3368,FAMILLE,94
16321,9,3640,FAMILLE,90
16322,1796,2460,FAMILLE,77
16323,1796,3836,FAMILLE,73
16324,1796,3953,FAMILLE,85
16325,2460,3836,FAMILLE,83
16326,2460,3953,FAMILLE,74
16327,3836,3953,FAMILLE,88
16328,2133,2361,FAMILLE,62
16329,2133,2874,FAMILLE,66
16330,2133,3583,FAMILLE,55
16331,2361,2874,FAMILLE,59
16332,2361,3583,FAMILLE,62
16333,2874,3583,FAMILLE,79
16334,1361,1380,FAMILLE,89
16335,1361,4420,FAMILLE,78
16336,1380,4420,FAMILLE,72
16337,217,3905,FAMILLE,19
16338,160,485,FAMILLE,59
16339,1512,1984,FAMILLE,78
16340,1512,3911,FAMILLE,60
16341,1512,4010,FAMILLE,37
16342,1984,3911,FAMILLE,71
16343,1984,4010,FAMILLE,69
16344,3911,4010,FAMILLE,56
16345,1664,2722,FAMILLE,64
16346,1664,4738,FAMILLE,10
16347,2722,4738,FAMILLE,84
16348,1322,3206,FAMILLE,74
16349,4462,4736,FAMILLE,37
16350,4462,4803,FAMILLE,29
16351,4736,4803,FAMILLE,43
16352,1234,3510,FAMILLE,86
16353,1548,2513,FAMILLE,60
16354,646,4160,FAMILLE,59
16355,1176,2649,FAMILLE,90
16356,1176,4493,FAMILLE,19
16357,2649,4493,FAMILLE,85
16358,169,4365,FAMILLE,32
16359,1983,2624,FAMILLE,83
16360,1983,3578,FAMILLE,65
16361,1983,4424,FAMILLE,67
16362,2624,3578,FAMILLE,29
16363,2624,4424,FAMILLE,10
16364,3578,4424,FAMILLE,20
16365,3989,4805,FAMILLE,75
16366,3285,4053,FAMILLE,17
16367,1771,4960,FAMILLE,66
16368,532,3331,FAMILLE,94
16369,822,4390,FAMILLE,66
16370,1830,2372,FAMILLE,91
16371,10,2156,FAMILLE,92
16372,1648,2532,FAMILLE,33
16373,1648,3460,FAMILLE,15
16374,1648,4876,FAMILLE,63
16375,2532,3460,FAMILLE,42
16376,2532,4876,FAMILLE,55
16377,3460,4876,FAMILLE,75
16378,1156,2431,FAMILLE,78
16379,3977,4077,FAMILLE,88
16380,41,4789,FAMILLE,90
16381,3277,3496,FAMILLE,66
16382,3277,3509,FAMILLE,75
16383,3496,3509,FAMILLE,80
16384,741,3624,FAMILLE,93
16385,2686,4097,FAMILLE,77
16386,2686,4163,FAMILLE,59
16387,4097,4163,FAMILLE,91
16388,1470,2117,FAMILLE,27
16389,1381,3547,FAMILLE,16
16390,1381,3700,FAMILLE,16
16391,3547,3700,FAMILLE,17
16392,1876,2388,FAMILLE,83
16393,1876,3132,FAMILLE,92
16394,2388,3132,FAMILLE,25
16395,2267,4814,FAMILLE,58
16396,2213,2766,FAMILLE,90
16397,3850,4522,FAMILLE,32
16398,1505,4182,FAMILLE,77
16399,1267,2541,FAMILLE,57
16400,1267,2810,FAMILLE,43
16401,2541,2810,FAMILLE,58
16402,1955,4893,FAMILLE,79
16403,1948,3545,FAMILLE,30
16404,683,3108,FAMILLE,75
16405,242,3392,FAMILLE,29
16406,343,3457,FAMILLE,70
16407,1162,2598,FAMILLE,77
16408,3210,3652,FAMILLE,69
16409,3210,4851,FAMILLE,73
16410,3652,4851,FAMILLE,82
16411,558,1042,FAMILLE,84
16412,444,1938,FAMILLE,15
16413,3946,3963,FAMILLE,94
16414,3946,4861,FAMILLE,58
16415,3963,4861,FAMILLE,19
16416,150,282,FAMILLE,68
16417,890,2515,FAMILLE,67
16418,890,3267,FAMILLE,69
16419,890,4908,FAMILLE,67
16420,2515,3267,FAMILLE,72
16421,2515,4908,FAMILLE,85
16422,3267,4908,FAMILLE,88
16423,246,1419,FAMILLE,68
16424,246,2441,FAMILLE,65
16425,246,3653,FAMILLE,82
16426,1419,2441,FAMILLE,12
16427,1419,3653,FAMILLE,72
16428,2441,3653,FAMILLE,63
16429,1744,3598,FAMILLE,31
16430,346,2262,FAMILLE,12
16431,346,3203,FAMILLE,39
16432,346,3641,FAMILLE,19
16433,2262,3203,FAMILLE,27
16434,2262,3641,FAMILLE,30
16435,2262,4826,FAMILLE,26
16436,3203,3641,FAMILLE,25
16437,3203,4826,FAMILLE,19
16438,3641,4826,FAMILLE,37
16439,265,1593,FAMILLE,75
16440,265,3970,FAMILLE,63
16441,265,4798,FAMILLE,65
16442,1593,3970,FAMILLE,25
16443,1593,4798,FAMILLE,39
16444,1593,4942,FAMILLE,93
16445,3970,4798,FAMILLE,23
16446,3970,4942,FAMILLE,70
16447,4798,4942,FAMILLE,60
16448,1913,2445,FAMILLE,76
16449,507,3995,FAMILLE,64
16450,507,4087,FAMILLE,87
16451,3995,4087,FAMILLE,76
16452,477,4169,FAMILLE,63
16453,477,4751,FAMILLE,91
16454,4169,4751,FAMILLE,87
16455,299,2022,FAMILLE,67
16456,299,3777,FAMILLE,59
16457,2022,3777,FAMILLE,65
16458,2610,4474,FAMILLE,70
16459,442,3342,FAMILLE,71
16460,2638,3650,FAMILLE,38
16461,2194,3550,FAMILLE,93
16462,19,1082,FAMILLE,84
16463,19,2486,FAMILLE,88
16464,1082,2486,FAMILLE,60
16465,1854,2636,FAMILLE,60
16466,1854,4074,FAMILLE,91
16467,2636,4074,FAMILLE,31
16468,734,4360,FAMILLE,64
16469,2074,3959,FAMILLE,86
16470,538,4909,FAMILLE,16
16471,2696,4490,FAMILLE,85
16472,2378,4947,FAMILLE,90
16473,1453,1838,FAMILLE,74
16474,1453,2928,FAMILLE,81
16475,1453,4632,FAMILLE,84
16476,1838,2928,FAMILLE,90
16477,1838,4632,FAMILLE,78
16478,1838,4668,FAMILLE,66
16479,2928,4632,FAMILLE,63
16480,2928,4668,FAMILLE,69
16481,4632,4668,FAMILLE,57
16482,1982,4475,FAMILLE,82
16483,2650,3805,FAMILLE,69
16484,267,2948,FAMILLE,83
16485,267,4007,FAMILLE,57
16486,2948,4007,FAMILLE,67
16487,792,926,FAMILLE,70
16488,792,3585,FAMILLE,58
16489,926,3585,FAMILLE,88
16490,4113,4603,FAMILLE,30
16491,455,586,FAMILLE,88
16492,455,1734,FAMILLE,38
16493,455,4216,FAMILLE,56
16494,586,1734,FAMILLE,89
16495,586,4216,FAMILLE,57
16496,1734,4216,FAMILLE,89
16497,1027,4536,FAMILLE,81
16498,1027,4913,FAMILLE,87
16499,4536,4913,FAMILLE,27
16500,277,843,FAMILLE,61
16501,277,1456,FAMILLE,60
16502,277,2461,FAMILLE,59
16503,843,1456,FAMILLE,87
16504,843,2461,FAMILLE,76
16505,843,4325,FAMILLE,63
16506,1456,2461,FAMILLE,59
16507,1456,4325,FAMILLE,58
16508,2461,4325,FAMILLE,65
16509,209,3378,FAMILLE,84
16510,1130,3486,FAMILLE,90
16511,1223,3671,FAMILLE,31
16512,1776,4161,FAMILLE,94
16513,2305,3707,FAMILLE,70
16514,389,2573,FAMILLE,68
16515,2661,4491,FAMILLE,34
16516,405,2322,FAMILLE,60
16517,405,3314,FAMILLE,91
16518,405,4285,FAMILLE,86
16519,2322,3314,FAMILLE,56
16520,2322,4285,FAMILLE,62
16521,3314,4285,FAMILLE,80
16522,305,3145,FAMILLE,84
16523,1610,2379,FAMILLE,63
16524,236,1564,FAMILLE,84
16525,1492,3699,FAMILLE,26
16526,1492,3972,FAMILLE,82
16527,3699,3972,FAMILLE,71
16528,1315,2429,FAMILLE,73
16529,1315,3051,FAMILLE,70
16530,2429,3051,FAMILLE,61
16531,1391,3682,FAMILLE,62
16532,1019,3030,FAMILLE,61
16533,1019,3626,FAMILLE,87
16534,1019,4871,FAMILLE,71
16535,3030,3626,FAMILLE,70
16536,3030,4871,FAMILLE,89
16537,3626,4871,FAMILLE,90
16538,1880,3862,FAMILLE,64
16539,2564,4042,FAMILLE,69
16540,2265,2755,FAMILLE,71
16541,2265,4841,FAMILLE,88
16542,2755,4841,FAMILLE,33
16543,2179,3218,FAMILLE,76
16544,2179,4208,FAMILLE,64
16545,3218,4208,FAMILLE,70
16546,60,2018,FAMILLE,56
16547,60,2249,FAMILLE,83
16548,2018,2249,FAMILLE,91
16549,58,2889,FAMILLE,86
16550,4089,4870,FAMILLE,20
16551,252,4322,FAMILLE,74
16552,881,2539,FAMILLE,93
16553,372,432,FAMILLE,72
16554,372,2020,FAMILLE,39
16555,372,2142,FAMILLE,78
16556,432,2020,FAMILLE,74
16557,432,2142,FAMILLE,78
16558,432,3893,FAMILLE,63
16559,2020,2142,FAMILLE,72
16560,2020,3893,FAMILLE,67
16561,2020,4013,FAMILLE,36
16562,2142,3893,FAMILLE,79
16563,2142,4013,FAMILLE,70
16564,2142,4793,FAMILLE,87
16565,3893,4013,FAMILLE,73
16566,3893,4793,FAMILLE,93
16567,4013,4793,FAMILLE,79
16568,1473,3948,FAMILLE,90
16569,595,2772,FAMILLE,94
16570,595,4092,FAMILLE,68
16571,2772,4092,FAMILLE,65
16572,511,1264,FAMILLE,88
16573,1757,4949,FAMILLE,18
16574,697,1164,FAMILLE,85
16575,697,1750,FAMILLE,62
16576,1164,1750,FAMILLE,89
16577,2353,3526,FAMILLE,82
16578,495,4586,FAMILLE,28
16579,1335,4426,FAMILLE,72
16580,1525,1646,FAMILLE,80
16581,1525,1667,FAMILLE,70
16582,1525,4829,FAMILLE,70
16583,1646,1667,FAMILLE,63
16584,1646,4829,FAMILLE,61
16585,1667,4829,FAMILLE,90
16586,159,1916,FAMILLE,84
16587,3244,3307,FAMILLE,72
16588,1655,3231,FAMILLE,88
16589,1655,4816,FAMILLE,79
16590,3231,4816,FAMILLE,78
16591,1590,1961,FAMILLE,59
16592,1590,3732,FAMILLE,76
16593,1961,3732,FAMILLE,13
16594,617,2785,FAMILLE,33
16595,617,3081,FAMILLE,57
16596,2785,3081,FAMILLE,75
16597,1725,2576,FAMILLE,69
16598,733,1148,FAMILLE,60
16599,733,1488,FAMILLE,26
16600,1148,1488,FAMILLE,63
16601,2450,3937,FAMILLE,64
16602,3056,3086,FAMILLE,90
16603,4158,4579,FAMILLE,68
16604,1053,1203,FAMILLE,24
16605,4352,4929,FAMILLE,55
16606,2191,4527,FAMILLE,67
16607,2180,2248,FAMILLE,69
16608,101,3729,FAMILLE,83
16609,2548,3846,FAMILLE,59
16610,2548,4470,FAMILLE,92
16611,3846,4470,FAMILLE,60
16612,164,1217,FAMILLE,81
16613,164,3383,FAMILLE,10
16614,1217,3383,FAMILLE,87
16615,4063,4889,FAMILLE,82
16616,1503,3826,FAMILLE,88
16617,2411,2860,FAMILLE,92
16618,2411,4651,FAMILLE,39
16619,2860,4651,FAMILLE,79
16620,2161,2299,FAMILLE,88
16621,2837,3688,FAMILLE,58
16622,1228,2084,FAMILLE,80
16623,1574,2318,FAMILLE,94
16624,512,522,FAMILLE,70
16625,512,3713,FAMILLE,94
16626,522,3713,FAMILLE,75
16627,2908,4339,FAMILLE,73
16628,384,3535,FAMILLE,67
16629,625,781,FAMILLE,59
16630,1418,3739,FAMILLE,40
16631,3965,4853,FAMILLE,83
16632,1138,1377,FAMILLE,71
16633,472,3209,FAMILLE,93
16634,1589,2176,FAMILLE,62
16635,1589,3849,FAMILLE,86
16636,2176,3849,FAMILLE,73
16637,962,1244,FAMILLE,31
16638,4465,4645,FAMILLE,56
16639,378,1522,FAMILLE,79
16640,378,2603,FAMILLE,82
16641,1522,2603,FAMILLE,44
16642,535,2969,FAMILLE,68
16643,1863,3240,FAMILLE,12
16644,3913,4401,FAMILLE,57
16645,3611,4724,FAMILLE,60
16646,46,3925,FAMILLE,66
16647,46,4166,FAMILLE,88
16648,3925,4166,FAMILLE,62
16649,1,3701,FAMILLE,60
16650,108,2992,FAMILLE,11
16651,108,4052,FAMILLE,23
16652,2992,4052,FAMILLE,31
16653,2938,4110,FAMILLE,19
16654,780,1035,FAMILLE,27
16655,780,2824,FAMILLE,18
16656,780,3410,FAMILLE,87
16657,1035,2824,FAMILLE,10
16658,1035,3410,FAMILLE,63
16659,2824,3410,FAMILLE,77
16660,2780,4301,FAMILLE,39
16661,2780,4535,FAMILLE,71
16662,4301,4535,FAMILLE,57
16663,264,3002,FAMILLE,29
16664,264,4350,FAMILLE,65
16665,3002,4350,FAMILLE,67
16666,2710,4598,FAMILLE,91
16667,4463,4607,FAMILLE,92
16668,4463,4618,FAMILLE,65
16669,4607,4618,FAMILLE,30
16670,603,1385,FAMILLE,76
16671,603,2348,FAMILLE,93
16672,603,2943,FAMILLE,92
16673,1385,2348,FAMILLE,69
16674,1385,2943,FAMILLE,56
16675,1385,4243,FAMILLE,55
16676,2348,2943,FAMILLE,10
16677,2348,4243,FAMILLE,86
16678,2943,4243,FAMILLE,84
16679,2841,3329,FAMILLE,38
16680,2841,4653,FAMILLE,60
16681,3329,4653,FAMILLE,57
16682,806,2280,FAMILLE,15
16683,609,2660,FAMILLE,80
16684,609,4190,FAMILLE,10
16685,609,4265,FAMILLE,33
16686,2660,4190,FAMILLE,90
16687,2660,4265,FAMILLE,60
16688,4190,4265,FAMILLE,35
16689,1144,3341,FAMILLE,77
16690,3591,3870,FAMILLE,43
16691,2288,4719,FAMILLE,64
16692,2288,4866,FAMILLE,64
16693,4719,4866,FAMILLE,55
16694,271,909,FAMILLE,83
16695,903,2935,FAMILLE,40
16696,903,3895,FAMILLE,55
16697,2935,3895,FAMILLE,74
16698,977,1587,FAMILLE,83
16699,977,4211,FAMILLE,86
16700,1587,4211,FAMILLE,92
16701,98,2718,FAMILLE,83
16702,98,3482,FAMILLE,91
16703,98,4920,FAMILLE,94
16704,2718,3482,FAMILLE,92
16705,2718,4920,FAMILLE,72
16706,3482,4920,FAMILLE,71
16707,415,2499,FAMILLE,72
16708,415,3829,FAMILLE,43
16709,2499,3829,FAMILLE,66
16710,2094,3483,FAMILLE,85
16711,948,3401,FAMILLE,80
16712,948,3669,FAMILLE,57
16713,3401,3669,FAMILLE,74
16714,2554,4311,FAMILLE,62
16715,2554,4621,FAMILLE,84
16716,4311,4621,FAMILLE,72
16717,779,2442,FAMILLE,69
16718,779,2629,FAMILLE,57
16719,779,3418,FAMILLE,14
16720,2442,2629,FAMILLE,85
16721,2442,3418,FAMILLE,89
16722,2629,3418,FAMILLE,66
16723,1011,2626,FAMILLE,88
16724,1011,4743,FAMILLE,77
16725,2626,4743,FAMILLE,69
16726,4,3304,FAMILLE,73
16727,4,3321,FAMILLE,82
16728,4,4682,FAMILLE,91
16729,3304,3321,FAMILLE,74
16730,3304,4682,FAMILLE,68
16731,3321,4682,FAMILLE,85
16732,102,3537,FAMILLE,28
16733,3089,3612,FAMILLE,70
16734,1666,3674,FAMILLE,73
16735,2241,4608,FAMILLE,76
16736,2241,4790,FAMILLE,60
16737,4608,4790,FAMILLE,57
16738,3000,3039,FAMILLE,81
16739,123,1412,FAMILLE,61
16740,3851,4697,FAMILLE,76
16741,1293,2607,FAMILLE,86
16742,4419,4584,FAMILLE,63
16743,268,1613,FAMILLE,70
16744,268,2284,FAMILLE,94
16745,268,3873,FAMILLE,56
16746,1613,2284,FAMILLE,85
16747,1613,3873,FAMILLE,61
16748,1613,3936,FAMILLE,91
16749,2284,3873,FAMILLE,71
16750,2284,3936,FAMILLE,55
16751,2284,4368,FAMILLE,83
16752,3873,3936,FAMILLE,60
16753,3873,4368,FAMILLE,69
16754,3936,4368,FAMILLE,75
16755,75,3163,FAMILLE,84
16756,819,4219,FAMILLE,24
16757,968,4120,FAMILLE,40
16758,1787,2201,FAMILLE,26
16759,1787,3957,FAMILLE,68
16760,2201,3957,FAMILLE,68
16761,449,1760,FAMILLE,87
16762,449,3160,FAMILLE,81
16763,449,4813,FAMILLE,60
16764,1760,3160,FAMILLE,36
16765,1760,4813,FAMILLE,24
16766,3160,4813,FAMILLE,22
16767,1629,1650,FAMILLE,58
16768,795,1092,FAMILLE,94
16769,292,3282,FAMILLE,57
16770,292,3968,FAMILLE,94
16771,3282,3968,FAMILLE,57
16772,503,1131,FAMILLE,27
16773,503,2030,FAMILLE,59
16774,1131,2030,FAMILLE,74
16775,3156,3716,FAMILLE,88
16776,496,499,FAMILLE,78
16777,496,3038,FAMILLE,76
16778,496,4700,FAMILLE,59
16779,499,3038,FAMILLE,43
16780,499,4700,FAMILLE,70
16781,3038,4700,FAMILLE,76
16782,3101,4157,FAMILLE,90
16783,3992,4461,FAMILLE,32
16784,419,4105,FAMILLE,84
16785,1252,2915,FAMILLE,62
16786,1477,3471,FAMILLE,73
16787,2115,2487,FAMILLE,76
16788,2115,4407,FAMILLE,62
16789,2487,4407,FAMILLE,23
16790,197,4196,FAMILLE,88
16791,197,4674,FAMILLE,92
16792,4196,4674,FAMILLE,87
16793,1570,2524,FAMILLE,92
16794,1966,1990,FAMILLE,44
16795,751,3025,FAMILLE,62
16796,751,3523,FAMILLE,89
16797,751,4023,FAMILLE,79
16798,3025,3523,FAMILLE,89
16799,3025,4023,FAMILLE,80
16800,3523,4023,FAMILLE,14
16801,574,1519,FAMILLE,29
16802,2070,3281,FAMILLE,85
16803,2421,2454,FAMILLE,59
16804,2104,2400,FAMILLE,27
16805,2104,4239,FAMILLE,32
16806,2400,4239,FAMILLE,26
16807,443,3619,FAMILLE,86
16808,1032,4295,FAMILLE,60
16809,4217,4856,FAMILLE,22
16810,3590,4254,FAMILLE,93
16811,3590,4901,FAMILLE,75
16812,4254,4901,FAMILLE,62
16813,1466,4620,FAMILLE,59
16814,2714,3026,FAMILLE,78
16815,379,2758,FAMILLE,42
16816,550,785,FAMILLE,56
16817,550,980,FAMILLE,59
16818,550,3125,FAMILLE,70
16819,785,980,FAMILLE,63
16820,785,3125,FAMILLE,59
16821,785,3912,FAMILLE,66
16822,980,3125,FAMILLE,80
16823,980,3912,FAMILLE,88
16824,3125,3912,FAMILLE,67
16825,955,3191,FAMILLE,83
16826,2136,3622,FAMILLE,87
16827,2136,4553,FAMILLE,55
16828,3622,4553,FAMILLE,89
16829,1436,4362,FAMILLE,62
16830,505,2227,FAMILLE,82
16831,505,2756,FAMILLE,85
16832,505,4596,FAMILLE,88
16833,2227,2756,FAMILLE,71
16834,2227,4596,FAMILLE,81
16835,2756,4596,FAMILLE,56
16836,509,3128,FAMILLE,72
16837,509,3197,FAMILLE,93
16838,509,4878,FAMILLE,61
16839,3128,3197,FAMILLE,61
16840,3128,4878,FAMILLE,83
16841,3197,4878,FAMILLE,75
16842,836,936,FAMILLE,25
16843,836,2116,FAMILLE,18
16844,836,4532,FAMILLE,61
16845,936,2116,FAMILLE,35
16846,936,4532,FAMILLE,69
16847,2116,4532,FAMILLE,86
16848,1457,3497,FAMILLE,72
16849,2003,3170,FAMILLE,70
16850,794,1467,FAMILLE,64
16851,794,1726,FAMILLE,81
16852,1467,1726,FAMILLE,19
16853,314,534,FAMILLE,91
16854,314,3663,FAMILLE,71
16855,534,3663,FAMILLE,87
16856,4400,4670,FAMILLE,73
16857,580,1398,FAMILLE,71
16858,2174,2518,FAMILLE,73
16859,4336,4894,FAMILLE,72
16860,1572,2134,FAMILLE,74
16861,1572,4024,FAMILLE,90
16862,2134,4024,FAMILLE,34
16863,991,3019,FAMILLE,56
16864,991,3961,FAMILLE,57
16865,3019,3961,FAMILLE,55
16866,3164,4945,FAMILLE,82
16867,1050,4924,FAMILLE,17
16868,851,2713,FAMILLE,70
16869,1364,2895,FAMILLE,88
16870,1364,3292,FAMILLE,60
16871,2895,3292,FAMILLE,61
16872,2848,4135,FAMILLE,58
16873,1517,3581,FAMILLE,66
16874,1517,4574,FAMILLE,58
16875,3581,4574,FAMILLE,32
16876,2521,4685,FAMILLE,35
16877,182,332,FAMILLE,62
16878,182,527,FAMILLE,75
16879,182,3615,FAMILLE,67
16880,332,527,FAMILLE,58
16881,332,3615,FAMILLE,73
16882,527,3615,FAMILLE,82
16883,2748,4379,FAMILLE,64
16884,3001,3489,FAMILLE,86
16885,3001,4273,FAMILLE,94
16886,3001,4787,FAMILLE,57
16887,3489,4273,FAMILLE,61
16888,3489,4787,FAMILLE,66
16889,4273,4787,FAMILLE,88
16890,1012,1870,FAMILLE,60
16891,2371,2604,FAMILLE,73
16892,2371,3233,FAMILLE,76
16893,2604,3233,FAMILLE,60
16894,2423,4316,FAMILLE,56
16895,1668,2510,FAMILLE,59
16896,1177,1240,FAMILLE,57
16897,1177,1674,FAMILLE,75
16898,1240,1674,FAMILLE,42
16899,2145,4473,FAMILLE,69
16900,2193,3033,FAMILLE,65
16901,3508,3820,FAMILLE,64
16902,3508,4922,FAMILLE,94
16903,3820,4922,FAMILLE,43
16904,119,4404,FAMILLE,80
16905,347,2771,FAMILLE,73
16906,403,2496,FAMILLE,61
16907,403,3463,FAMILLE,92
16908,2496,3463,FAMILLE,55
16909,2618,4540,FAMILLE,15
16910,1022,1736,FAMILLE,33
16911,722,905,FAMILLE,62
16912,722,4112,FAMILLE,59
16913,722,4271,FAMILLE,78
16914,905,4112,FAMILLE,10
16915,905,4271,FAMILLE,19
16916,905,4822,FAMILLE,32
16917,4112,4271,FAMILLE,16
16918,4112,4822,FAMILLE,36
16919,4271,4822,FAMILLE,13
16920,1008,3848,FAMILLE,79
16921,1008,4997,FAMILLE,58
16922,3848,4997,FAMILLE,84
16923,1921,4881,FAMILLE,85
16924,1067,3362,FAMILLE,86
16925,3519,4516,FAMILLE,19
16926,4718,4983,FAMILLE,64
16927,1061,2264,FAMILLE,44
16928,1061,4408,FAMILLE,84
16929,2264,4408,FAMILLE,62
16930,1288,2666,FAMILLE,56
16931,149,2210,FAMILLE,69
16932,206,2641,FAMILLE,81
16933,3564,3993,FAMILLE,69
16934,946,1717,FAMILLE,87
16935,946,3638,FAMILLE,75
16936,946,4096,FAMILLE,94
16937,1717,3638,FAMILLE,40
16938,1717,4096,FAMILLE,26
16939,3638,4096,FAMILLE,39
16940,3323,3742,FAMILLE,72
16941,3323,4040,FAMILLE,55
16942,3742,4040,FAMILLE,67
16943,310,1813,FAMILLE,24
16944,310,3990,FAMILLE,94
16945,1813,3990,FAMILLE,88
16946,95,4438,FAMILLE,15
16947,95,4767,FAMILLE,55
16948,4438,4767,FAMILLE,76
16949,186,4991,FAMILLE,76
16950,107,3888,FAMILLE,84
16951,107,4298,FAMILLE,65
16952,107,4569,FAMILLE,87
16953,3888,4298,FAMILLE,71
16954,3888,4569,FAMILLE,68
16955,4298,4569,FAMILLE,71
16956,2887,3492,FAMILLE,92
16957,2887,3800,FAMILLE,70
16958,3492,3800,FAMILLE,77
16959,623,2816,FAMILLE,41
16960,623,3561,FAMILLE,55
16961,2816,3561,FAMILLE,76
16962,276,3513,FAMILLE,83
16963,276,3524,FAMILLE,91
16964,3513,3524,FAMILLE,57
16965,254,1711,FAMILLE,84
16966,254,3998,FAMILLE,87
16967,1711,3998,FAMILLE,69
16968,2173,3008,FAMILLE,84
16969,2173,3556,FAMILLE,74
16970,2173,4091,FAMILLE,81
16971,3008,3556,FAMILLE,70
16972,3008,4091,FAMILLE,62
16973,3556,4091,FAMILLE,88
16974,1298,2075,FAMILLE,63
16975,749,3499,FAMILLE,16
16976,430,1538,FAMILLE,90
16977,430,4776,FAMILLE,92
16978,430,4907,FAMILLE,79
16979,1538,4776,FAMILLE,78
16980,1538,4907,FAMILLE,69
16981,4776,4907,FAMILLE,79
16982,521,1352,FAMILLE,79
16983,128,3252,FAMILLE,75
16984,1944,4388,FAMILLE,81
16985,1843,2692,FAMILLE,77
16986,1843,2821,FAMILLE,40
16987,2692,2821,FAMILLE,81
16988,1716,1751,FAMILLE,70
16989,838,3610,FAMILLE,81
16990,1058,1254,FAMILLE,18
16991,1058,2183,FAMILLE,63
16992,1058,2601,FAMILLE,88
16993,1254,2183,FAMILLE,78
16994,1254,2601,FAMILLE,57
16995,1254,3315,FAMILLE,22
16996,2183,2601,FAMILLE,94
16997,2183,3315,FAMILLE,80
16998,2601,3315,FAMILLE,89
16999,1191,2055,FAMILLE,76
17000,1191,3213,FAMILLE,56
17001,2055,3213,FAMILLE,62
17002,812,4589,FAMILLE,58
17003,900,1307,FAMILLE,84
17004,900,4329,FAMILLE,85
17005,1307,4329,FAMILLE,73
17006,311,2547,FAMILLE,83
17007,427,1840,FAMILLE,77
17008,369,1247,FAMILLE,84
17009,1216,2727,FAMILLE,81
17010,541,1970,FAMILLE,73
17011,541,3604,FAMILLE,81
17012,1970,3604,FAMILLE,67
17013,250,1199,FAMILLE,36
17014,468,2473,FAMILLE,91
17015,224,2745,FAMILLE,63
17016,224,4479,FAMILLE,81
17017,2745,4479,FAMILLE,59
17018,2506,4737,FAMILLE,70
17019,2639,3830,FAMILLE,81
17020,1920,3301,FAMILLE,66
17021,15,1989,FAMILLE,18
17022,2181,4409,FAMILLE,70
17023,2497,4494,FAMILLE,59
17024,768,1828,FAMILLE,80
17025,768,2103,FAMILLE,60
17026,768,2357,FAMILLE,68
17027,1828,2103,FAMILLE,67
17028,1828,2357,FAMILLE,93
17029,1828,2551,FAMILLE,94
17030,2103,2357,FAMILLE,12
17031,2103,2551,FAMILLE,15
17032,2357,2551,FAMILLE,35
17033,764,2266,FAMILLE,20
17034,645,3481,FAMILLE,80
17035,2545,2868,FAMILLE,91
17036,2545,3180,FAMILLE,61
17037,2868,3180,FAMILLE,93
17038,287,3017,FAMILLE,57
17039,287,4539,FAMILLE,64
17040,3017,4539,FAMILLE,75
17041,2599,3710,FAMILLE,40
17042,1816,2200,FAMILLE,77
17043,1816,4124,FAMILLE,60
17044,2200,4124,FAMILLE,64
17045,342,659,FAMILLE,85
17046,342,2039,FAMILLE,77
17047,659,2039,FAMILLE,55
17048,959,1479,FAMILLE,75
17049,959,1611,FAMILLE,71
17050,959,2172,FAMILLE,55
17051,1479,1611,FAMILLE,18
17052,1479,2172,FAMILLE,42
17053,1611,2172,FAMILLE,34
17054,229,3306,FAMILLE,57
17055,3343,3929,FAMILLE,10
17056,3343,4085,FAMILLE,22
17057,3929,4085,FAMILLE,26
17058,3032,3942,FAMILLE,73
17059,1170,4011,FAMILLE,34
17060,719,827,FAMILLE,61
17061,719,2166,FAMILLE,56
17062,827,2166,FAMILLE,81
17063,1154,1696,FAMILLE,90
17064,629,711,FAMILLE,61
17065,1231,1602,FAMILLE,69
17066,338,4712,FAMILLE,31
17067,1060,1616,FAMILLE,61
17068,1060,1781,FAMILLE,89
17069,1060,4720,FAMILLE,64
17070,1616,1781,FAMILLE,76
17071,1616,4720,FAMILLE,68
17072,1781,4720,FAMILLE,81
17073,621,1544,FAMILLE,62
17074,621,4637,FAMILLE,58
17075,1544,4637,FAMILLE,75
17076,1834,4903,FAMILLE,89
17077,642,4430,FAMILLE,80
17078,642,4503,FAMILLE,85
17079,4430,4503,FAMILLE,25
17080,272,710,FAMILLE,60
17081,272,4283,FAMILLE,24
17082,710,4283,FAMILLE,94
17083,1337,2523,FAMILLE,37
17084,1337,2552,FAMILLE,34
17085,1337,2851,FAMILLE,20
17086,2523,2552,FAMILLE,30
17087,2523,2851,FAMILLE,31
17088,2523,3293,FAMILLE,81
17089,2552,2851,FAMILLE,41
17090,2552,3293,FAMILLE,82
17091,2851,3293,FAMILLE,63
17092,542,4402,FAMILLE,63
17093,565,2936,FAMILLE,31
17094,3647,4840,FAMILLE,89
17095,3988,4043,FAMILLE,92
17096,910,2027,FAMILLE,79
17097,1135,1892,FAMILLE,76
17098,2944,4654,FAMILLE,87
17099,309,3597,FAMILLE,94
17100,731,1370,FAMILLE,56
17101,731,4714,FAMILLE,67
17102,1370,4714,FAMILLE,68
17103,1214,1579,FAMILLE,29
17104,1214,4932,FAMILLE,66
17105,1579,4932,FAMILLE,67
17106,322,2418,FAMILLE,55
17107,322,3010,FAMILLE,55
17108,322,4514,FAMILLE,72
17109,2418,3010,FAMILLE,44
17110,2418,4514,FAMILLE,66
17111,3010,4514,FAMILLE,64
17112,112,1026,FAMILLE,65
17113,16,1847,FAMILLE,93
17114,471,1900,FAMILLE,33
17115,471,2189,FAMILLE,32
17116,1900,2189,FAMILLE,16
17117,4224,4879,FAMILLE,41
17118,701,3360,FAMILLE,62
17119,348,601,FAMILLE,43
17120,348,2208,FAMILLE,43
17121,348,2746,FAMILLE,29
17122,601,2208,FAMILLE,40
17123,601,2746,FAMILLE,44
17124,601,4624,FAMILLE,78
17125,2208,2746,FAMILLE,36
17126,2208,4624,FAMILLE,78
17127,2746,4624,FAMILLE,75
17128,329,1073,FAMILLE,68
17129,1077,1086,FAMILLE,32
17130,1077,1405,FAMILLE,65
17131,1077,2595,FAMILLE,62
17132,1086,1405,FAMILLE,66
17133,1086,2595,FAMILLE,55
17134,1086,3824,FAMILLE,42
17135,1405,2595,FAMILLE,65
17136,1405,3824,FAMILLE,86
17137,2595,3824,FAMILLE,72
17138,765,3080,FAMILLE,68
17139,784,3305,FAMILLE,64
17140,784,4237,FAMILLE,87
17141,3305,4237,FAMILLE,75
17142,3024,3137,FAMILLE,72
17143,524,2375,FAMILLE,81
17144,524,4387,FAMILLE,87
17145,2375,4387,FAMILLE,32
17146,906,3822,FAMILLE,73
17147,906,4915,FAMILLE,90
17148,3822,4915,FAMILLE,90
17149,1645,2793,FAMILLE,93
17150,1645,3287,FAMILLE,13
17151,2793,3287,FAMILLE,90
17152,1187,1630,FAMILLE,62
17153,1187,3655,FAMILLE,31
17154,1187,4978,FAMILLE,33
17155,1630,3655,FAMILLE,63
17156,1630,4978,FAMILLE,55
17157,3655,4978,FAMILLE,43
17158,1178,1578,FAMILLE,90
17159,1178,3439,FAMILLE,61
17160,1578,3439,FAMILLE,79
17161,4309,4421,FAMILLE,61
17162,743,1588,FAMILLE,77
17163,825,1694,FAMILLE,67
17164,383,2198,FAMILLE,85
17165,1068,3646,FAMILLE,30
17166,1068,4286,FAMILLE,27
17167,3646,4286,FAMILLE,33
17168,2457,4209,FAMILLE,74
17169,4046,4361,FAMILLE,55
17170,2004,4035,FAMILLE,30
17171,2185,2517,FAMILLE,86
17172,2185,4986,FAMILLE,74
17173,2517,4986,FAMILLE,62
17174,198,548,FAMILLE,55
17175,198,3395,FAMILLE,20
17176,198,4478,FAMILLE,85
17177,548,3395,FAMILLE,67
17178,548,4478,FAMILLE,93
17179,3395,4478,FAMILLE,68
17180,636,2673,FAMILLE,72
17181,636,3808,FAMILLE,85
17182,2673,3808,FAMILLE,79
17183,3427,3892,FAMILLE,56
17184,1529,1681,FAMILLE,58
17185,1529,4197,FAMILLE,62
17186,1681,4197,FAMILLE,89
17187,1305,1672,FAMILLE,10
17188,1305,2903,FAMILLE,12
17189,1672,2903,FAMILLE,37
17190,1136,3208,FAMILLE,79
17191,1136,4122,FAMILLE,94
17192,3208,4122,FAMILLE,63
17193,92,316,FAMILLE,33
17194,92,1534,FAMILLE,14
17195,316,1534,FAMILLE,30
17196,3743,4513,FAMILLE,59
17197,3743,4891,FAMILLE,41
17198,4513,4891,FAMILLE,71
17199,3099,3129,FAMILLE,65
17200,813,2645,FAMILLE,44
17201,696,1733,FAMILLE,57
17202,67,435,FAMILLE,86
17203,67,3680,FAMILLE,75
17204,67,4075,FAMILLE,82
17205,435,3680,FAMILLE,65
17206,435,4075,FAMILLE,90
17207,435,4551,FAMILLE,73
17208,3680,4075,FAMILLE,24
17209,3680,4551,FAMILLE,25
17210,4075,4551,FAMILLE,20
17211,1200,4701,FAMILLE,21
17212,6,4049,FAMILLE,14
17213,1561,3833,FAMILLE,74
17214,43,4774,FAMILLE,73
17215,1649,4137,FAMILLE,23
17216,428,2297,FAMILLE,94
17217,428,2700,FAMILLE,59
17218,2297,2700,FAMILLE,91
17219,570,3336,FAMILLE,89
17220,2637,2964,FAMILLE,10
17221,2637,3351,FAMILLE,83
17222,2637,3403,FAMILLE,17
17223,2964,3351,FAMILLE,56
17224,2964,3403,FAMILLE,40
17225,3351,3403,FAMILLE,59
17226,2436,2863,FAMILLE,66
17227,2436,3074,FAMILLE,58
17228,2863,3074,FAMILLE,14
17229,318,1116,FAMILLE,57
17230,3088,4276,FAMILLE,88
17231,3088,4433,FAMILLE,57
17232,4276,4433,FAMILLE,85
17233,274,3811,FAMILLE,61
17234,738,2581,FAMILLE,91
17235,291,1823,FAMILLE,88
17236,2947,3071,FAMILLE,80
17237,156,606,FAMILLE,88
17238,156,1546,FAMILLE,66
17239,606,1546,FAMILLE,86
17240,180,2729,FAMILLE,63
17241,180,3339,FAMILLE,79
17242,180,3759,FAMILLE,91
17243,2729,3339,FAMILLE,35
17244,2729,3759,FAMILLE,65
17245,3339,3759,FAMILLE,84
17246,70,1354,FAMILLE,90
17247,1829,2294,FAMILLE,90
17248,630,953,FAMILLE,84
17249,1928,3046,FAMILLE,35
17250,2977,4940,FAMILLE,37
17251,935,2806,FAMILLE,84
17252,935,3286,FAMILLE,60
17253,2806,3286,FAMILLE,38
17254,1914,3909,FAMILLE,62
17255,1914,4964,FAMILLE,29
17256,3909,4964,FAMILLE,68
17257,170,470,FAMILLE,63
17258,1097,2464,FAMILLE,66
17259,1097,3847,FAMILLE,58
17260,2464,3847,FAMILLE,25
17261,2462,3916,FAMILLE,71
17262,1129,1481,FAMILLE,71
17263,370,3189,FAMILLE,13
17264,4347,4457,FAMILLE,31
17265,1238,4587,FAMILLE,61
17266,493,3714,FAMILLE,89
17267,493,4469,FAMILLE,10
17268,3714,4469,FAMILLE,57
17269,2171,2904,FAMILLE,20
17270,124,478,FAMILLE,71
17271,124,1908,FAMILLE,93
17272,124,2570,FAMILLE,76
17273,478,1908,FAMILLE,70
17274,478,2570,FAMILLE,88
17275,1908,2570,FAMILLE,64
17276,712,1353,FAMILLE,41
17277,712,3021,FAMILLE,24
17278,1353,3021,FAMILLE,20
17279,2854,4512,FAMILLE,20
17280,769,4663,FAMILLE,10
17281,1284,1653,FAMILLE,81
17282,1284,4984,FAMILLE,78
17283,1653,4984,FAMILLE,32
17284,1993,3605,FAMILLE,32
17285,24,1404,FAMILLE,56
17286,24,2354,FAMILLE,90
17287,1404,2354,FAMILLE,27
17288,1784,2129,FAMILLE,82
17289,1784,2366,FAMILLE,56
17290,1784,3884,FAMILLE,85
17291,2129,2366,FAMILLE,82
17292,2129,3884,FAMILLE,69
17293,2366,3884,FAMILLE,92
17294,934,3204,FAMILLE,32
17295,848,2206,FAMILLE,41
17296,596,4004,FAMILLE,87
17297,241,2478,FAMILLE,63
17298,241,2961,FAMILLE,94
17299,2478,2961,FAMILLE,84
17300,56,4511,FAMILLE,62
17301,3861,4968,FAMILLE,86
17302,3238,3606,FAMILLE,72
17303,1347,1858,FAMILLE,89
17304,631,3839,FAMILLE,61
17305,2217,2640,FAMILLE,65
17306,1799,2254,FAMILLE,22
17307,1227,3933,FAMILLE,25
17308,3752,4688,FAMILLE,80
17309,3752,4764,FAMILLE,63
17310,4688,4764,FAMILLE,83
17311,225,4234,FAMILLE,10
17312,1814,2015,FAMILLE,68
17313,97,1979,FAMILLE,33
17314,555,4281,FAMILLE,65
17315,1882,4364,FAMILLE,72
17316,1882,4576,FAMILLE,79
17317,4364,4576,FAMILLE,64
17318,1617,3546,FAMILLE,93
17319,1617,4018,FAMILLE,39
17320,3546,4018,FAMILLE,93
17321,400,2763,FAMILLE,74
17322,993,4558,FAMILLE,68
17323,943,4167,FAMILLE,44
17324,594,3232,FAMILLE,84
17325,594,4780,FAMILLE,37
17326,3232,4780,FAMILLE,62
17327,500,1459,FAMILLE,89
17328,500,1783,FAMILLE,76
17329,1459,1783,FAMILLE,85
17330,13,1715,FAMILLE,88
17331,13,3722,FAMILLE,13
17332,1715,3722,FAMILLE,58
17333,3973,4328,FAMILLE,12
17334,3973,4696,FAMILLE,32
17335,4328,4696,FAMILLE,42
17336,1929,3158,FAMILLE,56
17337,1066,2412,FAMILLE,60
17338,1066,3723,FAMILLE,74
17339,1066,4086,FAMILLE,70
17340,2412,3723,FAMILLE,59
17341,2412,4086,FAMILLE,79
17342,3723,4086,FAMILLE,91
17343,2274,4184,FAMILLE,63
17344,1338,2814,FAMILLE,55
17345,1338,3013,FAMILLE,64
17346,2814,3013,FAMILLE,62
17347,3185,4416,FAMILLE,73
17348,1951,2707,FAMILLE,13
17349,1951,3105,FAMILLE,69
17350,2707,3105,FAMILLE,59
17351,990,1438,FAMILLE,33
17352,2010,3514,FAMILLE,26
17353,2788,4955,FAMILLE,58
17354,938,1273,FAMILLE,56
17355,690,2242,FAMILLE,74
17356,690,2974,FAMILLE,78
17357,2242,2974,FAMILLE,61
17358,2787,3042,FAMILLE,67
17359,2787,4606,FAMILLE,79
17360,3042,4606,FAMILLE,73
17361,705,2561,FAMILLE,59
17362,1372,1964,FAMILLE,70
17363,1372,2872,FAMILLE,16
17364,1964,2872,FAMILLE,92
17365,476,2178,FAMILLE,87
17366,476,4304,FAMILLE,20
17367,2178,4304,FAMILLE,64
17368,17,2677,FAMILLE,14
17369,17,4133,FAMILLE,84
17370,2677,4133,FAMILLE,91
17371,2469,2530,FAMILLE,65
17372,3522,4554,FAMILLE,80
17373,1707,2391,FAMILLE,64
17374,1707,3200,FAMILLE,91
17375,2391,3200,FAMILLE,66
17376,144,1778,FAMILLE,58
17377,144,2435,FAMILLE,90
17378,1778,2435,FAMILLE,92
17379,1107,4711,FAMILLE,70
17380,62,614,FAMILLE,91
17381,1194,2059,FAMILLE,64
17382,1194,4454,FAMILLE,65
17383,2059,4454,FAMILLE,28
17384,773,799,FAMILLE,79
17385,773,1773,FAMILLE,23
17386,799,1773,FAMILLE,86
17387,4460,4899,FAMILLE,86
17388,91,1535,FAMILLE,59
17389,91,2892,FAMILLE,94
17390,91,4417,FAMILLE,61
17391,1535,2892,FAMILLE,76
17392,1535,4417,FAMILLE,71
17393,2892,4417,FAMILLE,73
17394,949,1917,FAMILLE,60
17395,949,2131,FAMILLE,68
17396,949,3366,FAMILLE,56
17397,1917,2131,FAMILLE,93
17398,1917,3366,FAMILLE,60
17399,2131,3366,FAMILLE,26
17400,3151,4280,FAMILLE,63
17401,961,1907,FAMILLE,62
17402,793,1100,FAMILLE,70
17403,793,3814,FAMILLE,93
17404,1100,3814,FAMILLE,74
17405,940,1437,FAMILLE,93
17406,940,4235,FAMILLE,88
17407,1437,4235,FAMILLE,72
17408,359,1189,FAMILLE,41
17409,359,2615,FAMILLE,68
17410,359,2693,FAMILLE,75
17411,1189,2615,FAMILLE,82
17412,1189,2693,FAMILLE,78
17413,2615,2693,FAMILLE,88
17414,3464,3570,FAMILLE,61
17415,3325,3474,FAMILLE,74
17416,1469,4405,FAMILLE,81
17417,2105,4951,FAMILLE,68
17418,1242,4791,FAMILLE,89
17419,486,2560,FAMILLE,67
17420,1731,3794,FAMILLE,67
17421,1445,3838,FAMILLE,68
17422,358,388,FAMILLE,82
17423,358,1643,FAMILLE,59
17424,388,1643,FAMILLE,60
17425,997,2152,FAMILLE,86
17426,997,2782,FAMILLE,63
17427,997,4343,FAMILLE,59
17428,2152,2782,FAMILLE,19
17429,2152,4343,FAMILLE,23
17430,2782,4343,FAMILLE,11
17431,724,4186,FAMILLE,88
17432,700,2508,FAMILLE,59
17433,700,2817,FAMILLE,71
17434,700,4127,FAMILLE,63
17435,2508,2817,FAMILLE,66
17436,2508,4127,FAMILLE,11
17437,2817,4127,FAMILLE,92
17438,1861,2053,FAMILLE,42
17439,1861,3093,FAMILLE,60
17440,2053,3093,FAMILLE,62
17441,2616,3096,FAMILLE,40
17442,2616,4727,FAMILLE,24
17443,3096,4727,FAMILLE,12
17444,2327,3897,FAMILLE,60
17445,2983,4917,FAMILLE,24
17446,945,2160,FAMILLE,77
17447,945,2405,FAMILLE,80
17448,945,3484,FAMILLE,61
17449,2160,2405,FAMILLE,69
17450,2160,3484,FAMILLE,65
17451,2160,4902,FAMILLE,76
17452,2405,3484,FAMILLE,67
17453,2405,4902,FAMILLE,63
17454,3484,4902,FAMILLE,38
17455,2121,4272,FAMILLE,29
17456,2121,4648,FAMILLE,26
17457,4272,4648,FAMILLE,14
17458,1275,4730,FAMILLE,57
17459,1275,4731,FAMILLE,86
17460,4730,4731,FAMILLE,93
17461,4769,4869,FAMILLE,78
17462,1737,1898,FAMILLE,56
17463,1737,3236,FAMILLE,74
17464,1898,3236,FAMILLE,66
17465,1658,2007,FAMILLE,57
17466,137,3889,FAMILLE,60
17467,137,4384,FAMILLE,74
17468,3889,4384,FAMILLE,72
17469,4376,4545,FAMILLE,77
17470,1390,1853,FAMILLE,82
17471,1390,4482,FAMILLE,65
17472,1853,4482,FAMILLE,66
17473,1210,2989,FAMILLE,82
17474,1210,4630,FAMILLE,62
17475,2989,4630,FAMILLE,58
17476,1449,2106,FAMILLE,89
17477,1449,4027,FAMILLE,63
17478,1449,4698,FAMILLE,59
17479,2106,4027,FAMILLE,84
17480,2106,4698,FAMILLE,76
17481,4027,4698,FAMILLE,15
17482,2419,4842,FAMILLE,39
17483,420,2261,FAMILLE,18
17484,420,2630,FAMILLE,33
17485,420,4649,FAMILLE,32
17486,2261,2630,FAMILLE,39
17487,2261,4649,FAMILLE,35
17488,2630,4649,FAMILLE,34
17489,1894,2761,FAMILLE,57
17490,1386,2775,FAMILLE,42
17491,1386,4705,FAMILLE,14
17492,2775,4705,FAMILLE,18
17493,626,4449,FAMILLE,72
17494,1833,3955,FAMILLE,66
17495,698,2955,FAMILLE,78
17496,747,3177,FAMILLE,57
17497,713,1283,FAMILLE,73
17498,2733,4335,FAMILLE,22
17499,922,1480,FAMILLE,80
17500,922,2219,FAMILLE,75
17501,1480,2219,FAMILLE,85
17502,1043,3043,FAMILLE,61
17503,1043,3100,FAMILLE,92
17504,1043,4146,FAMILLE,70
17505,3043,3100,FAMILLE,68
17506,3043,4146,FAMILLE,76
17507,3100,4146,FAMILLE,61
17508,1490,4389,FAMILLE,38
17509,1661,3926,FAMILLE,65
17510,2566,3465,FAMILLE,42
17511,2080,2493,FAMILLE,15
17512,2080,2986,FAMILLE,40
17513,2493,2986,FAMILLE,23
17514,2594,2907,FAMILLE,79
17515,2594,4828,FAMILLE,89
17516,2907,4828,FAMILLE,60
17517,569,1888,FAMILLE,22
17518,569,1976,FAMILLE,92
17519,1888,1976,FAMILLE,60
17520,2651,4754,FAMILLE,59
17521,872,4832,FAMILLE,75
17522,797,3175,FAMILLE,55
17523,723,1463,FAMILLE,44
17524,723,3103,FAMILLE,91
17525,1463,3103,FAMILLE,62
17526,3843,3878,FAMILLE,61
17527,3843,4615,FAMILLE,86
17528,3878,4615,FAMILLE,75
17529,461,3424,FAMILLE,87
17530,4029,4268,FAMILLE,93
17531,1070,3181,FAMILLE,24
17532,766,4442,FAMILLE,65
17533,520,612,FAMILLE,79
17534,520,3423,FAMILLE,80
17535,520,4312,FAMILLE,72
17536,612,3423,FAMILLE,66
17537,612,4312,FAMILLE,65
17538,3423,4312,FAMILLE,75
17539,296,1777,FAMILLE,72
17540,296,3774,FAMILLE,26
17541,1777,3774,FAMILLE,58
17542,133,840,FAMILLE,90
17543,133,3107,FAMILLE,83
17544,133,4117,FAMILLE,91
17545,840,3107,FAMILLE,88
17546,840,4117,FAMILLE,79
17547,3107,4117,FAMILLE,67
17548,1029,3572,FAMILLE,81
17549,418,1171,FAMILLE,77
17550,418,1924,FAMILLE,91
17551,1171,1924,FAMILLE,64
17552,1518,4215,FAMILLE,56
17553,2207,3152,FAMILLE,60
17554,2207,4801,FAMILLE,62
17555,3152,4801,FAMILLE,81
17556,49,2773,FAMILLE,15
17557,49,4045,FAMILLE,14
17558,49,4834,FAMILLE,23
17559,2773,4045,FAMILLE,37
17560,2773,4834,FAMILLE,24
17561,4045,4834,FAMILLE,19
17562,306,4821,FAMILLE,66
17563,3354,4483,FAMILLE,87
17564,1461,3365,FAMILLE,72
17565,438,1207,FAMILLE,69
17566,1063,4187,FAMILLE,85
17567,2052,2850,FAMILLE,22
17568,2052,3960,FAMILLE,22
17569,2052,4320,FAMILLE,85
17570,2850,3960,FAMILLE,21
17571,2850,4320,FAMILLE,75
17572,3960,4320,FAMILLE,81
17573,989,1280,FAMILLE,63
17574,989,4824,FAMILLE,60
17575,1280,4824,FAMILLE,89
17576,1994,3658,FAMILLE,66
17577,1049,1753,FAMILLE,68
17578,3991,4498,FAMILLE,78
17579,203,3250,FAMILLE,13
17580,1491,1526,FAMILLE,56
17581,3035,3865,FAMILLE,71
17582,1137,2212,FAMILLE,93
17583,1137,4757,FAMILLE,30
17584,2212,4757,FAMILLE,78
17585,1638,3569,FAMILLE,79
17586,2683,3580,FAMILLE,89
17587,411,3735,FAMILLE,39
17588,1327,2313,FAMILLE,55
17589,928,3068,FAMILLE,76
17590,928,3628,FAMILLE,76
17591,928,4242,FAMILLE,63
17592,3068,3628,FAMILLE,94
17593,3068,4242,FAMILLE,65
17594,3628,4242,FAMILLE,88
17595,1396,4241,FAMILLE,59
17596,323,837,FAMILLE,79
17597,323,4633,FAMILLE,84
17598,837,4633,FAMILLE,75
17599,2514,2917,FAMILLE,59
17600,2514,4788,FAMILLE,59
17601,2917,4788,FAMILLE,79
17602,3302,4627,FAMILLE,89
17603,1513,4896,FAMILLE,78
17604,3779,4289,FAMILLE,59
17605,289,2536,FAMILLE,86
17606,2553,3672,FAMILLE,26
17607,2553,4303,FAMILLE,57
17608,3672,4303,FAMILLE,69
17609,1452,4260,FAMILLE,63
17610,2794,2926,FAMILLE,94
17611,2794,3352,FAMILLE,91
17612,2794,4966,FAMILLE,59
17613,2926,3352,FAMILLE,77
17614,2926,4966,FAMILLE,55
17615,3352,4966,FAMILLE,73
17616,30,695,FAMILLE,61
17617,2909,3468,FAMILLE,84
17618,2118,4775,FAMILLE,57
17619,1206,2526,FAMILLE,91
17620,654,1034,FAMILLE,64
17621,654,3387,FAMILLE,65
17622,654,4172,FAMILLE,90
17623,1034,3387,FAMILLE,41
17624,1034,4172,FAMILLE,58
17625,3387,4172,FAMILLE,59
17626,3894,4565,FAMILLE,89
17627,1755,3986,FAMILLE,94
17628,1124,2720,FAMILLE,74
17629,973,3618,FAMILLE,61
17630,973,4874,FAMILLE,61
17631,3618,4874,FAMILLE,65
17632,1871,3717,FAMILLE,82
17633,1871,4690,FAMILLE,58
17634,3717,4690,FAMILLE,32
17635,2705,4559,FAMILLE,38
17636,2705,4786,FAMILLE,60
17637,4559,4786,FAMILLE,94
17638,450,481,FAMILLE,94
17639,450,1923,FAMILLE,66
17640,481,1923,FAMILLE,59
17641,258,4104,FAMILLE,68
17642,1033,2951,FAMILLE,65
17643,678,4344,FAMILLE,66
17644,1394,3539,FAMILLE,91
17645,2559,3058,FAMILLE,15
17646,2559,3224,FAMILLE,67
17647,3058,3224,FAMILLE,86
17648,1103,1117,FAMILLE,57
17649,2021,3812,FAMILLE,57
17650,2021,4366,FAMILLE,67
17651,3812,4366,FAMILLE,93
17652,787,4324,FAMILLE,88
17653,1742,4702,FAMILLE,92
17654,921,2362,FAMILLE,89
17655,921,3904,FAMILLE,14
17656,2362,3904,FAMILLE,71
17657,2287,4410,FAMILLE,76
17658,2243,3115,FAMILLE,61
17659,1682,3817,FAMILLE,94
17660,4348,4487,FAMILLE,31
17661,162,1739,FAMILLE,89
17662,162,3421,FAMILLE,65
17663,1739,3421,FAMILLE,83
17664,1314,1541,FAMILLE,59
17665,1314,3186,FAMILLE,55
17666,1314,4159,FAMILLE,80
17667,1541,3186,FAMILLE,12
17668,1541,4159,FAMILLE,19
17669,1541,4566,FAMILLE,86
17670,3186,4159,FAMILLE,27
17671,3186,4566,FAMILLE,70
17672,4159,4566,FAMILLE,66
17673,243,2588,FAMILLE,81
17674,243,3686,FAMILLE,93
17675,2588,3686,FAMILLE,84
17676,42,4228,FAMILLE,69
17677,2373,4707,FAMILLE,71
17678,727,2099,FAMILLE,13
17679,3047,3064,FAMILLE,60
17680,992,1768,FAMILLE,65
17681,992,1878,FAMILLE,70
17682,1768,1878,FAMILLE,44
17683,205,583,FAMILLE,89
17684,205,2190,FAMILLE,13
17685,583,2190,FAMILLE,68
17686,463,1450,FAMILLE,57
17687,2135,3799,FAMILLE,57
17688,3782,4643,FAMILLE,69
17689,1656,4213,FAMILLE,93
17690,447,2177,FAMILLE,16
17691,447,4895,FAMILLE,82
17692,2177,4895,FAMILLE,70
17693,1632,2966,FAMILLE,28
17694,1632,3951,FAMILLE,40
17695,2966,3951,FAMILLE,39
17696,462,3386,FAMILLE,88
17697,3563,4877,FAMILLE,24
17698,1502,4258,FAMILLE,56
17699,1104,2154,FAMILLE,94
17700,1104,4981,FAMILLE,94
17701,2154,4981,FAMILLE,89
17702,1134,1511,FAMILLE,74
17703,1134,4119,FAMILLE,19
17704,1511,4119,FAMILLE,61
17705,1158,4510,FAMILLE,22
17706,220,325,FAMILLE,68
17707,220,2912,FAMILLE,66
17708,220,3479,FAMILLE,93
17709,325,2912,FAMILLE,81
17710,325,3479,FAMILLE,63
17711,2912,3479,FAMILLE,80
17712,1497,3242,FAMILLE,83
17713,1497,4435,FAMILLE,75
17714,3242,4435,FAMILLE,92
17715,2482,3908,FAMILLE,93
17716,57,1991,FAMILLE,72
17717,57,2087,FAMILLE,26
17718,57,2653,FAMILLE,63
17719,1991,2087,FAMILLE,86
17720,1991,2653,FAMILLE,92
17721,2087,2653,FAMILLE,81
17722,3389,4818,FAMILLE,63
17723,4179,4892,FAMILLE,75
17724,1804,3375,FAMILLE,37
17725,1901,3745,FAMILLE,56
17726,1062,3138,FAMILLE,78
17727,2374,3449,FAMILLE,81
17728,2291,2829,FAMILLE,76
17729,3229,4863,FAMILLE,80
17730,1075,1992,FAMILLE,90
17731,862,3458,FAMILLE,59
17732,1474,3712,FAMILLE,77
17733,2268,3566,FAMILLE,86
17734,1723,1817,FAMILLE,87
17735,1161,2586,FAMILLE,73
17736,3023,4739,FAMILLE,94
17737,3541,4385,FAMILLE,67
17738,616,2583,FAMILLE,72
17739,1016,2918,FAMILLE,87
17740,1016,2982,FAMILLE,72
17741,1016,4728,FAMILLE,68
17742,2918,2982,FAMILLE,77
17743,2918,4728,FAMILLE,79
17744,2982,4728,FAMILLE,93
17745,1039,2443,FAMILLE,31
17746,1039,3326,FAMILLE,62
17747,1039,3609,FAMILLE,57
17748,2443,3326,FAMILLE,93
17749,2443,3609,FAMILLE,71
17750,2443,3818,FAMILLE,63
17751,3326,3609,FAMILLE,63
17752,3326,3818,FAMILLE,59
17753,3609,3818,FAMILLE,62
17754,27,4246,FAMILLE,86
17755,151,2975,FAMILLE,81
17756,2298,4292,FAMILLE,30
17757,1020,3588,FAMILLE,55
17758,1020,4314,FAMILLE,81
17759,3588,4314,FAMILLE,93
17760,2108,2187,FAMILLE,91
17761,2108,3261,FAMILLE,23
17762,2187,3261,FAMILLE,79
17763,341,1328,FAMILLE,66
17764,341,2516,FAMILLE,90
17765,1328,2516,FAMILLE,91
17766,1018,2815,FAMILLE,63
17767,1018,3207,FAMILLE,74
17768,2815,3207,FAMILLE,64
17769,4590,4928,FAMILLE,79
17770,1232,2453,FAMILLE,20
17771,1236,2250,FAMILLE,34
17772,466,2625,FAMILLE,94
17773,466,4989,FAMILLE,89
17774,2625,4989,FAMILLE,62
17775,273,355,FAMILLE,14
17776,3222,4734,FAMILLE,38
17777,1811,4381,BUSINESS,64
17778,4381,1750,BUSINESS,52
17779,1750,2043,BUSINESS,71
17780,2043,1020,BUSINESS,67
17781,1020,3946,BUSINESS,86
17782,3946,345,BUSINESS,85
17783,345,3963,BUSINESS,36
17784,3963,1469,BUSINESS,56
17785,1469,1968,BUSINESS,78
17786,1968,2836,BUSINESS,23
17787,2836,1575,BUSINESS,81
17788,1575,799,BUSINESS,72
17789,799,2823,BUSINESS,63
17790,2823,2360,BUSINESS,54
17791,2360,3434,BUSINESS,35
17792,3434,348,BUSINESS,30
17793,348,4975,BUSINESS,22
17794,4975,1675,BUSINESS,74
17795,1675,831,BUSINESS,60
17796,831,4624,BUSINESS,55
17797,4624,4147,BUSINESS,54
17798,4147,2003,BUSINESS,74
17799,2003,2674,BUSINESS,51
17800,2674,4863,BUSINESS,25
17801,4863,4112,BUSINESS,23
17802,4112,4359,BUSINESS,73
17803,4359,4201,BUSINESS,55
17804,4201,2746,BUSINESS,53
17805,2746,1376,BUSINESS,40
17806,1376,1310,BUSINESS,69
17807,1310,747,BUSINESS,51
17808,747,2040,BUSINESS,59
17809,2040,4395,BUSINESS,57
17810,4395,3543,BUSINESS,75
17811,3543,3832,BUSINESS,75
17812,3832,32,BUSINESS,78
17813,32,58,BUSINESS,53
17814,58,78,BUSINESS,82
17815,78,2568,BUSINESS,23
17816,2568,228,BUSINESS,54
17817,228,334,BUSINESS,49
17818,334,3658,BUSINESS,67
17819,3658,4840,BUSINESS,79
17820,4840,222,BUSINESS,75
17821,222,4265,BUSINESS,79
17822,4265,3357,BUSINESS,15
17823,3357,2456,BUSINESS,53
17824,2456,688,BUSINESS,84
17825,688,4847,BUSINESS,79
17826,4847,1951,BUSINESS,73
17827,1951,2286,BUSINESS,61
17828,2286,3461,BUSINESS,66
17829,3461,4912,BUSINESS,30
17830,4912,1407,BUSINESS,32
17831,1407,724,BUSINESS,40
17832,724,657,BUSINESS,45
17833,657,2362,BUSINESS,64
17834,2362,1507,BUSINESS,81
17835,1507,3120,BUSINESS,18
17836,3120,3121,BUSINESS,80
17837,3121,1421,BUSINESS,75
17838,1421,2554,BUSINESS,69
17839,2554,1309,BUSINESS,64
17840,1309,291,BUSINESS,64
17841,291,3170,BUSINESS,63
17842,3170,1044,BUSINESS,85
17843,1044,2486,BUSINESS,51
17844,2486,625,BUSINESS,74
17845,625,2858,BUSINESS,87
17846,2858,312,BUSINESS,70
17847,312,2501,BUSINESS,74
17848,2501,967,BUSINESS,72
17849,967,4852,BUSINESS,69
17850,4852,2156,BUSINESS,40
17851,2156,2534,BUSINESS,51
17852,2534,953,BUSINESS,43
17853,953,4614,BUSINESS,82
17854,4614,1095,BUSINESS,71
17855,1095,607,BUSINESS,79
17856,607,630,BUSINESS,83
17857,1002,1468,BUSINESS,54
17858,1468,3369,BUSINESS,63
17859,3369,229,BUSINESS,75
17860,229,4555,BUSINESS,75
17861,4555,4419,BUSINESS,63
17862,4419,1305,BUSINESS,65
17863,1305,479,BUSINESS,18
17864,479,2125,BUSINESS,15
17865,2125,4463,BUSINESS,86
17866,4463,1500,BUSINESS,58
17867,1500,2603,BUSINESS,52
17868,2603,3380,BUSINESS,51
17869,3380,2634,BUSINESS,87
17870,2634,3768,BUSINESS,66
17871,3768,3592,BUSINESS,47
17872,3592,4569,BUSINESS,48
17873,4569,3930,BUSINESS,29
17874,3930,3642,BUSINESS,44
17875,3642,651,BUSINESS,62
17876,651,3145,BUSINESS,79
17877,3145,3508,BUSINESS,86
17878,3508,4296,BUSINESS,80
17879,4296,812,BUSINESS,77
17880,812,1789,BUSINESS,64
17881,1789,4066,BUSINESS,54
17882,4066,4212,BUSINESS,69
17883,4212,3207,BUSINESS,54
17884,3207,127,BUSINESS,69
17885,127,2752,BUSINESS,83
17886,2752,206,BUSINESS,54
17887,206,457,BUSINESS,84
17888,457,3054,BUSINESS,72
17889,3054,1448,BUSINESS,16
17890,1448,4845,BUSINESS,77
17891,4845,365,BUSINESS,50
17892,365,3559,BUSINESS,73
17893,3559,3396,BUSINESS,69
17894,3396,1272,BUSINESS,78
17895,1272,1672,BUSINESS,30
17896,1672,107,BUSINESS,54
17897,107,3739,BUSINESS,64
17898,3739,2682,BUSINESS,78
17899,2682,1403,BUSINESS,86
17900,1403,1846,BUSINESS,23
17901,1846,4916,BUSINESS,29
17902,4916,4441,BUSINESS,50
17903,4441,2812,BUSINESS,27
17904,2812,911,BUSINESS,24
17905,911,2565,BUSINESS,48
17906,2565,4058,BUSINESS,68
17907,4058,3584,BUSINESS,72
17908,3584,1363,BUSINESS,68
17909,1363,3180,BUSINESS,72
17910,3180,726,BUSINESS,60
17911,726,4333,BUSINESS,77
17912,4333,3537,BUSINESS,63
17913,3537,2234,BUSINESS,35
17914,2234,825,BUSINESS,22
17915,825,2680,BUSINESS,50
17916,2680,1316,BUSINESS,71
17917,1316,2349,BUSINESS,55
17918,2349,2150,BUSINESS,51
17919,2150,2254,BUSINESS,53
17920,2254,4422,BUSINESS,62
17921,4422,1542,BUSINESS,60
17922,1542,1073,BUSINESS,69
17923,1073,672,BUSINESS,57
17924,672,2097,BUSINESS,82
17925,2097,2667,BUSINESS,53
17926,2667,3715,BUSINESS,67
17927,3715,314,BUSINESS,57
17928,314,138,BUSINESS,48
17929,138,1361,BUSINESS,55
17930,1361,318,BUSINESS,66
17931,318,1840,BUSINESS,81
17932,1840,4095,BUSINESS,66
17933,4095,834,BUSINESS,57
17934,834,1471,BUSINESS,55
17935,1471,3853,BUSINESS,39
17936,3853,3012,BUSINESS,54
17937,2852,2138,BUSINESS,24
17938,2138,4170,BUSINESS,58
17939,4170,4785,BUSINESS,64
17940,4785,970,BUSINESS,63
17941,970,1919,BUSINESS,78
17942,1919,121,BUSINESS,85
17943,121,4308,BUSINESS,55
17944,4308,4433,BUSINESS,62
17945,4433,2721,BUSINESS,85
17946,2721,2573,BUSINESS,72
17947,2573,2624,BUSINESS,57
17948,2624,1843,BUSINESS,39
17949,1843,3798,BUSINESS,83
17950,3798,2834,BUSINESS,64
17951,2834,1440,BUSINESS,68
17952,1440,2791,BUSINESS,73
17953,2791,3627,BUSINESS,81
17954,3627,1323,BUSINESS,71
17955,1323,2089,BUSINESS,53
17956,2089,3095,BUSINESS,78
17957,3095,3467,BUSINESS,66
17958,3467,2536,BUSINESS,34
17959,2536,4391,BUSINESS,42
17960,4391,1004,BUSINESS,52
17961,1004,3723,BUSINESS,58
17962,3723,4192,BUSINESS,59
17963,4192,635,BUSINESS,80
17964,635,3237,BUSINESS,81
17965,3237,2819,BUSINESS,81
17966,2819,3530,BUSINESS,54
17967,3530,4697,BUSINESS,61
17968,4697,2635,BUSINESS,61
17969,2635,3724,BUSINESS,50
17970,3724,3119,BUSINESS,59
17971,3119,1562,BUSINESS,66
17972,1562,1037,BUSINESS,83
17973,1037,386,BUSINESS,56
17974,386,844,BUSINESS,49
17975,844,4694,BUSINESS,47
17976,4694,1319,BUSINESS,21
17977,1319,2304,BUSINESS,59
17978,2304,4402,BUSINESS,67
17979,4402,4610,BUSINESS,85
17980,4610,2478,BUSINESS,79
17981,2478,3517,BUSINESS,53
17982,3517,1075,BUSINESS,27
17983,1075,1695,BUSINESS,84
17984,1695,2980,BUSINESS,86
17985,2980,740,BUSINESS,72
17986,740,2068,BUSINESS,21
17987,2068,2147,BUSINESS,60
17988,2147,923,BUSINESS,54
17989,923,3749,BUSINESS,80
17990,3749,4935,BUSINESS,27
17991,4935,1505,BUSINESS,76
17992,1505,1203,BUSINESS,60
17993,1203,969,BUSINESS,87
17994,969,3298,BUSINESS,79
17995,3298,3411,BUSINESS,64
17996,3411,266,BUSINESS,34
17997,266,1209,BUSINESS,17
17998,1209,2692,BUSINESS,55
17999,2692,4760,BUSINESS,87
18000,4760,629,BUSINESS,81
18001,629,2467,BUSINESS,48
18002,2467,1157,BUSINESS,74
18003,1157,4114,BUSINESS,58
18004,4114,4550,BUSINESS,19
18005,4550,3632,BUSINESS,44
18006,3632,3316,BUSINESS,62
18007,3316,3385,BUSINESS,50
18008,3385,1913,BUSINESS,50
18009,1913,4851,BUSINESS,71
18010,4851,4068,BUSINESS,81
18011,4068,1014,BUSINESS,63
18012,1014,912,BUSINESS,87
18013,912,532,BUSINESS,64
18014,532,4386,BUSINESS,77
18015,4386,4664,BUSINESS,59
18016,4664,4487,BUSINESS,73
18017,1352,2945,BUSINESS,39
18018,2945,4024,BUSINESS,30
18019,4024,4615,BUSINESS,49
18020,4615,4223,BUSINESS,43
18021,4223,1834,BUSINESS,65
18022,1834,3025,BUSINESS,62
18023,3025,1619,BUSINESS,78
18024,1619,1155,BUSINESS,50
18025,1155,4050,BUSINESS,17
18026,4050,1493,BUSINESS,53
18027,1493,2154,BUSINESS,63
18028,2154,4970,BUSINESS,68
18029,4970,4389,BUSINESS,26
18030,4389,1498,BUSINESS,57
18031,1498,1508,BUSINESS,61
18032,1508,3075,BUSINESS,68
18033,3075,4737,BUSINESS,61
18034,4737,4905,BUSINESS,37
18035,4905,4475,BUSINESS,30
18036,4475,1674,BUSINESS,52
18037,1674,1705,BUSINESS,54
18038,1705,3221,BUSINESS,74
18039,3221,4953,BUSINESS,71
18040,4953,3182,BUSINESS,16
18041,3182,79,BUSINESS,39
18042,79,4042,BUSINESS,64
18043,4042,2391,BUSINESS,61
18044,2391,1506,BUSINESS,46
18045,1506,2725,BUSINESS,16
18046,2725,3693,BUSINESS,25
18047,3693,4832,BUSINESS,45
18048,4832,4538,BUSINESS,85
18049,4538,3914,BUSINESS,69
18050,3914,2857,BUSINESS,70
18051,2857,4353,BUSINESS,86
18052,4353,1630,BUSINESS,53
18053,1630,3454,BUSINESS,68
18054,3454,4023,BUSINESS,24
18055,4023,644,BUSINESS,34
18056,644,804,BUSINESS,51
18057,804,2269,BUSINESS,38
18058,2269,1315,BUSINESS,87
18059,1315,1684,BUSINESS,69
18060,1684,1691,BUSINESS,82
18061,1691,2856,BUSINESS,56
18062,2856,713,BUSINESS,62
18063,713,2252,BUSINESS,60
18064,2252,2564,BUSINESS,79
18065,2564,171,BUSINESS,69
18066,171,962,BUSINESS,23
18067,962,73,BUSINESS,21
18068,73,217,BUSINESS,30
18069,217,4843,BUSINESS,21
18070,4843,2230,BUSINESS,76
18071,2230,2699,BUSINESS,82
18072,2699,390,BUSINESS,53
18073,390,1657,BUSINESS,58
18074,1657,3208,BUSINESS,66
18075,3208,2281,BUSINESS,69
18076,2281,2580,BUSINESS,68
18077,2580,3876,BUSINESS,33
18078,3876,154,BUSINESS,23
18079,154,1013,BUSINESS,54
18080,1013,409,BUSINESS,65
18081,409,1347,BUSINESS,53
18082,1347,4027,BUSINESS,17
18083,4027,4657,BUSINESS,35
18084,4657,3215,BUSINESS,49
18085,3215,2907,BUSINESS,70
18086,2907,1277,BUSINESS,50
18087,1277,1149,BUSINESS,81
18088,1149,2365,BUSINESS,75
18089,2365,2027,BUSINESS,61
18090,2027,3421,BUSINESS,60
18091,3421,4349,BUSINESS,84
18092,4349,1752,BUSINESS,68
18093,1752,2562,BUSINESS,55
18094,2562,3729,BUSINESS,60
18095,3729,622,BUSINESS,60
18096,622,2917,BUSINESS,65
18097,944,4928,BUSINESS,83
18098,4928,1222,BUSINESS,67
18099,1222,1477,BUSINESS,77
18100,1477,2922,BUSINESS,57
18101,2922,3840,BUSINESS,83
18102,3840,4000,BUSINESS,57
18103,4000,3498,BUSINESS,19
18104,3498,720,BUSINESS,81
18105,720,3328,BUSINESS,78
18106,3328,1401,BUSINESS,55
18107,1401,854,BUSINESS,86
18108,854,2227,BUSINESS,54
18109,2227,3048,BUSINESS,51
18110,3048,382,BUSINESS,86
18111,382,302,BUSINESS,58
18112,302,361,BUSINESS,58
18113,361,4628,BUSINESS,80
18114,4628,2295,BUSINESS,73
18115,2295,3412,BUSINESS,69
18116,3412,3320,BUSINESS,87
18117,3320,327,BUSINESS,18
18118,327,4017,BUSINESS,85
18119,4017,3323,BUSINESS,60
18120,3323,2785,BUSINESS,73
18121,2785,4963,BUSINESS,62
18122,4963,244,BUSINESS,61
18123,244,1903,BUSINESS,27
18124,1903,2285,BUSINESS,71
18125,2285,223,BUSINESS,83
18126,223,571,BUSINESS,54
18127,571,2898,BUSINESS,41
18128,2898,1704,BUSINESS,49
18129,1704,2744,BUSINESS,77
18130,2744,514,BUSINESS,87
18131,514,3933,BUSINESS,50
18132,3933,3712,BUSINESS,63
18133,3712,564,BUSINESS,66
18134,564,655,BUSINESS,70
18135,655,1402,BUSINESS,62
18136,1402,4881,BUSINESS,59
18137,4881,2712,BUSINESS,49
18138,2712,194,BUSINESS,24
18139,194,3728,BUSINESS,86
18140,3728,1200,BUSINESS,51
18141,1200,3875,BUSINESS,66
18142,3875,4806,BUSINESS,73
18143,4806,1167,BUSINESS,86
18144,1167,3428,BUSINESS,79
18145,3428,3969,BUSINESS,50
18146,3969,4650,BUSINESS,78
18147,4650,3639,BUSINESS,62
18148,3639,930,BUSINESS,49
18149,930,3243,BUSINESS,45
18150,3243,613,BUSINESS,22
18151,613,1693,BUSINESS,63
18152,1693,157,BUSINESS,81
18153,157,890,BUSINESS,84
18154,890,27,BUSINESS,72
18155,27,1224,BUSINESS,58
18156,1224,4817,BUSINESS,64
18157,4817,754,BUSINESS,80
18158,754,47,BUSINESS,72
18159,47,3395,BUSINESS,57
18160,3395,4169,BUSINESS,26
18161,4169,2527,BUSINESS,22
18162,2527,4430,BUSINESS,33
18163,4430,980,BUSINESS,66
18164,980,4516,BUSINESS,70
18165,4516,4376,BUSINESS,85
18166,4376,548,BUSINESS,74
18167,548,4313,BUSINESS,72
18168,4313,1519,BUSINESS,63
18169,1519,4611,BUSINESS,74
18170,4611,4206,BUSINESS,86
18171,4206,3544,BUSINESS,15
18172,3544,1451,BUSINESS,63
18173,1451,652,BUSINESS,52
18174,652,1189,BUSINESS,23
18175,1189,3175,BUSINESS,52
18176,3175,543,BUSINESS,72
18177,2182,3931,BUSINESS,51
18178,3931,2022,BUSINESS,82
18179,2022,1680,BUSINESS,52
18180,1680,1395,BUSINESS,66
18181,1395,3063,BUSINESS,54
18182,3063,971,BUSINESS,65
18183,971,3944,BUSINESS,66
18184,3944,928,BUSINESS,70
18185,928,55,BUSINESS,48
18186,55,2653,BUSINESS,87
18187,2653,3368,BUSINESS,62
18188,3368,2092,BUSINESS,85
18189,2092,3895,BUSINESS,66
18190,3895,68,BUSINESS,54
18191,68,2925,BUSINESS,72
18192,2925,734,BUSINESS,77
18193,734,4121,BUSINESS,61
18194,4121,1638,BUSINESS,72
18195,1638,3350,BUSINESS,66
18196,3350,3758,BUSINESS,55
18197,3758,1379,BUSINESS,64
18198,1379,4841,BUSINESS,66
18199,4841,1556,BUSINESS,28
18200,1556,573,BUSINESS,84
18201,573,920,BUSINESS,64
18202,920,3352,BUSINESS,73
18203,3352,144,BUSINESS,50
18204,144,1837,BUSINESS,61
18205,1837,367,BUSINESS,83
18206,367,3806,BUSINESS,50
18207,3806,2778,BUSINESS,87
18208,2778,2220,BUSINESS,52
18209,2220,2482,BUSINESS,49
18210,2482,2087,BUSINESS,25
18211,2087,4941,BUSINESS,50
18212,4941,996,BUSINESS,53
18213,996,4980,BUSINESS,78
18214,4980,972,BUSINESS,72
18215,972,2704,BUSINESS,71
18216,2704,3176,BUSINESS,83
18217,3176,4515,BUSINESS,53
18218,4515,4297,BUSINESS,18
18219,4297,955,BUSINESS,85
18220,955,1636,BUSINESS,73
18221,1636,832,BUSINESS,79
18222,832,346,BUSINESS,35
18223,346,4203,BUSINESS,55
18224,4203,2854,BUSINESS,69
18225,2854,147,BUSINESS,53
18226,147,63,BUSINESS,54
18227,63,4049,BUSINESS,54
18228,4049,1548,BUSINESS,63
18229,1548,4355,BUSINESS,67
18230,4355,4910,BUSINESS,73
18231,4910,3566,BUSINESS,21
18232,3566,4156,BUSINESS,52
18233,4156,2650,BUSINESS,21
18234,2650,2920,BUSINESS,57
18235,2920,131,BUSINESS,86
18236,131,4398,BUSINESS,30
18237,4398,1906,BUSINESS,37
18238,1906,172,BUSINESS,32
18239,172,3070,BUSINESS,59
18240,3070,2811,BUSINESS,69
18241,2811,1358,BUSINESS,79
18242,1358,2386,BUSINESS,15
18243,2386,4283,BUSINESS,50
18244,4283,4053,BUSINESS,22
18245,4053,2437,BUSINESS,84
18246,2437,865,BUSINESS,86
18247,865,2145,BUSINESS,85
18248,2145,2970,BUSINESS,74
18249,2970,4427,BUSINESS,51
18250,4427,2540,BUSINESS,49
18251,2540,4242,BUSINESS,74
18252,4242,1458,BUSINESS,83
18253,1458,1771,BUSINESS,63
18254,1771,4672,BUSINESS,81
18255,4672,3859,BUSINESS,85
18256,3859,915,BUSINESS,74
18257,3055,2374,BUSINESS,51
18258,2374,445,BUSINESS,76
18259,445,4228,BUSINESS,67
18260,4228,4286,BUSINESS,79
18261,4286,2763,BUSINESS,79
18262,2763,3786,BUSINESS,76
18263,3786,3257,BUSINESS,75
18264,3257,2246,BUSINESS,58
18265,2246,2247,BUSINESS,82
18266,2247,332,BUSINESS,76
18267,332,3774,BUSINESS,60
18268,3774,4327,BUSINESS,58
18269,4327,1178,BUSINESS,69
18270,1178,4789,BUSINESS,63
18271,4789,4532,BUSINESS,75
18272,4532,1196,BUSINESS,65
18273,1196,1627,BUSINESS,21
18274,1627,3531,BUSINESS,30
18275,3531,1472,BUSINESS,47
18276,1472,2402,BUSINESS,81
18277,2402,1191,BUSINESS,61
18278,1191,1329,BUSINESS,80
18279,1329,3477,BUSINESS,53
18280,3477,4523,BUSINESS,87
18281,4523,636,BUSINESS,79
18282,636,2973,BUSINESS,16
18283,2973,2194,BUSINESS,43
18284,2194,292,BUSINESS,68
18285,292,4078,BUSINESS,83
18286,4078,4007,BUSINESS,59
18287,4007,4599,BUSINESS,83
18288,4599,4919,BUSINESS,83
18289,4919,2960,BUSINESS,60
18290,2960,3101,BUSINESS,66
18291,3101,4549,BUSINESS,74
18292,4549,4653,BUSINESS,59
18293,4653,265,BUSINESS,87
18294,265,4036,BUSINESS,57
18295,4036,152,BUSINESS,59
18296,152,4567,BUSINESS,69
18297,4567,1357,BUSINESS,33
18298,1357,4604,BUSINESS,17
18299,4604,2421,BUSINESS,84
18300,2421,3745,BUSINESS,59
18301,3745,2502,BUSINESS,53
18302,2502,180,BUSINESS,69
18303,180,394,BUSINESS,85
18304,394,1148,BUSINESS,50
18305,1148,1777,BUSINESS,68
18306,1777,3550,BUSINESS,84
18307,3550,2529,BUSINESS,83
18308,2529,3011,BUSINESS,56
18309,3011,3921,BUSINESS,73
18310,3921,752,BUSINESS,81
18311,752,1563,BUSINESS,75
18312,1563,3377,BUSINESS,74
18313,3377,4659,BUSINESS,79
18314,4659,296,BUSINESS,67
18315,296,424,BUSINESS,17
18316,424,1743,BUSINESS,74
18317,1743,1685,BUSINESS,73
18318,1685,3970,BUSINESS,49
18319,3970,40,BUSINESS,85
18320,40,2589,BUSINESS,62
18321,2589,2526,BUSINESS,86
18322,2526,576,BUSINESS,50
18323,576,2684,BUSINESS,86
18324,2684,1901,BUSINESS,55
18325,1901,881,BUSINESS,74
18326,881,2841,BUSINESS,75
18327,2841,3506,BUSINESS,74
18328,3506,709,BUSINESS,87
18329,709,4392,BUSINESS,70
18330,4392,3002,BUSINESS,54
18331,3002,3327,BUSINESS,73
18332,3327,4864,BUSINESS,61
18333,4864,2739,BUSINESS,73
18334,2739,4821,BUSINESS,64
18335,4821,3731,BUSINESS,51
18336,3731,9,BUSINESS,74
18337,452,1817,BUSINESS,77
18338,1817,418,BUSINESS,77
18339,418,2687,BUSINESS,87
18340,2687,2762,BUSINESS,79
18341,2762,4079,BUSINESS,50
18342,4079,2296,BUSINESS,62
18343,2296,2041,BUSINESS,62
18344,2041,48,BUSINESS,40
18345,48,2630,BUSINESS,28
18346,2630,2299,BUSINESS,87
18347,2299,2683,BUSINESS,60
18348,2683,4617,BUSINESS,66
18349,4617,3407,BUSINESS,81
18350,3407,3470,BUSINESS,63
18351,3470,1494,BUSINESS,51
18352,1494,580,BUSINESS,62
18353,580,2782,BUSINESS,63
18354,2782,2244,BUSINESS,39
18355,2244,4676,BUSINESS,77
18356,4676,125,BUSINESS,70
18357,125,2702,BUSINESS,65
18358,2702,2937,BUSINESS,69
18359,2937,2338,BUSINESS,55
18360,2338,349,BUSINESS,56
18361,349,4613,BUSINESS,39
18362,4613,2985,BUSINESS,82
18363,2985,4897,BUSINESS,69
18364,4897,3512,BUSINESS,52
18365,3512,1912,BUSINESS,87
18366,1912,64,BUSINESS,27
18367,64,462,BUSINESS,78
18368,462,3922,BUSINESS,84
18369,3922,4829,BUSINESS,87
18370,4829,4217,BUSINESS,54
18371,4217,2342,BUSINESS,22
18372,2342,587,BUSINESS,74
18373,587,3437,BUSINESS,78
18374,3437,3017,BUSINESS,48
18375,3017,1525,BUSINESS,70
18376,1525,2582,BUSINESS,56
18377,2582,1291,BUSINESS,43
18378,1291,3892,BUSINESS,75
18379,3892,738,BUSINESS,67
18380,738,3534,BUSINESS,74
18381,3534,997,BUSINESS,58
18382,997,653,BUSINESS,80
18383,653,3427,BUSINESS,51
18384,3427,2293,BUSINESS,81
18385,2293,894,BUSINESS,81
18386,894,3762,BUSINESS,76
18387,3762,2546,BUSINESS,47
18388,2546,2963,BUSINESS,51
18389,2963,3124,BUSINESS,21
18390,3124,3670,BUSINESS,36
18391,3670,1219,BUSINESS,74
18392,1219,4382,BUSINESS,85
18393,4382,2094,BUSINESS,78
18394,2094,88,BUSINESS,72
18395,88,1591,BUSINESS,71
18396,1591,3271,BUSINESS,55
18397,3271,2849,BUSINESS,62
18398,2849,2964,BUSINESS,66
18399,2964,1531,BUSINESS,50
18400,1531,2942,BUSINESS,49
18401,2942,4752,BUSINESS,40
18402,4752,3870,BUSINESS,19
18403,3870,659,BUSINESS,77
18404,659,809,BUSINESS,67
18405,809,3898,BUSINESS,74
18406,3898,1043,BUSINESS,66
18407,1043,553,BUSINESS,77
18408,553,4408,BUSINESS,58
18409,4408,958,BUSINESS,55
18410,958,307,BUSINESS,58
18411,307,2404,BUSINESS,85
18412,2404,2525,BUSINESS,18
18413,2525,1292,BUSINESS,60
18414,1292,3382,BUSINESS,63
18415,3382,3292,BUSINESS,81
18416,3292,2136,BUSINESS,63
18417,2528,112,BUSINESS,44
18418,112,904,BUSINESS,47
18419,904,4542,BUSINESS,69
18420,4542,3097,BUSINESS,79
18421,3097,3091,BUSINESS,63
18422,3091,3669,BUSINESS,71
18423,3669,2607,BUSINESS,79
18424,2607,29,BUSINESS,66
18425,29,2632,BUSINESS,73
18426,2632,2433,BUSINESS,55
18427,2433,692,BUSINESS,35
18428,692,1339,BUSINESS,82
18429,1339,1179,BUSINESS,79
18430,1179,1615,BUSINESS,61
18431,1615,1429,BUSINESS,36
18432,1429,4702,BUSINESS,73
18433,4702,158,BUSINESS,85
18434,158,3034,BUSINESS,81
18435,3034,1293,BUSINESS,81
18436,1293,4041,BUSINESS,78
18437,4041,3985,BUSINESS,63
18438,3985,2500,BUSINESS,64
18439,2500,2427,BUSINESS,67
18440,2427,1539,BUSINESS,32
18441,1539,2451,BUSINESS,53
18442,2451,2013,BUSINESS,83
18443,2013,3772,BUSINESS,84
18444,3772,3824,BUSINESS,73
18445,3824,2975,BUSINESS,22
18446,2975,1603,BUSINESS,55
18447,1603,4104,BUSINESS,60
18448,4104,165,BUSINESS,41
18449,165,3069,BUSINESS,29
18450,3069,3909,BUSINESS,74
18451,3909,2403,BUSINESS,83
18452,2403,503,BUSINESS,62
18453,503,248,BUSINESS,85
18454,248,2173,BUSINESS,69
18455,2173,1131,BUSINESS,80
18456,1131,2379,BUSINESS,52
18457,2379,2434,BUSINESS,60
18458,2434,1467,BUSINESS,52
18459,1467,4640,BUSINESS,83
18460,4640,2272,BUSINESS,71
18461,2272,2056,BUSINESS,51
18462,2056,561,BUSINESS,52
18463,561,664,BUSINESS,66
18464,664,3198,BUSINESS,84
18465,3198,1776,BUSINESS,64
18466,1776,1332,BUSINESS,83
18467,1332,3022,BUSINESS,70
18468,3022,3241,BUSINESS,20
18469,3241,197,BUSINESS,71
18470,197,2061,BUSINESS,63
18471,2061,917,BUSINESS,58
18472,917,1824,BUSINESS,75
18473,1824,1957,BUSINESS,57
18474,1957,2457,BUSINESS,84
18475,2457,1487,BUSINESS,80
18476,1487,4936,BUSINESS,79
18477,4936,583,BUSINESS,52
18478,583,4009,BUSINESS,86
18479,4009,104,BUSINESS,68
18480,104,3067,BUSINESS,77
18481,3067,2991,BUSINESS,57
18482,2991,437,BUSINESS,79
18483,437,2102,BUSINESS,62
18484,2102,1962,BUSINESS,76
18485,1962,4835,BUSINESS,60
18486,4835,2519,BUSINESS,85
18487,2519,3548,BUSINESS,76
18488,3548,661,BUSINESS,67
18489,661,2643,BUSINESS,67
18490,2643,177,BUSINESS,15
18491,177,2740,BUSINESS,26
18492,2740,1559,BUSINESS,46
18493,1559,1340,BUSINESS,81
18494,1340,2863,BUSINESS,87
18495,2863,43,BUSINESS,53
18496,43,2992,BUSINESS,59
18497,998,1463,BUSINESS,24
18498,1463,2388,BUSINESS,26
18499,2388,3263,BUSINESS,43
18500,3263,4543,BUSINESS,37
18501,4543,1889,BUSINESS,71
18502,1889,995,BUSINESS,85
18503,995,1479,BUSINESS,31
18504,1479,4145,BUSINESS,49
18505,4145,4696,BUSINESS,53
18506,4696,3618,BUSINESS,38
18507,3618,590,BUSINESS,58
18508,590,2866,BUSINESS,65
18509,2866,1877,BUSINESS,16
18510,1877,4191,BUSINESS,76
18511,4191,2172,BUSINESS,60
18512,2172,4202,BUSINESS,51
18513,4202,2018,BUSINESS,74
18514,2018,4946,BUSINESS,68
18515,4946,3387,BUSINESS,57
18516,3387,582,BUSINESS,53
18517,582,2649,BUSINESS,75
18518,2649,4874,BUSINESS,79
18519,4874,4943,BUSINESS,60
18520,4943,4598,BUSINESS,50
18521,4598,2715,BUSINESS,62
18522,2715,1430,BUSINESS,45
18523,1430,4362,BUSINESS,72
18524,4362,3090,BUSINESS,53
18525,3090,489,BUSINESS,19
18526,489,3683,BUSINESS,19
18527,3683,3596,BUSINESS,78
18528,3596,294,BUSINESS,79
18529,294,1432,BUSINESS,31
18530,1432,3844,BUSINESS,76
18531,3844,3405,BUSINESS,50
18532,3405,749,BUSINESS,71
18533,749,4435,BUSINESS,60
18534,4435,3383,BUSINESS,81
18535,3383,589,BUSINESS,34
18536,589,2761,BUSINESS,82
18537,2761,2686,BUSINESS,71
18538,2686,3283,BUSINESS,67
18539,3283,3910,BUSINESS,85
18540,3910,2976,BUSINESS,87
18541,2976,1558,BUSINESS,67
18542,1558,1457,BUSINESS,63
18543,1457,3152,BUSINESS,74
18544,3152,1567,BUSINESS,56
18545,1567,3234,BUSINESS,30
18546,3234,2086,BUSINESS,82
18547,2086,4238,BUSINESS,84
18548,4238,1779,BUSINESS,65
18549,1779,1497,BUSINESS,64
18550,1497,1909,BUSINESS,83
18551,1909,504,BUSINESS,23
18552,504,159,BUSINESS,52
18553,159,1288,BUSINESS,52
18554,1288,1103,BUSINESS,19
18555,1103,3879,BUSINESS,83
18556,3879,3157,BUSINESS,51
18557,3157,3535,BUSINESS,62
18558,3535,559,BUSINESS,72
18559,559,1604,BUSINESS,73
18560,1604,2469,BUSINESS,48
18561,2469,4307,BUSINESS,54
18562,4307,2327,BUSINESS,65
18563,2327,4195,BUSINESS,58
18564,4195,1916,BUSINESS,53
18565,1916,1566,BUSINESS,83
18566,1566,1800,BUSINESS,64
18567,1800,4292,BUSINESS,50
18568,4292,3789,BUSINESS,63
18569,3789,4681,BUSINESS,78
18570,4681,2012,BUSINESS,74
18571,2012,805,BUSINESS,77
18572,805,3269,BUSINESS,74
18573,3269,3450,BUSINESS,61
18574,3450,1758,BUSINESS,53
18575,1758,2890,BUSINESS,50
18576,2890,982,BUSINESS,65
18577,3756,4084,CO_VILLE,10
18578,1105,2091,CO_VILLE,12
18579,1998,3756,CO_VILLE,23
18580,1941,3489,CO_VILLE,10
18581,4381,2286,CO_VILLE,9
18582,2776,1577,CO_VILLE,33
18583,1113,3647,CO_VILLE,10
18584,1110,1847,CO_VILLE,31
18585,2831,842,CO_VILLE,28
18586,3697,1575,CO_VILLE,20
18587,12,4358,CO_VILLE,26
18588,2311,1376,CO_VILLE,8
18589,1746,1106,CO_VILLE,19
18590,3901,714,CO_VILLE,31
18591,4272,291,CO_VILLE,22
18592,4982,4863,CO_VILLE,17
18593,1936,2689,CO_VILLE,9
18594,139,3649,CO_VILLE,34
18595,2276,3812,CO_VILLE,12
18596,3249,1773,CO_VILLE,27
18597,1622,3265,CO_VILLE,19
18598,2815,1660,CO_VILLE,19
18599,4094,3955,CO_VILLE,12
18600,3817,925,CO_VILLE,16
18601,4922,2488,CO_VILLE,29
18602,4422,1101,CO_VILLE,29
18603,3673,4522,CO_VILLE,19
18604,3820,4723,CO_VILLE,32
18605,3541,3960,CO_VILLE,18
18606,1979,1544,CO_VILLE,31
18607,4320,2171,CO_VILLE,8
18608,3174,3584,CO_VILLE,17
18609,1448,4607,CO_VILLE,31
18610,3525,585,CO_VILLE,32
18611,487,4680,CO_VILLE,28
18612,4916,1418,CO_VILLE,26
18613,4302,4380,CO_VILLE,30
18614,4113,2131,CO_VILLE,27
18615,3559,1881,CO_VILLE,14
18616,4524,3369,CO_VILLE,20
18617,1145,4236,CO_VILLE,20
18618,4174,301,CO_VILLE,34
18619,1699,2431,CO_VILLE,25
18620,914,150,CO_VILLE,31
18621,4116,4533,CO_VILLE,33
18622,912,929,CO_VILLE,30
18623,2934,3331,CO_VILLE,11
18624,1843,3036,CO_VILLE,20
18625,3300,3331,CO_VILLE,10
18626,1081,2989,CO_VILLE,26
18627,900,3778,CO_VILLE,28
18628,3568,3316,CO_VILLE,26
18629,4258,507,CO_VILLE,29
18630,4851,1999,CO_VILLE,22
18631,1838,2943,CO_VILLE,34
18632,4275,1769,CO_VILLE,18
18633,3238,3993,CO_VILLE,25
18634,4520,1729,CO_VILLE,17
18635,673,4276,CO_VILLE,30
18636,3652,813,CO_VILLE,18
18637,1284,3760,CO_VILLE,12
18638,4404,4122,CO_VILLE,12
18639,4905,433,CO_VILLE,19
18640,622,1980,CO_VILLE,29
18641,4679,3553,CO_VILLE,9
18642,3075,2580,CO_VILLE,29
18643,155,3767,CO_VILLE,21
18644,2613,3160,CO_VILLE,23
18645,1119,1267,CO_VILLE,23
18646,220,3457,CO_VILLE,9
18647,992,3555,CO_VILLE,14
18648,3018,77,CO_VILLE,28
18649,1177,1973,CO_VILLE,19
18650,841,3204,CO_VILLE,23
18651,2564,3194,CO_VILLE,33
18652,1606,3349,CO_VILLE,9
18653,2146,1229,CO_VILLE,20
18654,3459,2391,CO_VILLE,17
18655,2725,1035,CO_VILLE,10
18656,3479,804,CO_VILLE,33
18657,2472,185,CO_VILLE,33
18658,254,3998,CO_VILLE,26
18659,4293,1022,CO_VILLE,33
18660,4313,720,CO_VILLE,14
18661,3682,336,CO_VILLE,15
18662,4979,1474,CO_VILLE,29
18663,510,1474,CO_VILLE,33
18664,1391,1384,CO_VILLE,22
18665,157,2789,CO_VILLE,30
18666,2448,3650,CO_VILLE,31
18667,1190,4701,CO_VILLE,11
18668,818,422,CO_VILLE,20
18669,1167,617,CO_VILLE,21
18670,2227,2773,CO_VILLE,15
18671,2693,428,CO_VILLE,34
18672,1321,1683,CO_VILLE,30
18673,1650,3014,CO_VILLE,25
18674,790,3826,CO_VILLE,15
18675,1659,1005,CO_VILLE,34
18676,594,3267,CO_VILLE,15
18677,2058,270,CO_VILLE,29
18678,3176,4304,CO_VILLE,15
18679,4722,1422,CO_VILLE,23
18680,4216,3442,CO_VILLE,11
18681,1172,1011,CO_VILLE,28
18682,6,3931,CO_VILLE,12
18683,3874,4356,CO_VILLE,31
18684,971,4283,CO_VILLE,14
18685,2463,3172,CO_VILLE,12
18686,1358,851,CO_VILLE,9
18687,947,2270,CO_VILLE,27
18688,2658,855,CO_VILLE,13
18689,3336,1289,CO_VILLE,13
18690,2178,4082,CO_VILLE,12
18691,1718,1289,CO_VILLE,16
18692,1898,868,CO_VILLE,33
18693,1556,886,CO_VILLE,21
18694,3792,2704,CO_VILLE,15
18695,2576,2178,CO_VILLE,12
18696,2914,2221,CO_VILLE,8
18697,3765,3493,CO_VILLE,22
18698,3984,2105,CO_VILLE,9
18699,4670,4124,CO_VILLE,25
18700,4133,3327,CO_VILLE,10
18701,4575,1472,CO_VILLE,16
18702,508,3106,CO_VILLE,29
18703,3746,4256,CO_VILLE,22
18704,3626,1915,CO_VILLE,19
18705,2589,3771,CO_VILLE,16
18706,718,2202,CO_VILLE,29
18707,3101,2851,CO_VILLE,20
18708,4653,3759,CO_VILLE,15
18709,3377,328,CO_VILLE,29
18710,4129,2381,CO_VILLE,16
18711,3883,508,CO_VILLE,33
18712,1555,3745,CO_VILLE,15
18713,636,3135,CO_VILLE,20
18714,931,1673,CO_VILLE,16
18715,4327,416,CO_VILLE,34
18716,4710,4599,CO_VILLE,31
18717,1093,1197,CO_VILLE,32
18718,935,3534,CO_VILLE,29
18719,4544,3407,CO_VILLE,23
18720,3146,4268,CO_VILLE,16
18721,237,2637,CO_VILLE,16
18722,4880,452,CO_VILLE,31
18723,2681,2465,CO_VILLE,9
18724,2217,4032,CO_VILLE,33
18725,4429,3271,CO_VILLE,16
18726,2769,4241,CO_VILLE,27
18727,1987,1354,CO_VILLE,16
18728,687,4893,CO_VILLE,33
18729,3815,3310,CO_VILLE,8
18730,2687,1048,CO_VILLE,17
18731,8,2681,CO_VILLE,31
18732,913,4148,CO_VILLE,15
18733,4465,436,CO_VILLE,15
18734,1371,1089,CO_VILLE,32
18735,1041,36,CO_VILLE,30
18736,286,3262,CO_VILLE,10
18737,2595,2466,CO_VILLE,29
18738,310,2044,CO_VILLE,10
18739,3990,4431,CO_VILLE,19
18740,3367,3603,CO_VILLE,9
18741,1256,108,CO_VILLE,8
18742,4009,3964,CO_VILLE,14
18743,939,3980,CO_VILLE,33
18744,1077,3287,CO_VILLE,34
18745,1485,4656,CO_VILLE,27
18746,561,4012,CO_VILLE,24
18747,3091,1131,CO_VILLE,10
18748,772,1989,CO_VILLE,20
18749,2709,1796,CO_VILLE,10
18750,4811,2459,CO_VILLE,21
18751,4041,4762,CO_VILLE,33
18752,1293,3008,CO_VILLE,30
18753,2814,1559,CO_VILLE,34
18754,110,4699,CO_VILLE,11
18755,5,3417,CO_VILLE,20
18756,1487,1359,CO_VILLE,19
18757,1567,280,CO_VILLE,10
18758,1079,2714,CO_VILLE,30
18759,1282,1566,CO_VILLE,11
18760,3026,562,CO_VILLE,24
18761,3582,1779,CO_VILLE,17
18762,3976,1217,CO_VILLE,32
18763,4397,1865,CO_VILLE,27
18764,4202,3763,CO_VILLE,9
18765,3844,1330,CO_VILLE,32
18766,2129,4497,CO_VILLE,19
18767,4896,879,CO_VILLE,16
18768,995,4805,CO_VILLE,26
18769,3283,470,CO_VILLE,27
18770,1550,847,CO_VILLE,16
18771,1697,2361,CO_VILLE,17
18772,4362,3484,CO_VILLE,12
18773,1151,4484,CO_VILLE,24
18774,1757,1530,CO_VILLE,33
18775,2768,2351,CO_VILLE,19
18776,2358,153,CO_VILLE,34
18777,2232,4601,CO_RETARD,36
18778,4601,3312,CO_RETARD,36
18779,3312,3625,CO_RETARD,36
18780,3625,3836,CO_RETARD,36
18781,3836,502,CO_RETARD,36
18782,502,1216,CO_RETARD,36
18783,1216,4932,CO_RETARD,36
18784,4932,2718,CO_RETARD,36
18785,2718,419,CO_RETARD,36
18786,419,3624,CO_RETARD,36
18787,3624,4854,CO_RETARD,36
18788,4854,1151,CO_RETARD,36
18789,1151,2856,CO_RETARD,36
18790,2856,2673,CO_RETARD,36
18791,2673,2514,CO_RETARD,36
18792,2514,127,CO_RETARD,36
18793,127,446,CO_RETARD,36
18794,446,3682,CO_RETARD,36
18795,3682,4193,CO_RETARD,36
18796,4193,3073,CO_RETARD,36
18797,3073,3949,CO_RETARD,36
18798,3949,650,CO_RETARD,36
18799,650,4708,CO_RETARD,36
18800,4708,3361,CO_RETARD,36
18801,3361,2245,CO_RETARD,36
18802,2245,2373,CO_RETARD,36
18803,2373,513,CO_RETARD,36
18804,513,4247,CO_RETARD,36
18805,4247,2779,CO_RETARD,36
18806,2779,4790,CO_RETARD,36
18807,4790,4015,CO_RETARD,36
18808,4015,4433,CO_RETARD,36
18809,4433,1502,CO_RETARD,36
18810,1502,4485,CO_RETARD,36
18811,4485,3635,CO_RETARD,36
18812,3635,2460,CO_RETARD,36
18813,2460,544,CO_RETARD,36
18814,544,4788,CO_RETARD,36
18815,4788,2502,CO_RETARD,36
18816,2502,701,CO_RETARD,36
18817,701,1518,CO_RETARD,36
18818,1518,993,CO_RETARD,36
18819,993,3039,CO_RETARD,36
18820,3039,3365,CO_RETARD,36
18821,3365,889,CO_RETARD,36
18822,889,4299,CO_RETARD,36
18823,4299,700,CO_RETARD,36
18824,700,1402,CO_RETARD,36
18825,1402,3464,CO_RETARD,36
18826,3464,1052,CO_RETARD,36
18827,1052,2438,CO_RETARD,36
18828,2438,781,CO_RETARD,36
18829,781,324,CO_RETARD,36
18830,324,3173,CO_RETARD,36
18831,3173,414,CO_RETARD,36
18832,414,1963,CO_RETARD,36
18833,1963,4946,CO_RETARD,36
18834,4946,4448,CO_RETARD,36
18835,4448,4382,CO_RETARD,36
18836,4382,1095,CO_RETARD,36
18837,1095,3791,CO_RETARD,36
18838,3791,2815,CO_RETARD,36
18839,2815,4703,CO_RETARD,36
18840,4703,2711,CO_RETARD,36
18841,2711,4999,CO_RETARD,36
18842,4999,3612,CO_RETARD,36
18843,3612,2421,CO_RETARD,36
18844,2421,2205,CO_RETARD,36
18845,2205,2203,CO_RETARD,36
18846,2203,949,CO_RETARD,36
18847,949,671,CO_RETARD,36
18848,671,3664,CO_RETARD,36
18849,3664,231,CO_RETARD,36
18850,231,1247,CO_RETARD,36
18851,1247,1431,CO_RETARD,36
18852,1431,3427,CO_RETARD,36
18853,3427,3187,CO_RETARD,36
18854,3187,603,CO_RETARD,36
18855,603,2541,CO_RETARD,36
18856,2541,3027,CO_RETARD,36
18857,3027,1459,CO_RETARD,36
18858,1459,3494,CO_RETARD,36
18859,3494,559,CO_RETARD,36
18860,559,2907,CO_RETARD,36
18861,2907,3911,CO_RETARD,36
18862,3911,4654,CO_RETARD,36
18863,4654,1698,CO_RETARD,36
18864,1698,2931,CO_RETARD,36
18865,2931,1929,CO_RETARD,36
18866,1929,1822,CO_RETARD,36
18867,1822,4356,CO_RETARD,36
18868,4356,2353,CO_RETARD,36
18869,2353,2471,CO_RETARD,36
18870,2471,3844,CO_RETARD,36
18871,3844,1465,CO_RETARD,36
18872,1465,3987,CO_RETARD,36
18873,3987,96,CO_RETARD,36
18874,96,4006,CO_RETARD,36
18875,4006,11,CO_RETARD,37
18876,11,342,CO_RETARD,37
18877,342,88,CO_RETARD,37
18878,88,1834,CO_RETARD,37
18879,1834,34,CO_RETARD,37
18880,34,558,CO_RETARD,37
18881,558,2033,CO_RETARD,37
18882,2033,2424,CO_RETARD,37
18883,2424,766,CO_RETARD,37
18884,766,2274,CO_RETARD,37
18885,2274,2496,CO_RETARD,37
18886,2496,4797,CO_RETARD,37
18887,4797,2519,CO_RETARD,37
18888,2519,4686,CO_RETARD,37
18889,4686,1693,CO_RETARD,37
18890,1693,642,CO_RETARD,37
18891,642,301,CO_RETARD,37
18892,301,2169,CO_RETARD,37
18893,2169,4216,CO_RETARD,37
18894,4216,1675,CO_RETARD,37
18895,1675,136,CO_RETARD,37
18896,136,4422,CO_RETARD,37
18897,4422,1879,CO_RETARD,37
18898,1879,3807,CO_RETARD,37
18899,3807,2265,CO_RETARD,37
18900,2265,2077,CO_RETARD,37
18901,2077,2883,CO_RETARD,37
18902,2883,3220,CO_RETARD,37
18903,3220,1063,CO_RETARD,37
18904,1063,1605,CO_RETARD,37
18905,1605,3548,CO_RETARD,37
18906,3548,2202,CO_RETARD,37
18907,2202,4353,CO_RETARD,37
18908,4353,3108,CO_RETARD,37
18909,3108,3356,CO_RETARD,37
18910,3356,2864,CO_RETARD,37
18911,2864,1671,CO_RETARD,37
18912,1671,662,CO_RETARD,37
18913,662,4008,CO_RETARD,37
18914,4008,3336,CO_RETARD,37
18915,3336,2855,CO_RETARD,37
18916,2855,4718,CO_RETARD,37
18917,4718,4176,CO_RETARD,37
18918,4176,4118,CO_RETARD,37
18919,4118,3738,CO_RETARD,37
18920,3738,790,CO_RETARD,37
18921,790,3825,CO_RETARD,37
18922,3825,2293,CO_RETARD,37
18923,2293,626,CO_RETARD,37
18924,626,3134,CO_RETARD,37
18925,3134,4647,CO_RETARD,37
18926,4647,3997,CO_RETARD,37
18927,3997,3723,CO_RETARD,37
18928,3723,4577,CO_RETARD,37
18929,4577,3034,CO_RETARD,37
18930,3034,3860,CO_RETARD,37
18931,3860,3507,CO_RETARD,37
18932,3507,3004,CO_RETARD,37
18933,3004,1266,CO_RETARD,37
18934,1266,1902,CO_RETARD,37
18935,1902,2064,CO_RETARD,37
18936,2064,24,CO_RETARD,37
18937,24,2015,CO_RETARD,37
18938,2015,116,CO_RETARD,37
18939,116,1613,CO_RETARD,37
18940,1613,4339,CO_RETARD,37
18941,4339,3300,CO_RETARD,37
18942,3300,956,CO_RETARD,37
18943,956,3042,CO_RETARD,37
18944,3042,1483,CO_RETARD,37
18945,1483,792,CO_RETARD,37
18946,792,2950,CO_RETARD,37
18947,2950,2021,CO_RETARD,37
18948,2021,1540,CO_RETARD,37
18949,1540,3879,CO_RETARD,37
18950,3879,3163,CO_RETARD,37
18951,3163,3542,CO_RETARD,37
18952,3542,1964,CO_RETARD,37
18953,1964,262,CO_RETARD,37
18954,262,3627,CO_RETARD,37
18955,3627,573,CO_RETARD,37
18956,573,4497,CO_RETARD,37
18957,4497,2407,CO_RETARD,37
18958,2407,2413,CO_RETARD,37
18959,2413,3029,CO_RETARD,37
18960,3029,916,CO_RETARD,37
18961,916,3921,CO_RETARD,37
18962,3921,1699,CO_RETARD,37
18963,1699,3318,CO_RETARD,37
18964,3318,2533,CO_RETARD,38
18965,2533,2946,CO_RETARD,38
18966,2946,3177,CO_RETARD,38
18967,3177,1766,CO_RETARD,38
18968,1766,1181,CO_RETARD,38
18969,1181,2762,CO_RETARD,38
18970,2762,521,CO_RETARD,38
18971,521,3742,CO_RETARD,38
18972,3742,236,CO_RETARD,38
18973,236,1570,CO_RETARD,38
18974,1570,306,CO_RETARD,38
18975,306,4296,CO_RETARD,38
18976,4296,3945,CO_RETARD,38
18977,3945,2302,CO_RETARD,38
18978,2302,774,CO_RETARD,38
18979,774,1700,CO_RETARD,38
18980,1700,1925,CO_RETARD,38
18981,1925,3535,CO_RETARD,38
18982,3535,1119,CO_RETARD,38
18983,1119,1680,CO_RETARD,38
18984,1680,1919,CO_RETARD,38
18985,1919,3775,CO_RETARD,38
18986,3775,4772,CO_RETARD,38
18987,4772,2436,CO_RETARD,38
18988,2436,3669,CO_RETARD,38
18989,3669,1446,CO_RETARD,38
18990,1446,2006,CO_RETARD,38
18991,2006,1020,CO_RETARD,38
18992,1020,3363,CO_RETARD,38
18993,3363,3107,CO_RETARD,38
18994,3107,435,CO_RETARD,38
18995,435,3515,CO_RETARD,38
18996,3515,3875,CO_RETARD,38
18997,3875,4666,CO_RETARD,38
18998,4666,3873,CO_RETARD,38
18999,3873,362,CO_RETARD,38
19000,362,3305,CO_RETARD,38
19001,3305,4633,CO_RETARD,38
19002,4633,4121,CO_RETARD,38
19003,4121,4885,CO_RETARD,38
19004,4885,86,CO_RETARD,38
19005,86,4325,CO_RETARD,38
19006,4325,315,CO_RETARD,38
19007,315,3157,CO_RETARD,38
19008,3157,1913,CO_RETARD,38
19009,1913,542,CO_RETARD,38
19010,542,4821,CO_RETARD,38
19011,4821,2157,CO_RETARD,38
19012,2157,2833,CO_RETARD,38
19013,2833,2200,CO_RETARD,38
19014,2200,699,CO_RETARD,38
19015,699,2817,CO_RETARD,38
19016,2817,341,CO_RETARD,38
19017,341,1727,CO_RETARD,38
19018,1727,3852,CO_RETARD,38
19019,3852,633,CO_RETARD,38
19020,633,1823,CO_RETARD,38
19021,1823,963,CO_RETARD,38
19022,963,1031,CO_RETARD,38
19023,1031,4547,CO_RETARD,38
19024,4547,3512,CO_RETARD,38
19025,3512,247,CO_RETARD,38
19026,247,4068,CO_RETARD,38
19027,4068,3471,CO_RETARD,38
19028,3471,2230,CO_RETARD,38
19029,2230,2095,CO_RETARD,38
19030,2095,3552,CO_RETARD,38
19031,3552,3596,CO_RETARD,38
19032,3596,2073,CO_RETARD,38
19033,2073,3233,CO_RETARD,38
19034,3233,2042,CO_RETARD,38
19035,2042,2339,CO_RETARD,38
19036,2339,4269,CO_RETARD,38
19037,4269,207,CO_RETARD,38
19038,207,2222,CO_RETARD,38
19039,2222,824,CO_RETARD,38
19040,824,1292,CO_RETARD,38
19041,1292,27,CO_RETARD,38
19042,27,2297,CO_RETARD,38
19043,2297,1002,CO_RETARD,38
19044,1002,3338,CO_RETARD,38
19045,3338,3485,CO_RETARD,38
19046,3485,765,CO_RETARD,38
19047,765,1154,CO_RETARD,38
19048,1154,1803,CO_RETARD,38
19049,1803,751,CO_RETARD,38
19050,751,3628,CO_RETARD,38
19051,3628,1707,CO_RETARD,38
19052,1707,2327,CO_RETARD,39
19053,2327,2860,CO_RETARD,39
19054,2860,4435,CO_RETARD,39
19055,4435,821,CO_RETARD,39
19056,821,4170,CO_RETARD,39
19057,4170,3741,CO_RETARD,39
19058,3741,3151,CO_RETARD,39
19059,3151,320,CO_RETARD,39
19060,320,4342,CO_RETARD,39
19061,4342,2522,CO_RETARD,39
19062,2522,686,CO_RETARD,39
19063,686,4376,CO_RETARD,39
19064,4376,2045,CO_RETARD,39
19065,2045,1208,CO_RETARD,39
19066,1208,2026,CO_RETARD,39
19067,2026,1340,CO_RETARD,39
19068,1340,219,CO_RETARD,39
19069,219,4659,CO_RETARD,39
19070,4659,2325,CO_RETARD,39
19071,2325,3781,CO_RETARD,39
19072,3781,709,CO_RETARD,39
19073,709,1458,CO_RETARD,39
19074,1458,3327,CO_RETARD,39
19075,3327,3543,CO_RETARD,39
19076,3543,2811,CO_RETARD,39
19077,2811,156,CO_RETARD,39
19078,156,3401,CO_RETARD,39
19079,3401,3885,CO_RETARD,39
19080,3885,2814,CO_RETARD,39
19081,2814,1646,CO_RETARD,39
19082,1646,2761,CO_RETARD,39
19083,2761,1067,CO_RETARD,39
19084,1067,3474,CO_RETARD,39
19085,3474,853,CO_RETARD,39
19086,853,923,CO_RETARD,39
19087,923,1946,CO_RETARD,39
19088,1946,2890,CO_RETARD,39
19089,2890,3818,CO_RETARD,39
19090,3818,4527,CO_RETARD,39
19091,4527,1890,CO_RETARD,39
19092,1890,4699,CO_RETARD,39
19093,4699,4955,CO_RETARD,39
19094,4955,2437,CO_RETARD,39
19095,2437,4923,CO_RETARD,39
19096,4923,1474,CO_RETARD,39
19097,1474,63,CO_RETARD,39
19098,63,3486,CO_RETARD,39
19099,3486,3991,CO_RETARD,39
19100,3991,4525,CO_RETARD,39
19101,4525,251,CO_RETARD,39
19102,251,1197,CO_RETARD,39
19103,1197,3805,CO_RETARD,39
19104,3805,3900,CO_RETARD,39
19105,3900,2287,CO_RETARD,39
19106,2287,4426,CO_RETARD,39
19107,4426,984,CO_RETARD,39
19108,984,3335,CO_RETARD,39
19109,3335,4194,CO_RETARD,39
19110,4194,1867,CO_RETARD,39
19111,1867,4191,CO_RETARD,39
19112,4191,4531,CO_RETARD,39
19113,4531,4782,CO_RETARD,39
19114,4782,3640,CO_RETARD,39
19115,3640,1486,CO_RETARD,39
19116,1486,3146,CO_RETARD,39
19117,3146,4334,CO_RETARD,39
19118,4334,239,CO_RETARD,39
19119,239,4009,CO_RETARD,39
19120,4009,3309,CO_RETARD,39
19121,3309,1643,CO_RETARD,39
19122,1643,3894,CO_RETARD,39
19123,3894,193,CO_RETARD,39
19124,193,1033,CO_RETARD,39
19125,1033,4824,CO_RETARD,39
19126,4824,2163,CO_RETARD,39
19127,2163,1695,CO_RETARD,39
19128,1695,2601,CO_RETARD,39
19129,2601,185,CO_RETARD,39
19130,185,1069,CO_RETARD,39
19131,1069,2530,CO_RETARD,39
19132,2530,980,CO_RETARD,39
19133,980,805,CO_RETARD,39
19134,805,3326,CO_RETARD,39
19135,3326,201,CO_RETARD,39
19136,201,3344,CO_RETARD,39
19137,3344,279,CO_RETARD,39
19138,279,922,CO_RETARD,39
19139,922,2013,CO_RETARD,39
19140,2013,1224,CO_RETARD,39
19141,1224,2923,CO_RETARD,39
19142,2923,3721,CO_RETARD,39
19143,3721,287,CO_RETARD,39
19144,287,4069,CO_RETARD,39
19145,4069,1577,CO_RETARD,39
19146,1577,3213,CO_RETARD,39
19147,3213,3789,CO_RETARD,39
19148,3789,3377,CO_RETARD,39
19149,3377,4776,CO_RETARD,39
19150,4776,3502,CO_RETARD,39
19151,3502,2587,CO_RETARD,39
19152,2587,1346,CO_RETARD,39
19153,1346,1789,CO_RETARD,39
19154,1789,927,CO_RETARD,39
19155,927,918,CO_RETARD,39
19156,918,682,CO_RETARD,39
19157,682,3959,CO_RETARD,39
19158,3959,4793,CO_RETARD,39
19159,4793,4324,CO_RETARD,39
19160,4324,811,CO_RETARD,39
19161,811,4641,CO_RETARD,39
19162,4641,2385,CO_RETARD,39
19163,2385,12,CO_RETARD,39
19164,12,4214,CO_RETARD,39
19165,4214,1396,CO_RETARD,40
19166,1396,2680,CO_RETARD,40
19167,2680,1983,CO_RETARD,40
19168,1983,2642,CO_RETARD,40
19169,2642,1511,CO_RETARD,40
19170,1511,190,CO_RETARD,40
19171,190,1703,CO_RETARD,40
19172,1703,4058,CO_RETARD,40
19173,4058,240,CO_RETARD,40
19174,240,3690,CO_RETARD,40
19175,3690,1638,CO_RETARD,40
19176,1638,2714,CO_RETARD,40
19177,2714,248,CO_RETARD,40
19178,248,3843,CO_RETARD,40
19179,3843,2119,CO_RETARD,40
19180,2119,4264,CO_RETARD,40
19181,4264,2113,CO_RETARD,40
19182,2113,432,CO_RETARD,40
19183,432,3923,CO_RETARD,40
19184,3923,1769,CO_RETARD,40
19185,1769,4126,CO_RETARD,40
19186,4126,4071,CO_RETARD,40
19187,4071,882,CO_RETARD,40
19188,882,2145,CO_RETARD,40
19189,2145,2613,CO_RETARD,40
19190,2613,1715,CO_RETARD,40
19191,1715,107,CO_RETARD,40
19192,107,4554,CO_RETARD,40
19193,4554,3258,CO_RETARD,40
19194,3258,516,CO_RETARD,40
19195,516,3077,CO_RETARD,40
19196,3077,1805,CO_RETARD,40
19197,1805,4751,CO_RETARD,40
19198,4751,2605,CO_RETARD,40
19199,2605,1950,CO_RETARD,40
19200,1950,4894,CO_RETARD,40
19201,4894,1725,CO_RETARD,40
19202,1725,4370,CO_RETARD,40
19203,4370,4125,CO_RETARD,40
19204,4125,3934,CO_RETARD,40
19205,3934,2286,CO_RETARD,40
19206,2286,2043,CO_RETARD,40
19207,2043,1321,CO_RETARD,40
19208,1321,3577,CO_RETARD,40
19209,3577,3878,CO_RETARD,40
19210,3878,4599,CO_RETARD,40
19211,4599,2659,CO_RETARD,40
19212,2659,1174,CO_RETARD,40
19213,1174,754,CO_RETARD,40
19214,754,4281,CO_RETARD,40
19215,4281,3244,CO_RETARD,40
19216,3244,651,CO_RETARD,40
19217,651,4925,CO_RETARD,40
19218,4925,2237,CO_RETARD,40
19219,2237,3306,CO_RETARD,40
19220,3306,4366,CO_RETARD,40
19221,4366,4203,CO_RETARD,40
19222,4203,1045,CO_RETARD,40
19223,1045,2760,CO_RETARD,40
19224,2760,3916,CO_RETARD,40
19225,3916,4857,CO_RETARD,40
19226,4857,67,CO_RETARD,40
19227,67,3381,CO_RETARD,40
19228,3381,1850,CO_RETARD,40
19229,1850,3755,CO_RETARD,40
19230,3755,862,CO_RETARD,40
19231,862,1370,CO_RETARD,40
19232,1370,2498,CO_RETARD,40
19233,2498,1575,CO_RETARD,40
19234,1575,1027,CO_RETARD,40
19235,1027,1157,CO_RETARD,40
19236,1157,3758,CO_RETARD,40
19237,3758,4642,CO_RETARD,40
19238,4642,1316,CO_RETARD,40
19239,1316,523,CO_RETARD,40
19240,523,2215,CO_RETARD,40
19241,2215,1177,CO_RETARD,40
19242,1177,2128,CO_RETARD,40
19243,2128,1413,CO_RETARD,40
19244,1413,3715,CO_RETARD,40
19245,3715,4429,CO_RETARD,40
19246,4429,477,CO_RETARD,40
19247,477,2301,CO_RETARD,40
19248,2301,1527,CO_RETARD,40
19249,1527,1287,CO_RETARD,40
19250,1287,1668,CO_RETARD,40
19251,1668,2976,CO_RETARD,40
19252,2976,2398,CO_RETARD,40
19253,2398,3172,CO_RETARD,40
19254,3172,40,CO_RETARD,40
19255,40,945,CO_RETARD,40
19256,945,460,CO_RETARD,40
19257,460,866,CO_RETARD,40
19258,866,606,CO_RETARD,40
19259,606,762,CO_RETARD,41
19260,762,4442,CO_RETARD,41
19261,4442,4482,CO_RETARD,41
19262,4482,744,CO_RETARD,41
19263,744,3192,CO_RETARD,41
19264,3192,2225,CO_RETARD,41
19265,2225,2511,CO_RETARD,41
19266,2511,4245,CO_RETARD,41
19267,4245,3773,CO_RETARD,41
19268,3773,3093,CO_RETARD,41
19269,3093,4294,CO_RETARD,41
19270,4294,3354,CO_RETARD,41
19271,3354,3679,CO_RETARD,41
19272,3679,3028,CO_RETARD,41
19273,3028,3893,CO_RETARD,41
19274,3893,887,CO_RETARD,41
19275,887,3518,CO_RETARD,41
19276,3518,3892,CO_RETARD,41
19277,3892,1503,CO_RETARD,41
19278,1503,4800,CO_RETARD,41
19279,4800,4500,CO_RETARD,41
19280,4500,2497,CO_RETARD,41
19281,2497,2456,CO_RETARD,41
19282,2456,3614,CO_RETARD,41
19283,3614,1585,CO_RETARD,41
19284,1585,1262,CO_RETARD,41
19285,1262,1487,CO_RETARD,41
19286,1487,1496,CO_RETARD,41
19287,1496,4162,CO_RETARD,41
19288,4162,2355,CO_RETARD,41
19289,2355,1864,CO_RETARD,41
19290,1864,4388,CO_RETARD,41
19291,4388,3880,CO_RETARD,41
19292,3880,488,CO_RETARD,41
19293,488,4719,CO_RETARD,41
19294,4719,4447,CO_RETARD,41
19295,4447,4499,CO_RETARD,41
19296,4499,3236,CO_RETARD,41
19297,3236,2378,CO_RETARD,41
19298,2378,2912,CO_RETARD,41
19299,2912,1679,CO_RETARD,41
19300,1679,1476,CO_RETARD,41
19301,1476,3026,CO_RETARD,41
19302,3026,3730,CO_RETARD,41
19303,3730,3802,CO_RETARD,41
19304,3802,4179,CO_RETARD,41
19305,4179,243,CO_RETARD,41
19306,243,245,CO_RETARD,41
19307,245,1443,CO_RETARD,41
19308,1443,1235,CO_RETARD,41
19309,1235,1128,CO_RETARD,41
19310,1128,3052,CO_RETARD,41
19311,3052,1745,CO_RETARD,41
19312,1745,1750,CO_RETARD,41
19313,1750,4025,CO_RETARD,41
19314,4025,4263,CO_RETARD,41
19315,4263,2562,CO_RETARD,41
19316,2562,4147,CO_RETARD,41
19317,4147,2887,CO_RETARD,41
19318,2887,4887,CO_RETARD,41
19319,4887,1188,CO_RETARD,41
19320,1188,3858,CO_RETARD,41
19321,3858,3180,CO_RETARD,41
19322,3180,3200,CO_RETARD,41
19323,3200,4555,CO_RETARD,41
19324,4555,2932,CO_RETARD,41
19325,2932,4303,CO_RETARD,41
19326,4303,3345,CO_RETARD,41
19327,3345,3772,CO_RETARD,41
19328,3772,2874,CO_RETARD,41
19329,2874,1945,CO_RETARD,41
19330,1945,4873,CO_RETARD,41
19331,4873,4578,CO_RETARD,41
19332,4578,3006,CO_RETARD,41
19333,3006,4514,CO_RETARD,41
19334,4514,663,CO_RETARD,41
19335,663,2697,CO_RETARD,41
19336,2697,4459,CO_RETARD,41
19337,4459,4298,CO_RETARD,41
19338,4298,4474,CO_RETARD,41
19339,4474,659,CO_RETARD,41
19340,659,3070,CO_RETARD,41
19341,3070,4187,CO_RETARD,41
19342,4187,4305,CO_RETARD,41
19343,4305,2822,CO_RETARD,41
19344,2822,1007,CO_RETARD,41
19345,1007,4610,CO_RETARD,41
19346,4610,2343,CO_RETARD,41
19347,2343,3747,CO_RETARD,41
19348,3747,1642,CO_RETARD,41
19349,1642,1343,CO_RETARD,41
19350,1343,4587,CO_RETARD,41
19351,4587,2896,CO_RETARD,41
19352,2896,707,CO_RETARD,41
19353,707,4185,CO_RETARD,41
19354,4185,4566,CO_RETARD,41
19355,4566,1796,CO_RETARD,41
19356,1796,1328,CO_RETARD,41
19357,1328,4146,CO_RETARD,41
19358,4146,4700,CO_RETARD,41
19359,4700,75,CO_RETARD,41
19360,75,58,CO_RETARD,42
19361,58,2947,CO_RETARD,42
19362,2947,1542,CO_RETARD,42
19363,1542,260,CO_RETARD,42
19364,260,3597,CO_RETARD,42
19365,3597,3540,CO_RETARD,42
19366,3540,687,CO_RETARD,42
19367,687,2594,CO_RETARD,42
19368,2594,2626,CO_RETARD,42
19369,2626,577,CO_RETARD,42
19370,577,4872,CO_RETARD,42
19371,4872,3095,CO_RETARD,42
19372,3095,4086,CO_RETARD,42
19373,4086,3582,CO_RETARD,42
19374,3582,1706,CO_RETARD,42
19375,1706,2381,CO_RETARD,42
19376,2381,1207,CO_RETARD,42
19377,1207,4845,CO_RETARD,42
19378,4845,3776,CO_RETARD,42
19379,3776,2745,CO_RETARD,42
19380,2745,3941,CO_RETARD,42
19381,3941,3111,CO_RETARD,42
19382,3111,2628,CO_RETARD,42
19383,2628,1884,CO_RETARD,42
19384,1884,2644,CO_RETARD,42
19385,2644,2629,CO_RETARD,42
19386,2629,683,CO_RETARD,42
19387,683,3080,CO_RETARD,42
19388,3080,2717,CO_RETARD,42
19389,2717,4546,CO_RETARD,42
19390,4546,4814,CO_RETARD,42
19391,4814,1466,CO_RETARD,42
19392,1466,4029,CO_RETARD,42
19393,4029,855,CO_RETARD,42
19394,855,2634,CO_RETARD,42
19395,2634,4081,CO_RETARD,42
19396,4081,4704,CO_RETARD,42
19397,4704,2570,CO_RETARD,42
19398,2570,520,CO_RETARD,42
19399,520,4930,CO_RETARD,42
19400,4930,162,CO_RETARD,42
19401,162,3092,CO_RETARD,42
19402,3092,4414,CO_RETARD,42
19403,4414,39,CO_RETARD,42
19404,39,1650,CO_RETARD,42
19405,1650,3968,CO_RETARD,42
19406,3968,2517,CO_RETARD,42
19407,2517,3449,CO_RETARD,42
19408,3449,933,CO_RETARD,42
19409,933,715,CO_RETARD,42
19410,715,3470,CO_RETARD,42
19411,3470,1776,CO_RETARD,42
19412,1776,557,CO_RETARD,42
19413,557,4404,CO_RETARD,42
19414,4404,4670,CO_RETARD,42
19415,4670,1991,CO_RETARD,42
19416,1991,4876,CO_RETARD,42
19417,4876,2372,CO_RETARD,42
19418,2372,1195,CO_RETARD,42
19419,1195,2257,CO_RETARD,42
19420,2257,4308,CO_RETARD,42
19421,4308,2520,CO_RETARD,42
19422,2520,2981,CO_RETARD,42
19423,2981,2474,CO_RETARD,42
19424,2474,3840,CO_RETARD,42
19425,3840,449,CO_RETARD,42
19426,449,2727,CO_RETARD,42
19427,2727,2571,CO_RETARD,42
19428,2571,1817,CO_RETARD,42
19429,1817,229,CO_RETARD,42
19430,229,322,CO_RETARD,42
19431,322,2828,CO_RETARD,42
19432,2828,4302,CO_RETARD,42
19433,4302,433,CO_RETARD,42
19434,433,3948,CO_RETARD,42
19435,3948,4811,CO_RETARD,42
19436,4811,4439,CO_RETARD,42
19437,4439,655,CO_RETARD,42
19438,655,618,CO_RETARD,42
19439,618,4594,CO_RETARD,42
19440,4594,2656,CO_RETARD,42
19441,2656,2996,CO_RETARD,42
19442,2996,2022,CO_RETARD,42
19443,2022,1481,CO_RETARD,42
19444,1481,3622,CO_RETARD,42
19445,3622,343,CO_RETARD,42
19446,343,3838,CO_RETARD,42
19447,3838,2783,CO_RETARD,42
19448,2783,1889,CO_RETARD,42
19449,1889,1586,CO_RETARD,42
19450,1586,265,CO_RETARD,42
19451,265,4369,CO_RETARD,42
19452,4369,2988,CO_RETARD,42
19453,2988,1977,CO_RETARD,42
19454,1977,752,CO_RETARD,43
19455,752,2305,CO_RETARD,43
19456,2305,1219,CO_RETARD,43
19457,1219,4624,CO_RETARD,43
19458,4624,2246,CO_RETARD,43
19459,2246,4731,CO_RETARD,43
19460,4731,2757,CO_RETARD,43
19461,2757,377,CO_RETARD,43
19462,377,2147,CO_RETARD,43
19463,2147,1682,CO_RETARD,43
19464,1682,3760,CO_RETARD,43
19465,3760,2739,CO_RETARD,43
19466,2739,4538,CO_RETARD,43
19467,4538,2662,CO_RETARD,43
19468,2662,2744,CO_RETARD,43
19469,2744,1047,CO_RETARD,43
19470,1047,3513,CO_RETARD,43
19471,3513,2655,CO_RETARD,43
19472,2655,3615,CO_RETARD,43
19473,3615,863,CO_RETARD,43
19474,863,2944,CO_RETARD,43
19475,2944,860,CO_RETARD,43
19476,860,1184,CO_RETARD,43
19477,1184,4017,CO_RETARD,43
19478,4017,2862,CO_RETARD,43
19479,2862,69,CO_RETARD,43
19480,69,2476,CO_RETARD,43
19481,2476,2027,CO_RETARD,43
19482,2027,496,CO_RETARD,43
19483,496,580,CO_RETARD,43
19484,580,1299,CO_RETARD,43
19485,1299,3380,CO_RETARD,43
19486,3380,2765,CO_RETARD,43
19487,2765,3660,CO_RETARD,43
19488,3660,4408,CO_RETARD,43
19489,4408,4729,CO_RETARD,43
19490,4729,807,CO_RETARD,43
19491,807,4681,CO_RETARD,43
19492,4681,1255,CO_RETARD,43
19493,1255,1854,CO_RETARD,43
19494,1854,2294,CO_RETARD,43
19495,2294,2797,CO_RETARD,43
19496,2797,1171,CO_RETARD,43
19497,1171,4609,CO_RETARD,43
19498,4609,4673,CO_RETARD,43
19499,4673,786,CO_RETARD,43
19500,786,51,CO_RETARD,43
19501,51,128,CO_RETARD,43
19502,128,3196,CO_RETARD,43
19503,3196,4767,CO_RETARD,43
19504,4767,746,CO_RETARD,43
19505,746,1226,CO_RETARD,43
19506,1226,753,CO_RETARD,43
19507,753,1130,CO_RETARD,43
19508,1130,2832,CO_RETARD,43
19509,2832,2646,CO_RETARD,43
19510,2646,2704,CO_RETARD,43
19511,2704,1304,CO_RETARD,43
19512,1304,1006,CO_RETARD,43
19513,1006,3407,CO_RETARD,43
19514,3407,4070,CO_RETARD,43
19515,4070,4078,CO_RETARD,43
19516,4078,3570,CO_RETARD,43
19517,3570,2991,CO_RETARD,43
19518,2991,3125,CO_RETARD,43
19519,3125,3374,CO_RETARD,43
19520,3374,3906,CO_RETARD,43
19521,3906,4122,CO_RETARD,43
19522,4122,2442,CO_RETARD,43
19523,2442,2516,CO_RETARD,43
19524,2516,586,CO_RETARD,43
19525,586,2693,CO_RETARD,43
19526,2693,548,CO_RETARD,43
19527,548,4632,CO_RETARD,43
19528,4632,3324,CO_RETARD,43
19529,3324,4183,CO_RETARD,43
19530,4183,4853,CO_RETARD,43
19531,4853,501,CO_RETARD,43
19532,501,2425,CO_RETARD,43
19533,2425,3821,CO_RETARD,43
19534,3821,4288,CO_RETARD,43
19535,4288,867,CO_RETARD,43
19536,867,1148,CO_RETARD,43
19537,1148,3452,CO_RETARD,43
19538,3452,4849,CO_RETARD,43
19539,4849,2653,CO_RETARD,43
19540,2653,1462,CO_RETARD,43
19541,1462,2058,CO_RETARD,43
19542,2058,2213,CO_RETARD,43
19543,2213,227,CO_RETARD,43
19544,227,2084,CO_RETARD,43
19545,2084,587,CO_RETARD,43
19546,587,2402,CO_RETARD,44
19547,2402,2719,CO_RETARD,44
19548,2719,532,CO_RETARD,44
19549,532,3088,CO_RETARD,44
19550,3088,405,CO_RETARD,44
19551,405,2849,CO_RETARD,44
19552,2849,3271,CO_RETARD,44
19553,3271,4310,CO_RETARD,44
19554,4310,3455,CO_RETARD,44
19555,3455,837,CO_RETARD,44
19556,837,2139,CO_RETARD,44
19557,2139,4643,CO_RETARD,44
19558,4643,2174,CO_RETARD,44
19559,2174,1978,CO_RETARD,44
19560,1978,2595,CO_RETARD,44
19561,2595,3298,CO_RETARD,44
19562,3298,2786,CO_RETARD,44
19563,2786,3328,CO_RETARD,44
19564,3328,4806,CO_RETARD,44
19565,4806,583,CO_RETARD,44
19566,583,378,CO_RETARD,44
19567,378,16,CO_RETARD,44
19568,16,4521,CO_RETARD,44
19569,4521,68,CO_RETARD,44
19570,68,4991,CO_RETARD,44
19571,4991,4436,CO_RETARD,44
19572,4436,4878,CO_RETARD,44
19573,4878,3724,CO_RETARD,44
19574,3724,2937,CO_RETARD,44
19575,2937,4481,CO_RETARD,44
19576,4481,464,CO_RETARD,44
19577,464,1821,CO_RETARD,44
19578,1821,675,CO_RETARD,44
19579,675,545,CO_RETARD,44
19580,545,2079,CO_RETARD,44
19581,2079,490,CO_RETARD,44
19582,490,4315,CO_RETARD,44
19583,4315,3500,CO_RETARD,44
19584,3500,3310,CO_RETARD,44
19585,3310,3480,CO_RETARD,44
19586,3480,1427,CO_RETARD,44
19587,1427,3364,CO_RETARD,44
19588,3364,1658,CO_RETARD,44
19589,1658,2537,CO_RETARD,44
19590,2537,3060,CO_RETARD,44
19591,3060,1111,CO_RETARD,44
19592,1111,2405,CO_RETARD,44
19593,2405,3568,CO_RETARD,44
19594,3568,3133,CO_RETARD,44
19595,3133,2754,CO_RETARD,44
19596,2754,1759,CO_RETARD,44
19597,1759,783,CO_RETARD,44
19598,783,4581,CO_RETARD,44
19599,4581,2182,CO_RETARD,44
19600,2182,3112,CO_RETARD,44
19601,3112,893,CO_RETARD,44
19602,893,4178,CO_RETARD,44
19603,4178,3939,CO_RETARD,44
19604,3939,4535,CO_RETARD,44
19605,4535,4622,CO_RETARD,44
19606,4622,2698,CO_RETARD,44
19607,2698,2036,CO_RETARD,44
19608,2036,4621,CO_RETARD,44
19609,4621,596,CO_RETARD,44
19610,596,3137,CO_RETARD,44
19611,3137,2554,CO_RETARD,44
19612,2554,2583,CO_RETARD,44
19613,2583,2640,CO_RETARD,44
19614,2640,4059,CO_RETARD,44
19615,4059,445,CO_RETARD,44
19616,445,3102,CO_RETARD,44
19617,3102,4787,CO_RETARD,44
19618,4787,1062,CO_RETARD,44
19619,1062,3130,CO_RETARD,44
19620,3130,2696,CO_RETARD,44
19621,2696,371,CO_RETARD,44
19622,371,2793,CO_RETARD,44
19623,2793,3033,CO_RETARD,44
19624,3033,93,CO_RETARD,44
19625,93,2900,CO_RETARD,44
19626,2900,2097,CO_RETARD,44
19627,2097,4640,CO_RETARD,45
19628,4640,3489,CO_RETARD,45
19629,3489,524,CO_RETARD,45
19630,524,3211,CO_RETARD,45
19631,3211,3323,CO_RETARD,45
19632,3323,1147,CO_RETARD,45
19633,1147,2183,CO_RETARD,45
19634,2183,1166,CO_RETARD,45
19635,1166,4568,CO_RETARD,45
19636,4568,289,CO_RETARD,45
19637,289,382,CO_RETARD,45
19638,382,252,CO_RETARD,45
19639,252,2915,CO_RETARD,45
19640,2915,235,CO_RETARD,45
19641,235,2387,CO_RETARD,45
19642,2387,3993,CO_RETARD,45
19643,3993,3487,CO_RETARD,45
19644,3487,2018,CO_RETARD,45
19645,2018,3633,CO_RETARD,45
19646,3633,2685,CO_RETARD,45
19647,2685,4132,CO_RETARD,45
19648,4132,422,CO_RETARD,45
19649,422,4012,CO_RETARD,45
19650,4012,1477,CO_RETARD,45
19651,1477,47,CO_RETARD,45
19652,47,989,CO_RETARD,45
19653,989,2878,CO_RETARD,45
19654,2878,4182,CO_RETARD,45
19655,4182,4763,CO_RETARD,45
19656,4763,4254,CO_RETARD,45
19657,4254,1435,CO_RETARD,45
19658,1435,3967,CO_RETARD,45
19659,3967,1723,CO_RETARD,45
19660,1723,2397,CO_RETARD,45
19661,2397,4163,CO_RETARD,45
19662,4163,430,CO_RETARD,45
19663,430,3147,CO_RETARD,45
19664,3147,3759,CO_RETARD,45
19665,3759,246,CO_RETARD,45
19666,246,406,CO_RETARD,45
19667,406,2683,CO_RETARD,45
19668,2683,3085,CO_RETARD,45
19669,3085,566,CO_RETARD,45
19670,566,595,CO_RETARD,45
19671,595,621,CO_RETARD,45
19672,621,1510,CO_RETARD,45
19673,1510,1172,CO_RETARD,45
19674,1172,2178,CO_RETARD,45
19675,2178,1724,CO_RETARD,45
19676,1724,4270,CO_RETARD,45
19677,4270,1387,CO_RETARD,45
19678,1387,4175,CO_RETARD,45
19679,4175,1792,CO_RETARD,45
19680,1792,478,CO_RETARD,45
19681,478,3414,CO_RETARD,45
19682,3414,1958,CO_RETARD,45
19683,1958,2242,CO_RETARD,45
19684,2242,3091,CO_RETARD,45
19685,3091,3051,CO_RETARD,45
19686,3051,2328,CO_RETARD,45
19687,2328,1437,CO_RETARD,45
19688,1437,4138,CO_RETARD,45
19689,4138,1886,CO_RETARD,45
19690,1886,3961,CO_RETARD,45
19691,3961,1191,CO_RETARD,45
19692,1191,385,CO_RETARD,45
19693,385,4634,CO_RETARD,45
19694,4634,2410,CO_RETARD,45
19695,2410,3814,CO_RETARD,45
19696,3814,3445,CO_RETARD,45
19697,3445,3729,CO_RETARD,45
19698,3729,4552,CO_RETARD,45
19699,4552,2223,CO_RETARD,45
19700,2223,298,CO_RETARD,45
19701,298,2050,CO_RETARD,45
19702,2050,3936,CO_RETARD,45
19703,3936,3912,CO_RETARD,45
19704,3912,2526,CO_RETARD,45
19705,2526,2750,CO_RETARD,45
19706,2750,3731,CO_RETARD,45
19707,3731,366,CO_RETARD,45
19708,366,1264,CO_RETARD,45
19709,1264,21,CO_RETARD,45
19710,21,1234,CO_RETARD,45
19711,1234,2093,CO_RETARD,45
19712,2093,1771,CO_RETARD,45
19713,1771,1911,CO_RETARD,45
19714,1911,291,CO_RETARD,45
19715,291,4844,CO_RETARD,45
19716,4844,4377,CO_RETARD,45
19717,4377,1832,CO_RETARD,45
19718,1832,3714,CO_RETARD,45
19719,3714,3901,CO_RETARD,45
19720,3901,4583,CO_RETARD,45
19721,4583,2303,CO_RETARD,45
19722,2303,4818,CO_RETARD,45
19723,4818,1596,CO_RETARD,45
19724,1596,3001,CO_RETARD,45
19725,3001,1728,CO_RETARD,45
19726,1728,4590,CO_RETARD,45
19727,4590,2358,CO_RETARD,45
19728,2358,1758,CO_RETARD,45
19729,1758,931,CO_RETARD,45
19730,931,2791,CO_RETARD,45
19731,2791,4333,CO_RETARD,45
19732,4333,1636,CO_RETARD,45
19733,1636,2001,CO_RETARD,45
19734,2001,3032,CO_RETARD,45
19735,3032,1808,CO_RETARD,45
19736,1808,2374,CO_RETARD,45
19737,2374,2025,CO_RETARD,45
19738,2025,4564,CO_RETARD,45
19739,4564,944,CO_RETARD,46
19740,944,3561,CO_RETARD,46
19741,3561,1379,CO_RETARD,46
19742,1379,757,CO_RETARD,46
19743,757,3071,CO_RETARD,46
19744,3071,2403,CO_RETARD,46
19745,2403,2564,CO_RETARD,46
19746,2564,2558,CO_RETARD,46
19747,2558,210,CO_RETARD,46
19748,210,939,CO_RETARD,46
19749,939,4965,CO_RETARD,46
19750,4965,3040,CO_RETARD,46
19751,3040,1621,CO_RETARD,46
19752,1621,1278,CO_RETARD,46
19753,1278,1505,CO_RETARD,46
19754,1505,3424,CO_RETARD,46
19755,3424,22,CO_RETARD,46
19756,22,691,CO_RETARD,46
19757,691,4986,CO_RETARD,46
19758,4986,1450,CO_RETARD,46
19759,1450,175,CO_RETARD,46
19760,175,627,CO_RETARD,46
19761,627,1765,CO_RETARD,46
19762,1765,952,CO_RETARD,46
19763,952,1620,CO_RETARD,46
19764,1620,3985,CO_RETARD,46
19765,3985,1628,CO_RETARD,46
19766,1628,202,CO_RETARD,46
19767,202,2880,CO_RETARD,46
19768,2880,4563,CO_RETARD,46
19769,4563,1965,CO_RETARD,46
19770,1965,4284,CO_RETARD,46
19771,4284,151,CO_RETARD,46
19772,151,2807,CO_RETARD,46
19773,2807,1544,CO_RETARD,46
19774,1544,1149,CO_RETARD,46
19775,1149,822,CO_RETARD,46
19776,822,3473,CO_RETARD,46
19777,3473,3149,CO_RETARD,46
19778,3149,2017,CO_RETARD,46
19779,2017,1348,CO_RETARD,46
19780,1348,4896,CO_RETARD,46
19781,4896,816,CO_RETARD,46
19782,816,1228,CO_RETARD,46
19783,1228,1616,CO_RETARD,46
19784,1616,2579,CO_RETARD,46
19785,2579,109,CO_RETARD,46
19786,109,3988,CO_RETARD,46
19787,3988,2341,CO_RETARD,46
19788,2341,1201,CO_RETARD,46
19789,1201,4321,CO_RETARD,46
19790,4321,3444,CO_RETARD,46
19791,3444,1663,CO_RETARD,46
19792,1663,4758,CO_RETARD,46
19793,4758,915,CO_RETARD,46
19794,915,1713,CO_RETARD,46
19795,1713,4361,CO_RETARD,46
19796,4361,2870,CO_RETARD,46
19797,2870,1598,CO_RETARD,46
19798,1598,1809,CO_RETARD,46
19799,1809,4833,CO_RETARD,46
19800,4833,4460,CO_RETARD,46
19801,4460,507,CO_RETARD,46
19802,507,4210,CO_RETARD,46
19803,4210,215,CO_RETARD,46
19804,215,2687,CO_RETARD,46
19805,2687,2614,CO_RETARD,46
19806,2614,350,CO_RETARD,46
19807,350,3159,CO_RETARD,46
19808,3159,3587,CO_RETARD,46
19809,3587,388,CO_RETARD,46
19810,388,3946,CO_RETARD,46
19811,3946,3053,CO_RETARD,46
19812,3053,4375,CO_RETARD,46
19813,4375,3770,CO_RETARD,46
19814,3770,4858,CO_RETARD,46
19815,4858,771,CO_RETARD,46
19816,771,3138,CO_RETARD,46
19817,3138,3311,CO_RETARD,46
19818,3311,2747,CO_RETARD,46
19819,2747,1361,CO_RETARD,46
19820,1361,179,CO_RETARD,46
19821,179,1619,CO_RETARD,47
19822,1619,1956,CO_RETARD,47
19823,1956,2393,CO_RETARD,47
19824,2393,4195,CO_RETARD,47
19825,4195,3396,CO_RETARD,47
19826,3396,2632,CO_RETARD,47
19827,2632,1572,CO_RETARD,47
19828,1572,1198,CO_RETARD,47
19829,1198,170,CO_RETARD,47
19830,170,118,CO_RETARD,47
19831,118,3546,CO_RETARD,47
19832,3546,894,CO_RETARD,47
19833,894,1971,CO_RETARD,47
19834,1971,3059,CO_RETARD,47
19835,3059,3526,CO_RETARD,47
19836,3526,4869,CO_RETARD,47
19837,4869,1740,CO_RETARD,47
19838,1740,4855,CO_RETARD,47
19839,4855,3866,CO_RETARD,47
19840,3866,4532,CO_RETARD,47
19841,4532,1014,CO_RETARD,47
19842,1014,653,CO_RETARD,47
19843,653,2235,CO_RETARD,47
19844,2235,1778,CO_RETARD,47
19845,1778,1315,CO_RETARD,47
19846,1315,1590,CO_RETARD,47
19847,1590,1557,CO_RETARD,47
19848,1557,1310,CO_RETARD,47
19849,1310,4092,CO_RETARD,47
19850,4092,679,CO_RETARD,47
19851,679,2268,CO_RETARD,47
19852,2268,3438,CO_RETARD,47
19853,3438,1735,CO_RETARD,47
19854,1735,4266,CO_RETARD,47
19855,4266,4542,CO_RETARD,47
19856,4542,1837,CO_RETARD,47
19857,1837,2913,CO_RETARD,47
19858,2913,2763,CO_RETARD,47
19859,2763,3508,CO_RETARD,47
19860,3508,906,CO_RETARD,47
19861,906,4470,CO_RETARD,47
19862,4470,4200,CO_RETARD,47
19863,4200,1828,CO_RETARD,47
19864,1828,223,CO_RETARD,47
19865,223,2504,CO_RETARD,47
19866,2504,1630,CO_RETARD,47
19867,1630,4172,CO_RETARD,47
19868,4172,4660,CO_RETARD,47
19869,4660,3024,CO_RETARD,47
19870,3024,3442,CO_RETARD,47
19871,3442,4679,CO_RETARD,47
19872,4679,1996,CO_RETARD,47
19873,1996,347,CO_RETARD,47
19874,347,1153,CO_RETARD,47
19875,1153,1755,CO_RETARD,47
19876,1755,3616,CO_RETARD,47
19877,3616,494,CO_RETARD,47
19878,494,3490,CO_RETARD,47
19879,3490,772,CO_RETARD,47
19880,772,4004,CO_RETARD,48
19881,4004,3506,CO_RETARD,48
19882,3506,1562,CO_RETARD,48
19883,1562,1754,CO_RETARD,48
19884,1754,4483,CO_RETARD,48
19885,4483,2475,CO_RETARD,48
19886,2475,3195,CO_RETARD,48
19887,3195,985,CO_RETARD,48
19888,985,3704,CO_RETARD,48
19889,3704,1870,CO_RETARD,48
19890,1870,506,CO_RETARD,48
19891,506,777,CO_RETARD,48
19892,777,3423,CO_RETARD,48
19893,3423,4416,CO_RETARD,48
19894,4416,4625,CO_RETARD,48
19895,4625,3815,CO_RETARD,48
19896,3815,3983,CO_RETARD,48
19897,3983,2069,CO_RETARD,48
19898,2069,3283,CO_RETARD,48
19899,3283,4605,CO_RETARD,48
19900,4605,1603,CO_RETARD,48
19901,1603,4228,CO_RETARD,48
19902,4228,2304,CO_RETARD,48
19903,2304,4764,CO_RETARD,48
19904,4764,4823,CO_RETARD,48
19905,4823,2241,CO_RETARD,48
19906,2241,533,CO_RETARD,48
19907,533,3075,CO_RETARD,48
19908,3075,1112,CO_RETARD,48
19909,1112,486,CO_RETARD,48
19910,486,2217,CO_RETARD,48
19911,2217,4697,CO_RETARD,48
19912,4697,978,CO_RETARD,48
19913,978,1777,CO_RETARD,48
19914,1777,2560,CO_RETARD,48
19915,2560,2598,CO_RETARD,48
19916,2598,1691,CO_RETARD,48
19917,1691,526,CO_RETARD,48
19918,526,4682,CO_RETARD,48
19919,4682,3733,CO_RETARD,48
19920,3733,3316,CO_RETARD,48
19921,3316,1827,CO_RETARD,48
19922,1827,981,CO_RETARD,48
19923,981,4652,CO_RETARD,48
19924,4652,3696,CO_RETARD,48
19925,3696,1824,CO_RETARD,48
19926,1824,2633,CO_RETARD,48
19927,2633,393,CO_RETARD,48
19928,393,1790,CO_RETARD,48
19929,1790,4352,CO_RETARD,48
19930,4352,137,CO_RETARD,48
19931,137,3277,CO_RETARD,48
19932,3277,3158,CO_RETARD,48
19933,3158,1144,CO_RETARD,48
19934,1144,4942,CO_RETARD,48
19935,4942,400,CO_RETARD,48
19936,400,799,CO_RETARD,48
19937,799,2686,CO_RETARD,48
19938,2686,2295,CO_RETARD,48
19939,2295,2848,CO_RETARD,48
19940,2848,3003,CO_RETARD,48
19941,3003,2210,CO_RETARD,48
19942,2210,2550,CO_RETARD,48
19943,2550,497,CO_RETARD,48
19944,497,554,CO_RETARD,48
19945,554,3224,CO_RETARD,48
19946,3224,1583,CO_RETARD,48
19947,1583,1168,CO_RETARD,48
19948,1168,3567,CO_RETARD,48
19949,3567,2218,CO_RETARD,49
19950,2218,4629,CO_RETARD,49
19951,4629,2506,CO_RETARD,49
19952,2506,2834,CO_RETARD,49
19953,2834,307,CO_RETARD,49
19954,307,1221,CO_RETARD,49
19955,1221,4549,CO_RETARD,49
19956,4549,639,CO_RETARD,49
19957,639,1124,CO_RETARD,49
19958,1124,4865,CO_RETARD,49
19959,4865,4630,CO_RETARD,49
19960,4630,761,CO_RETARD,49
19961,761,1885,CO_RETARD,49
19962,1885,3099,CO_RETARD,49
19963,3099,3214,CO_RETARD,49
19964,3214,2542,CO_RETARD,49
19965,2542,4941,CO_RETARD,49
19966,4941,3972,CO_RETARD,49
19967,3972,3025,CO_RETARD,49
19968,3025,4410,CO_RETARD,49
19969,4410,145,CO_RETARD,49
19970,145,1655,CO_RETARD,49
19971,1655,550,CO_RETARD,49
19972,550,628,CO_RETARD,49
19973,628,1026,CO_RETARD,49
19974,1026,1079,CO_RETARD,49
19975,1079,2951,CO_RETARD,49
19976,2951,3307,CO_RETARD,49
